Orden;Bloque;Apartado;Titulo;Origen;Preguntas;Valoracion;Minimo;CubiertoPor;Estado;Motivo;Revisado;FuentesOficiales
01;welcome;platform-model;El modelo mental de Dynatrace;original;1;requiere;1;;OK;Afirma que entidad, relación Smartscape y Problem conectan un síntoma (CPU) con proceso, servicio y experiencia afectada: dato verificable no preguntado aún.;2026-10-02;https://university.dynatrace.com/learn/public/learning_plan/view/47/dynatrace-associate-certification-learning-plan | https://community.dynatrace.com/pssft35649/attachments/pssft35649/GetStarted/1351/1/Associate_Certification_Learning_Path_2025.pdf | https://docs.dynatrace.com/docs/discover-dynatrace/what-is-dynatrace
01;welcome;investigation-loop;Bucle de investigación;original;1;requiere;1;;OK;"Contenido evaluable en el examen; ya tiene preguntas revisadas y respaldadas por una frase literal del apartado (auditoría oct 2026).";2026-10-02;https://community.dynatrace.com/pssft35649/attachments/pssft35649/GetStarted/1351/1/Associate_Certification_Learning_Path_2025.pdf | https://docs.dynatrace.com/docs/discover-dynatrace/what-is-dynatrace | https://docs.dynatrace.com/docs/platform
01;welcome;terminology;Terminología que no debes mezclar;original;2;requiere;2;;OK;"La tabla de conceptos incluye datos no evaluados en el bloque (DPL sirve para parsing frente a DQL; Business Event como hecho de negocio).";2026-10-02;https://docs.dynatrace.com/docs/discover-dynatrace/what-is-dynatrace | https://docs.dynatrace.com/docs/platform | https://docs.dynatrace.com/docs/platform/grail
01;welcome;study-method;Cómo usar esta aplicación;original;0;no-requiere;0;;NO REQUIERE;"Describe cómo usar la app (lectura, quiz, repaso, simulacro); no contiene ningún dato de Dynatrace verificable.";2026-10-02;https://docs.dynatrace.com/docs/platform | https://docs.dynatrace.com/docs/platform/grail | https://docs.dynatrace.com/docs/platform/grail/dynatrace-grail
01;welcome;deep-dynatrace-101;Dynatrace 101: Arquitectura y Fundamentos de la Plataforma;original;2;requiere;2;;OK;Además de lo ya cubierto, aporta los tipos de AI de Dynatrace Intelligence (predictive/generative) y que DPS sustituye a Host Units y DEM units.;2026-10-02;https://university.dynatrace.com/learn/public/learning_plan/view/47/dynatrace-associate-certification-learning-plan | https://community.dynatrace.com/pssft35649/attachments/pssft35649/GetStarted/1351/1/Associate_Certification_Learning_Path_2025.pdf | https://docs.dynatrace.com/docs/discover-dynatrace/what-is-dynatrace
01;welcome;sup-grail-dql;Grail y DQL: un único almacén y un lenguaje en pipeline;nuevo;8;requiere;1;;OK;"Contenido evaluable en el examen; ya tiene preguntas revisadas y respaldadas por una frase literal del apartado (auditoría oct 2026).";2026-10-02;https://docs.dynatrace.com/docs/platform/grail | https://docs.dynatrace.com/docs/platform/grail/dynatrace-grail | https://docs.dynatrace.com/docs/platform/grail/dynatrace-query-language | https://docs.dynatrace.com/docs/platform/grail/dynatrace-query-language/dql-guide | https://docs.dynatrace.com/docs/platform/grail/dynatrace-query-language/commands/metric-commands
01;welcome;sup-buckets-permissions;Buckets, retención y permisos en Grail;nuevo;6;requiere;1;;OK;"Contenido evaluable en el examen; ya tiene preguntas revisadas y respaldadas por una frase literal del apartado (auditoría oct 2026).";2026-10-02;https://docs.dynatrace.com/docs/platform/grail/organize-data | https://docs.dynatrace.com/docs/platform/grail/organize-data/assign-permissions-in-grail | https://docs.dynatrace.com/docs/platform/upgrade/foundations/upgrade-guide-segments
01;welcome;sup-openpipeline;OpenPipeline: procesar antes de almacenar;nuevo;3;requiere;1;;OK;"Contenido evaluable en el examen; ya tiene preguntas revisadas y respaldadas por una frase literal del apartado (auditoría oct 2026).";2026-10-02;https://docs.dynatrace.com/docs/platform/openpipeline | https://docs.dynatrace.com/docs/platform/openpipeline/concepts/processing | https://docs.dynatrace.com/docs/platform/grail/organize-data/assign-permissions-in-grail
01;welcome;sup-smartscape;Smartscape: entidades, tiers y relaciones;nuevo;9;requiere;1;;OK;"Contenido evaluable en el examen; ya tiene preguntas revisadas y respaldadas por una frase literal del apartado (auditoría oct 2026).";2026-10-02;https://docs.dynatrace.com/docs/analyze-explore-automate/smartscape-classic | https://docs.dynatrace.com/docs/discover-dynatrace/platform/grail/smartscape-on-grail | https://docs.dynatrace.com/docs/observe/infrastructure-observability/process-groups | https://docs.dynatrace.com/docs/observe/application-observability/services-classic/service-flow | https://docs.dynatrace.com/docs/observe/application-observability/services-classic/service-flow/service-flow-filtering | https://docs.dynatrace.com/docs/platform/oneagent/how-one-agent-works
01;welcome;sup-oneagent;OneAgent, ActiveGate y OpenTelemetry;nuevo;11;requiere;1;;OK;"Contenido evaluable en el examen; ya tiene preguntas revisadas y respaldadas por una frase literal del apartado (auditoría oct 2026).";2026-10-02;https://docs.dynatrace.com/docs/platform/oneagent/how-one-agent-works | https://docs.dynatrace.com/docs/ingest-from/dynatrace-oneagent/installation-and-operation/linux/installation/install-oneagent-on-linux | https://docs.dynatrace.com/docs/platform/oneagent/monitoring-modes/monitoring-modes | https://docs.dynatrace.com/docs/analyze-explore-automate/logs/lma-log-ingestion/lma-log-ingestion-via-oa/lma-log-data-transformation-oa | https://docs.dynatrace.com/docs/ingest-from/dynatrace-activegate | https://docs.dynatrace.com/docs/ingest-from/opentelemetry/otlp-api | https://docs.dynatrace.com/docs/observe/application-observability/distributed-tracing/tracking-transactions
01;welcome;sup-dps;Dynatrace Platform Subscription (DPS): consumo por capability;nuevo;9;requiere;1;;OK;"Contenido evaluable en el examen; ya tiene preguntas revisadas y respaldadas por una frase literal del apartado (auditoría oct 2026).";2026-10-02;https://docs.dynatrace.com/docs/manage/subscriptions-and-licensing/dynatrace-platform-subscription | https://docs.dynatrace.com/docs/license/capabilities-and-units | https://docs.dynatrace.com/docs/manage/account-management/license-subscription/subscription-overview-dps | https://docs.dynatrace.com/docs/ingest-from/dynatrace-oneagent/adaptive-traffic-management/adaptive-traffic-management-saas-dps
01;welcome;deep-data-to-decision;De la telemetría a una decisión operativa;original;1;requiere;1;;OK;Distingue tipos de señal (métrica, log, trace, user event, security finding) con record types distintos, evaluable con DQL.;2026-10-02;https://community.dynatrace.com/pssft35649/attachments/pssft35649/GetStarted/1351/1/Associate_Certification_Learning_Path_2025.pdf | https://docs.dynatrace.com/docs/discover-dynatrace/what-is-dynatrace | https://docs.dynatrace.com/docs/platform
01;welcome;sup-platform-apps;Navegación y apps clave de la plataforma;nuevo;7;requiere;1;;OK;"Contenido evaluable en el examen; ya tiene preguntas revisadas y respaldadas por una frase literal del apartado (auditoría oct 2026).";2026-10-02;https://docs.dynatrace.com/docs/discover-dynatrace/get-started/dynatrace-ui | https://docs.dynatrace.com/docs/discover-dynatrace/get-started/dynatrace-ui/search | https://docs.dynatrace.com/docs/discover-dynatrace/get-started/dynatrace-ui/launchpads | https://docs.dynatrace.com/docs/ingest-from/extensions/manage-extensions | https://docs.dynatrace.com/docs/analyze-explore-automate/dashboards-and-notebooks/differences-dashboards-notebooks | https://docs.dynatrace.com/docs/analyze-explore-automate/workflows/trigger | https://docs.dynatrace.com/docs/platform/appengine
01;welcome;deep-problem-davis;Davis event, Problem, root cause e impact;original;2;requiere;2;;OK;Aporta datos distintos de sup-problems-lifecycle: qué determina el impact analysis (blast radius, usuarios) y que las anomalías individuales son Davis events.;2026-10-02;https://docs.dynatrace.com/docs/platform | https://docs.dynatrace.com/docs/platform/grail | https://docs.dynatrace.com/docs/platform/grail/dynatrace-grail
01;welcome;sup-problems-lifecycle;Problems: correlación, severidad y ciclo de vida;nuevo;14;requiere;1;;OK;"Contenido evaluable en el examen; ya tiene preguntas revisadas y respaldadas por una frase literal del apartado (auditoría oct 2026).";2026-10-02;https://docs.dynatrace.com/docs/dynatrace-intelligence | https://docs.dynatrace.com/docs/dynatrace-intelligence/root-cause-analysis/concepts | https://docs.dynatrace.com/docs/dynatrace-intelligence/root-cause-analysis/event-analysis-and-correlation/event-categories | https://docs.dynatrace.com/docs/dynatrace-intelligence/problems-app | https://docs.dynatrace.com/docs/discover-dynatrace/references/semantic-dictionary/model/davis | https://docs.dynatrace.com/docs/analyze-explore-automate/notifications-and-alerting/alerting-profiles | https://docs.dynatrace.com/docs/analyze-explore-automate/alerting-and-notifications/maintenance-windows
01;welcome;sup-anomaly-ai;Detección de anomalías y las AI de Dynatrace Intelligence;nuevo;5;requiere;1;;OK;"Contenido evaluable en el examen; ya tiene preguntas revisadas y respaldadas por una frase literal del apartado (auditoría oct 2026).";2026-10-02;https://docs.dynatrace.com/docs/dynatrace-intelligence/anomaly-detection/static-thresholds | https://docs.dynatrace.com/docs/dynatrace-intelligence/anomaly-detection/auto-adaptive-threshold | https://docs.dynatrace.com/docs/dynatrace-intelligence/reference/ai-models/seasonal-baseline | https://docs.dynatrace.com/docs/dynatrace-intelligence/reference/ai-models/forecast-analysis | https://docs.dynatrace.com/docs/dynatrace-intelligence/agentic-and-generative-ai
01;welcome;sup-security-business-dem;Seguridad, negocio y experiencia digital en la misma plataforma;nuevo;5;requiere;1;;OK;"Contenido evaluable en el examen; ya tiene preguntas revisadas y respaldadas por una frase literal del apartado (auditoría oct 2026).";2026-10-02;https://docs.dynatrace.com/docs/secure/application-security | https://docs.dynatrace.com/docs/observe/business-observability | https://docs.dynatrace.com/docs/observe/digital-experience/synthetic-monitoring | https://docs.dynatrace.com/docs/platform/oneagent/how-one-agent-works
01;welcome;deep-evidence-quality;Calidad de evidencia y límites;original;2;requiere;2;;OK;La secuencia de comprobaciones (record type, timeframe, permisos) ante un resultado vacío es evaluable como troubleshooting.;2026-10-02;https://docs.dynatrace.com/docs/dynatrace-intelligence/root-cause-analysis/concepts | https://docs.dynatrace.com/docs/dynatrace-intelligence/root-cause-analysis/event-analysis-and-correlation | https://docs.dynatrace.com/docs/dynatrace-intelligence/problems-app
01;welcome;deep-associate-transfer;Cómo convertir el path en dominio;original;0;no-requiere;0;;NO REQUIERE;"Método de estudio y descripción de los tipos de pregunta del banco; las menciones a OneAgent son ejemplos sin datos concretos.";2026-10-02;https://docs.dynatrace.com/docs/dynatrace-intelligence/problems-app | https://docs.dynatrace.com/docs/analyze-explore-automate/smartscape/smartscape-concepts | https://docs.dynatrace.com/docs/semantic-dictionary/model/smartscape/core
01;welcome;precision-facts;Hechos de precisión;ficha;3;requiere;3;;OK;"Ficha de precisión; se preguntan los hechos aún no evaluados: predicción probabilística del seasonal baseline, instalación de apps en Hub y consumo de todas las capabilities DPS contra un mismo compromiso.";2026-10-02;https://docs.dynatrace.com/docs/platform/grail | https://docs.dynatrace.com/docs/shortlink/smartscape | https://docs.dynatrace.com/docs/discover-dynatrace/what-is-dynatrace | https://docs.dynatrace.com/docs/platform/grail/organize-data | https://docs.dynatrace.com/docs/dynatrace-intelligence | https://docs.dynatrace.com/docs/discover-dynatrace/get-started/dynatrace-ui/launchpads
02;instructions;scope;Qué debe cubrir tu preparación;original;0;no-requiere;0;;NO REQUIERE;"Orientación sobre el alcance del path y el método de estudio (lectura, práctica, recuperación); no contiene ningún dato técnico verificable de Dynatrace.";2026-10-02;https://university.dynatrace.com/learn/public/learning_plan/view/47/dynatrace-associate-certification-learning-plan | https://community.dynatrace.com/pssft35649/attachments/pssft35649/GetStarted/1351/1/Associate_Certification_Learning_Path_2025.pdf | https://university.dynatrace.com/
02;instructions;readiness;Checklist de preparación;original;0;no-requiere;0;;NO REQUIERE;Checklist personal y logístico (navegador, cámara, identidad, zona horaria) sin hechos concretos de producto ni de examen que puedan preguntarse.;2026-10-02;https://community.dynatrace.com/pssft35649/attachments/pssft35649/GetStarted/1351/1/Associate_Certification_Learning_Path_2025.pdf | https://university.dynatrace.com/ | https://docs.dynatrace.com/
02;instructions;source-literacy;Leer documentación técnica con precisión;original;0;no-requiere;0;;NO REQUIERE;"Método para leer documentación (variante, permisos, límites); son preguntas guía de estudio, sin dato verificable propio.";2026-10-02;https://university.dynatrace.com/ | https://docs.dynatrace.com/ | https://docs.dynatrace.com/docs/discover-dynatrace/get-started/dynatrace-ui
02;instructions;exam-strategy;Estrategia de examen;original;0;no-requiere;0;;NO REQUIERE;"Estrategia de respuesta (palabras de alcance, eliminar absolutismos, marcar dudas); preguntarlo sería metaconocimiento sin dato de producto.";2026-10-02;https://docs.dynatrace.com/ | https://docs.dynatrace.com/docs/discover-dynatrace/get-started/dynatrace-ui | https://university.dynatrace.com/learn/public/learning_plan/view/47/dynatrace-associate-certification-learning-plan
02;instructions;deep-exam-readiness;Conectividad de red de OneAgent y ActiveGate;original;7;requiere;1;;OK;"Contenido evaluable en el examen; ya tiene preguntas revisadas y respaldadas por una frase literal del apartado (auditoría oct 2026).";2026-10-02;https://university.dynatrace.com/learn/public/learning_plan/view/47/dynatrace-associate-certification-learning-plan | https://community.dynatrace.com/pssft35649/attachments/pssft35649/GetStarted/1351/1/Associate_Certification_Learning_Path_2025.pdf | https://university.dynatrace.com/
02;instructions;sup-proxy-config;Proxies: configurar OneAgent y ActiveGate;nuevo;8;requiere;1;;OK;"Contenido evaluable en el examen; ya tiene preguntas revisadas y respaldadas por una frase literal del apartado (auditoría oct 2026).";2026-10-02;https://docs.dynatrace.com/docs/ingest-from/dynatrace-oneagent/installation-and-operation/linux/installation/how-to-pass-a-proxy-address-during-oneagent-installation-on-linux | https://docs.dynatrace.com/docs/ingest-from/dynatrace-oneagent/oneagent-configuration-via-command-line-interface | https://docs.dynatrace.com/docs/ingest-from/dynatrace-activegate/configuration/set-up-proxy-authentication-for-activegate
02;instructions;sup-tls-trust;Certificados propios: proxies con inspección TLS y PKI interna;nuevo;6;requiere;1;;OK;"Contenido evaluable en el examen; ya tiene preguntas revisadas y respaldadas por una frase literal del apartado (auditoría oct 2026).";2026-10-02;https://docs.dynatrace.com/docs/ingest-from/dynatrace-oneagent/oneagent-security | https://docs.dynatrace.com/docs/ingest-from/dynatrace-activegate/configuration/configure-trusted-root-certificates-on-activegate
02;instructions;sup-network-zones;Network zones y ActiveGate groups;nuevo;11;requiere;1;;OK;"Contenido evaluable en el examen; ya tiene preguntas revisadas y respaldadas por una frase literal del apartado (auditoría oct 2026).";2026-10-02;https://docs.dynatrace.com/docs/manage/network-zones/network-zones-basic-info | https://docs.dynatrace.com/docs/manage/network-zones/oneagent-connectivity | https://docs.dynatrace.com/docs/ingest-from/dynatrace-activegate/activegate-group | https://docs.dynatrace.com/docs/ingest-from/dynatrace-oneagent/oneagent-configuration-via-command-line-interface
02;instructions;deep-official-scope;Qué es fuente de examen y qué es ampliación;original;0;no-requiere;0;;NO REQUIERE;"Describe la jerarquía de fuentes de estudio (path, Docs, comunidad) y la convención de mantener términos en inglés; es contexto de estudio, no contenido evaluable del examen.";2026-10-02;https://community.dynatrace.com/pssft35649/attachments/pssft35649/GetStarted/1351/1/Associate_Certification_Learning_Path_2025.pdf | https://university.dynatrace.com/ | https://docs.dynatrace.com/
02;instructions;deep-prerequisite-map;Prerrequisitos técnicos que debes activar;original;0;cubierto;0;sup-processes-services;CUBIERTO;"Su único contenido técnico es repasar las capas proceso, process group, host, container y service, que evalúan las preguntas de sup-processes-services (I-008, R-INS-13/14/15); los temas de red y formatos que enumera se evalúan en los apartados 5-8 y 14-16. La lista de tecnologías prerrequisito del path (verificada) no es materia de examen.";2026-10-02;https://docs.dynatrace.com/ | https://docs.dynatrace.com/docs/discover-dynatrace/get-started/dynatrace-ui | https://university.dynatrace.com/learn/public/learning_plan/view/47/dynatrace-associate-certification-learning-plan
02;instructions;sup-processes-services;Procesos, process groups y services;nuevo;4;requiere;1;;OK;"Contenido evaluable en el examen; ya tiene preguntas revisadas y respaldadas por una frase literal del apartado (auditoría oct 2026).";2026-10-02;https://docs.dynatrace.com/docs/observe/infrastructure-observability/process-groups | https://docs.dynatrace.com/docs/observe/infrastructure-observability/process-groups/configuration/pg-monitoring
02;instructions;sup-k8s-operator;Kubernetes y Dynatrace Operator;nuevo;12;requiere;1;;OK;"Contenido evaluable en el examen; ya tiene preguntas revisadas y respaldadas por una frase literal del apartado (auditoría oct 2026).";2026-10-02;https://docs.dynatrace.com/docs/ingest-from/setup-on-k8s/how-it-works/components/dynatrace-operator | https://docs.dynatrace.com/docs/ingest-from/setup-on-k8s/how-it-works/cloud-native-fullstack | https://docs.dynatrace.com/docs/ingest-from/setup-on-k8s/guides/deployment-and-configuration/monitoring-and-instrumentation/annotate | https://docs.dynatrace.com/docs/ingest-from/setup-on-k8s/guides/migration/classic-to-cloud-native | https://docs.dynatrace.com/docs/ingest-from/setup-on-k8s/guides/operation/migrate-dto-to-tenant | https://docs.dynatrace.com/docs/semantic-dictionary/fields
02;instructions;sup-k8s-health;Estados de Kubernetes y alertas de Dynatrace;nuevo;6;requiere;1;;OK;"Contenido evaluable en el examen; ya tiene preguntas revisadas y respaldadas por una frase literal del apartado (auditoría oct 2026).";2026-10-02;https://docs.dynatrace.com/docs/observe/infrastructure-observability/container-platform-monitoring/kubernetes-app | https://docs.dynatrace.com/docs/observe/infrastructure-observability/kubernetes-app/reference/kubernetes-alerting | https://docs.dynatrace.com/docs/observe/infrastructure-observability/kubernetes-app/use-cases/troubleshoot-health-problems
02;instructions;sup-http-web;HTTP en Dynatrace: failure detection, IP del cliente y campos de spans;nuevo;3;requiere;1;;OK;"Contenido evaluable en el examen; ya tiene preguntas revisadas y respaldadas por una frase literal del apartado (auditoría oct 2026).";2026-10-02;https://docs.dynatrace.com/docs/observe/application-observability/services/service-detection/service-detection-v1/configure-service-failure-detection | https://docs.dynatrace.com/docs/observe/application-observability/services/service-detection/service-detection-v2/failure-detection-v2 | https://docs.dynatrace.com/docs/observe/digital-experience/web-applications/additional-configuration/customize-ip-address-detection-web | https://docs.dynatrace.com/docs/semantic-dictionary/model/trace
02;instructions;sup-traces;Traces y spans en el Semantic Dictionary;nuevo;6;requiere;1;;OK;"Contenido evaluable en el examen; ya tiene preguntas revisadas y respaldadas por una frase literal del apartado (auditoría oct 2026).";2026-10-02;https://docs.dynatrace.com/docs/semantic-dictionary/model/trace | https://docs.dynatrace.com/docs/semantic-dictionary/model/log
02;instructions;sup-ingest-formats;Timestamps, métricas y logs JSON en la ingesta;nuevo;11;requiere;1;;OK;"Contenido evaluable en el examen; ya tiene preguntas revisadas y respaldadas por una frase literal del apartado (auditoría oct 2026).";2026-10-02;https://docs.dynatrace.com/docs/semantic-dictionary/fields | https://docs.dynatrace.com/docs/ingest-from/extend-dynatrace/extend-metrics/reference/metric-ingestion-protocol | https://docs.dynatrace.com/docs/analyze-explore-automate/logs/lma-log-ingestion/lma-log-ingestion-via-api/lma-ingest-json-txt-logs | https://docs.dynatrace.com/docs/semantic-dictionary/model/log | https://docs.dynatrace.com/docs/platform/grail/dynatrace-query-language/commands/structuring-commands
02;instructions;sup-otlp;OpenTelemetry (OTLP) hacia Dynatrace;nuevo;4;requiere;1;;OK;"Contenido evaluable en el examen; ya tiene preguntas revisadas y respaldadas por una frase literal del apartado (auditoría oct 2026).";2026-10-02;https://docs.dynatrace.com/docs/ingest-from/opentelemetry/getting-started/otlp-export
02;instructions;deep-study-routine;Rutina de estudio comprobable;original;0;no-requiere;0;;NO REQUIERE;"Rutina de estudio y uso de la propia app (quiz, banco, confianza); no contiene datos de Dynatrace ni del examen.";2026-10-02;https://community.dynatrace.com/pssft35649/attachments/pssft35649/GetStarted/1351/1/Associate_Certification_Learning_Path_2025.pdf | https://university.dynatrace.com/ | https://docs.dynatrace.com/
02;instructions;deep-question-reading;Lectura adversarial del enunciado y tácticas de búsqueda;original;3;requiere;3;;OK;Además de táctica de lectura, cita permisos IAM (app-engine:apps:install, storage:bucket-definitions:write) y tablas de Grail (dt.system.buckets, dt.entity.host) reales y preguntables.;2026-10-02;https://docs.dynatrace.com/ | https://docs.dynatrace.com/docs/discover-dynatrace/get-started/dynatrace-ui | https://university.dynatrace.com/learn/public/learning_plan/view/47/dynatrace-associate-certification-learning-plan
02;instructions;precision-facts;Hechos de precisión;ficha;3;requiere;3;;OK;"Ficha de precisión: se preguntan los hechos no cubiertos (formato 60 escritas + 10-15 prácticas con solo la práctica open book; ProctorU solo en inglés; localizar cuellos de botella en arquitecturas multicapa). Conectividad, proxy y jerarquía K8s ya estaban preguntados.";2026-10-02;https://university.dynatrace.com/learn/public/learning_plan/view/47/dynatrace-associate-certification-learning-plan | https://community.dynatrace.com/pssft35649/attachments/pssft35649/GetStarted/1351/1/Associate_Certification_Learning_Path_2025.pdf | https://docs.dynatrace.com/docs/ingest-from/dynatrace-activegate/supported-connectivity-schemes-for-activegates | https://docs.dynatrace.com/docs/ingest-from/dynatrace-activegate/configuration/set-up-proxy-authentication-for-activegate | https://docs.dynatrace.com/docs/observe/infrastructure-observability/container-platform-monitoring/kubernetes-app
03;platform;ui-navigation;UI, Dock y búsqueda;original;1;requiere;1;;OK;"Enumera los elementos del Dock (Search, Apps, apps fijadas) y los Launchpads, dato verificable de la UI; el resto es método de navegación.";2026-10-02;https://docs.dynatrace.com/docs/discover-dynatrace/what-is-dynatrace | https://docs.dynatrace.com/docs/platform | https://docs.dynatrace.com/docs/platform/grail
03;platform;sup-ui-dock;Dock, Apps, Launchpads y menús de la UI;nuevo;4;requiere;1;;OK;"Contenido evaluable en el examen; ya tiene preguntas revisadas y respaldadas por una frase literal del apartado (auditoría oct 2026).";2026-10-02;https://docs.dynatrace.com/docs/discover-dynatrace/get-started/dynatrace-ui
03;platform;sup-platform-search;Platform search: qué busca y con qué límites;nuevo;4;requiere;1;;OK;"Contenido evaluable en el examen; ya tiene preguntas revisadas y respaldadas por una frase literal del apartado (auditoría oct 2026).";2026-10-02;https://docs.dynatrace.com/docs/discover-dynatrace/get-started/dynatrace-ui/search | https://docs.dynatrace.com/docs/discover-dynatrace/get-started/dynatrace-ui
03;platform;grail-hub;Grail, Dynatrace Hub y Support;original;2;requiere;2;;OK;Aporta datos propios no preguntados: Help & Support del menú Support lleva al Support hub, y Grail se consulta con DQL.;2026-10-02;https://docs.dynatrace.com/docs/platform | https://docs.dynatrace.com/docs/platform/grail | https://docs.dynatrace.com/docs/platform/grail/dynatrace-grail
03;platform;sup-platform-components;Las piezas de la plataforma y cómo se reparten el trabajo;nuevo;8;requiere;1;;OK;"Contenido evaluable en el examen; ya tiene preguntas revisadas y respaldadas por una frase literal del apartado (auditoría oct 2026).";2026-10-02;https://docs.dynatrace.com/docs/discover-dynatrace/what-is-dynatrace | https://docs.dynatrace.com/docs/platform/appengine | https://docs.dynatrace.com/docs/manage/hub
03;platform;permissions;Permisos y contexto;original;2;requiere;2;;OK;Lista las tablas en buckets que exigen storage:buckets:read más permiso de tabla (bizevents sin preguntar) y las causas de resultados menores (segment, WHERE por registro).;2026-10-02;https://docs.dynatrace.com/docs/platform/grail | https://docs.dynatrace.com/docs/platform/grail/dynatrace-grail | https://docs.dynatrace.com/docs/platform/grail/dynatrace-grail/concepts
03;platform;experience;Experiencia digital y resiliencia;original;0;cubierto;0;sup-dem-resilience;CUBIERTO;"Solo enuncia que la experiencia digital observa usuarios reales y pruebas controladas y la idea de resiliencia; R-PLA-30/31/32 de sup-dem-resilience ya evalúan RUM/Synthetic/Session Replay/SRG. El resto es método de razonamiento.";2026-10-02;https://docs.dynatrace.com/docs/platform/grail/dynatrace-grail | https://docs.dynatrace.com/docs/platform/grail/dynatrace-grail/concepts | https://docs.dynatrace.com/docs/platform/grail/organize-data
03;platform;sup-dem-resilience;RUM, Synthetic, Session Replay y Site Reliability Guardian;nuevo;3;requiere;1;;OK;"Contenido evaluable en el examen; ya tiene preguntas revisadas y respaldadas por una frase literal del apartado (auditoría oct 2026).";2026-10-02;https://docs.dynatrace.com/docs/observe/digital-experience | https://docs.dynatrace.com/docs/deliver/site-reliability-guardian
03;platform;data-context;Datos, entidades y aplicaciones;original;1;requiere;1;;OK;Afirma que datos del mismo almacén no comparten esquema, retención ni permiso: verificable con los permisos por tabla (storage:spans:read frente a storage:logs:read).;2026-10-02;https://docs.dynatrace.com/docs/platform/grail/dynatrace-grail/concepts | https://docs.dynatrace.com/docs/platform/grail/organize-data | https://docs.dynatrace.com/docs/discover-dynatrace/get-started/dynatrace-ui
03;platform;latest-classic;Latest Dynatrace y Classic;original;0;no-requiere;0;;NO REQUIERE;"Orientación de método (fijar la variante antes de responder) sin ningún dato concreto verificable; el toggle Latest Dynatrace ya se evalúa en R-PLA-04 (sup-ui-dock).";2026-10-02;https://docs.dynatrace.com/docs/platform/grail/organize-data | https://docs.dynatrace.com/docs/discover-dynatrace/get-started/dynatrace-ui | https://docs.dynatrace.com/docs/discover-dynatrace/get-started/dynatrace-ui/share
03;platform;platform-contract;Contrato de una capacidad;original;1;requiere;1;;OK;Menciona que una capacidad puede requerir un ActiveGate: dato verificable en el framework de extensiones (extensiones remotas en un ActiveGate de entorno dentro de un ActiveGate group).;2026-10-02;https://docs.dynatrace.com/docs/discover-dynatrace/get-started/dynatrace-ui | https://docs.dynatrace.com/docs/discover-dynatrace/get-started/dynatrace-ui/share | https://docs.dynatrace.com/docs/manage/hub
03;platform;deep-grail-records;Grail como modelo de datos, no como palabra comodín;original;2;requiere;2;;OK;Contiene datos evaluables no preguntados: timeframe frente a retención (default_logs 35 días) y fuentes DQL no intercambiables (timeseries, fetch dt.davis.problems).;2026-10-02;https://docs.dynatrace.com/docs/discover-dynatrace/what-is-dynatrace | https://docs.dynatrace.com/docs/platform | https://docs.dynatrace.com/docs/platform/grail
03;platform;sup-grail-buckets;Buckets, tables y views en Grail;nuevo;16;requiere;1;;OK;"Contenido evaluable en el examen; ya tiene preguntas revisadas y respaldadas por una frase literal del apartado (auditoría oct 2026).";2026-10-02;https://docs.dynatrace.com/docs/platform/grail/organize-data | https://docs.dynatrace.com/docs/platform/grail/organize-data/partition-data | https://docs.dynatrace.com/docs/platform/openpipeline/concepts/processing | https://docs.dynatrace.com/docs/semantic-dictionary/model/dt-system-events
03;platform;sup-grail-permissions;Permisos en Grail: bucket, tabla, registro y campo;nuevo;9;requiere;1;;OK;"Contenido evaluable en el examen; ya tiene preguntas revisadas y respaldadas por una frase literal del apartado (auditoría oct 2026).";2026-10-02;https://docs.dynatrace.com/docs/platform/grail/organize-data/assign-permissions-in-grail | https://docs.dynatrace.com/docs/discover-dynatrace/get-started/dynatrace-ui/share
03;platform;deep-hub-lifecycle;Dynatrace Hub, permisos IAM y ciclo de una capacidad;original;3;requiere;1;;OK;"Contenido evaluable en el examen; ya tiene preguntas revisadas y respaldadas por una frase literal del apartado (auditoría oct 2026).";2026-10-02;https://docs.dynatrace.com/docs/platform/grail/dynatrace-grail | https://docs.dynatrace.com/docs/platform/grail/dynatrace-grail/concepts | https://docs.dynatrace.com/docs/platform/grail/organize-data
03;platform;sup-hub-extensions;Instalar apps y activar extensiones desde Hub;nuevo;7;requiere;1;;OK;"Contenido evaluable en el examen; ya tiene preguntas revisadas y respaldadas por una frase literal del apartado (auditoría oct 2026).";2026-10-02;https://docs.dynatrace.com/docs/manage/hub | https://docs.dynatrace.com/docs/ingest-from/extensions/manage-extensions
03;platform;deep-documents-permissions;Documents, ownership y sharing controls;original;1;requiere;1;;OK;Casi todo lo cubre sup-document-sharing, pero aporta un dato distinto no preguntado: dashboards, notebooks y launchpads son los tipos de documento con owner y sharing.;2026-10-02;https://docs.dynatrace.com/docs/discover-dynatrace/get-started/dynatrace-ui | https://docs.dynatrace.com/docs/discover-dynatrace/get-started/dynatrace-ui/share | https://docs.dynatrace.com/docs/manage/hub
03;platform;sup-document-sharing;Compartir documentos: Share access, enlaces y propiedad;nuevo;9;requiere;1;;OK;"Contenido evaluable en el examen; ya tiene preguntas revisadas y respaldadas por una frase literal del apartado (auditoría oct 2026).";2026-10-02;https://docs.dynatrace.com/docs/discover-dynatrace/get-started/dynatrace-ui/share | https://docs.dynatrace.com/docs/analyze-explore-automate/dashboards-and-notebooks/dashboards-new
03;platform;deep-problems-platform;Problems como experiencia transversal y estructura de registros;original;1;requiere;1;;OK;"Contenido evaluable en el examen; ya tiene preguntas revisadas y respaldadas por una frase literal del apartado (auditoría oct 2026).";2026-10-02;https://docs.dynatrace.com/docs/manage/data-privacy-and-security | https://docs.dynatrace.com/docs/dynatrace-intelligence/root-cause-analysis/concepts | https://docs.dynatrace.com/docs/dynatrace-intelligence/reference/dynatrace-intelligence-limits
03;platform;sup-problems-app;La app Problems: lista, filtros, detalles y cierre;nuevo;16;requiere;1;;OK;"Contenido evaluable en el examen; ya tiene preguntas revisadas y respaldadas por una frase literal del apartado (auditoría oct 2026).";2026-10-02;https://docs.dynatrace.com/docs/dynatrace-intelligence/problems-app | https://docs.dynatrace.com/docs/platform/grail/organize-data/assign-permissions-in-grail
03;platform;precision-facts;Hechos de precisión;ficha;3;requiere;3;;OK;"Ficha de precisión; se preguntan hechos aún no evaluados: bucket asociado a un record type, app-engine:apps:delete para desinstalar y pestaña Product information de Hub.";2026-10-02;https://docs.dynatrace.com/docs/platform/grail/organize-data | https://www.dynatrace.com/hub/ | https://docs.dynatrace.com/docs/discover-dynatrace/what-is-dynatrace | https://docs.dynatrace.com/docs/discover-dynatrace/get-started/dynatrace-ui/share | https://university.dynatrace.com/learn/public/learning_plan/view/47/dynatrace-associate-certification-learning-plan | https://docs.dynatrace.com/docs/manage/identity-access-management/permission-management/manage-user-permissions-policies/advanced/iam-policystatements | https://docs.dynatrace.com/docs/platform/upgrade
04;observability;oneagent;OneAgent y observabilidad automática;original;2;requiere;2;;OK;"Define el modelo de entidades (Host, Process Group, PGI, Service, Application) y advierte de que un host monitorizado no implica cobertura de toda tecnología; ambos datos son evaluables.";2026-10-02;https://docs.dynatrace.com/docs/platform/oneagent | https://docs.dynatrace.com/docs/platform/oneagent/supported-monitoring-types | https://docs.dynatrace.com/docs/platform/oneagent/how-one-agent-works
04;observability;activegate;ActiveGate y monitorización remota;original;2;requiere;2;;OK;Describe las funciones de ActiveGate (conectividad, monitorización remota, extensibilidad) y su papel frente a OneAgent en tecnologías remotas, verificables en la página de ActiveGate.;2026-10-02;https://docs.dynatrace.com/docs/platform/oneagent/supported-monitoring-types | https://docs.dynatrace.com/docs/platform/oneagent/how-one-agent-works | https://docs.dynatrace.com/docs/platform/oneagent/monitoring-modes/monitoring-modes
04;observability;sup-activegate-routing;ActiveGate: tipos, puertos, fallback y network zones;nuevo;7;requiere;1;;OK;"Contenido evaluable en el examen; ya tiene preguntas revisadas y respaldadas por una frase literal del apartado (auditoría oct 2026).";2026-10-02;https://docs.dynatrace.com/docs/ingest-from/dynatrace-activegate | https://docs.dynatrace.com/docs/ingest-from/dynatrace-activegate/supported-connectivity-schemes-for-activegates | https://docs.dynatrace.com/docs/manage/network-zones/network-zones-basic-info | https://docs.dynatrace.com/docs/observe/infrastructure-observability/vmware-vsphere-monitoring | https://docs.dynatrace.com/docs/platform/oneagent/how-one-agent-works
04;observability;topology;Entidades, Smartscape y Problems;original;2;requiere;2;;OK;Contiene la distinción Davis event vs Problem y el uso de Smartscape para dependencias, ambos documentados.;2026-10-02;https://docs.dynatrace.com/docs/platform/oneagent/how-one-agent-works | https://docs.dynatrace.com/docs/platform/oneagent/monitoring-modes/monitoring-modes | https://docs.dynatrace.com/docs/platform/oneagent/monitoring-modes/enable-monitoring-modes
04;observability;sup-process-groups;Host groups, process groups y process group instances;nuevo;4;requiere;1;;OK;"Contenido evaluable en el examen; ya tiene preguntas revisadas y respaldadas por una frase literal del apartado (auditoría oct 2026).";2026-10-02;https://docs.dynatrace.com/docs/observe/infrastructure-observability/hosts/configuration/organize-your-environment-using-host-groups | https://docs.dynatrace.com/docs/observe/infrastructure-observability/process-groups/configuration/pg-detection | https://docs.dynatrace.com/docs/ingest-from/dynatrace-oneagent/oneagent-configuration-via-command-line-interface
04;observability;sup-davis-problems;Cómo construye Dynatrace un Problem;nuevo;4;requiere;1;;OK;"Contenido evaluable en el examen; ya tiene preguntas revisadas y respaldadas por una frase literal del apartado (auditoría oct 2026).";2026-10-02;https://docs.dynatrace.com/docs/dynatrace-intelligence/root-cause-analysis/concepts | https://docs.dynatrace.com/docs/platform/oneagent/supported-monitoring-types
04;observability;kubernetes-db;Kubernetes, bases de datos e infraestructura;original;1;requiere;1;;OK;Es sobre todo método, pero enumera los niveles de objeto Kubernetes (cluster, namespace, workload, pod, container, node), que coinciden con la organización documentada del Explorer.;2026-10-02;https://docs.dynatrace.com/docs/platform/oneagent/monitoring-modes/monitoring-modes | https://docs.dynatrace.com/docs/platform/oneagent/monitoring-modes/enable-monitoring-modes | https://docs.dynatrace.com/docs/ingest-from/dynatrace-oneagent/oneagent-configuration-via-command-line-interface
04;observability;oneagent-capabilities;Capacidades soportadas por OneAgent;original;8;requiere;1;;OK;"Contenido evaluable en el examen; ya tiene preguntas revisadas y respaldadas por una frase literal del apartado (auditoría oct 2026).";2026-10-02;https://docs.dynatrace.com/docs/platform/oneagent/monitoring-modes/enable-monitoring-modes | https://docs.dynatrace.com/docs/ingest-from/dynatrace-oneagent/oneagent-configuration-via-command-line-interface | https://docs.dynatrace.com/docs/ingest-from/technology-support/oneagent-platform-and-capability-support-matrix
04;observability;oneagent-architecture;Cómo funciona internamente;original;7;requiere;1;;OK;"Contenido evaluable en el examen; ya tiene preguntas revisadas y respaldadas por una frase literal del apartado (auditoría oct 2026).";2026-10-02;https://docs.dynatrace.com/docs/ingest-from/dynatrace-oneagent/oneagent-configuration-via-command-line-interface | https://docs.dynatrace.com/docs/ingest-from/technology-support/oneagent-platform-and-capability-support-matrix | https://docs.dynatrace.com/docs/license/capabilities/app-infra-observability
04;observability;monitoring-modes;Modos de monitorización: Full-Stack, Infrastructure y Discovery;original;11;requiere;1;;OK;"Contenido evaluable en el examen; ya tiene preguntas revisadas y respaldadas por una frase literal del apartado (auditoría oct 2026).";2026-10-02;https://docs.dynatrace.com/docs/ingest-from/technology-support/oneagent-platform-and-capability-support-matrix | https://docs.dynatrace.com/docs/license/capabilities/app-infra-observability | https://docs.dynatrace.com/docs/observe/infrastructure-observability
04;observability;sup-mode-licensing;Cómo consume licencia cada modo en DPS;nuevo;1;requiere;1;;OK;"Contenido evaluable en el examen; ya tiene preguntas revisadas y respaldadas por una frase literal del apartado (auditoría oct 2026).";2026-10-02;https://docs.dynatrace.com/docs/license/capabilities/app-infra-observability/full-stack-monitoring | https://docs.dynatrace.com/docs/license/capabilities/app-infra-observability/infrastructure-monitoring | https://docs.dynatrace.com/docs/license/capabilities/app-infra-observability/foundation-and-discovery | https://docs.dynatrace.com/docs/platform/oneagent/monitoring-modes/monitoring-modes
04;observability;enable-modes;Cómo activar y cambiar modos;original;4;requiere;1;;OK;"Contenido evaluable en el examen; ya tiene preguntas revisadas y respaldadas por una frase literal del apartado (auditoría oct 2026).";2026-10-02;https://docs.dynatrace.com/docs/license/capabilities/app-infra-observability | https://docs.dynatrace.com/docs/observe/infrastructure-observability | https://docs.dynatrace.com/docs/observe/infrastructure-observability/databases
04;observability;injection;Auto-injection, code-module injection y reinicios;original;6;requiere;1;;OK;"Contenido evaluable en el examen; ya tiene preguntas revisadas y respaldadas por una frase literal del apartado (auditoría oct 2026).";2026-10-02;https://docs.dynatrace.com/docs/observe/infrastructure-observability | https://docs.dynatrace.com/docs/observe/infrastructure-observability/databases | https://docs.dynatrace.com/docs/observe/infrastructure-observability/kubernetes-app
04;observability;oneagent-troubleshooting;Troubleshooting de OneAgent;original;1;requiere;1;;OK;Aporta el dato documentado de que un OneAgent disabled mantiene activo el core de comunicación para enviar estado y preguntar si debe reanudar.;2026-10-02;https://docs.dynatrace.com/docs/observe/infrastructure-observability/databases | https://docs.dynatrace.com/docs/observe/infrastructure-observability/kubernetes-app | https://docs.dynatrace.com/docs/observe/infrastructure-observability/container-platform-monitoring/kubernetes-monitoring/monitor-metrics-kubernetes
04;observability;deep-oneagent-capabilities;OneAgent: qué puede observar y desde dónde;original;1;requiere;1;;OK;Enumera el alcance de server-side service monitoring (web services, web containers, database requests, custom services), no preguntado en el bloque.;2026-10-02;https://docs.dynatrace.com/docs/platform/oneagent | https://docs.dynatrace.com/docs/platform/oneagent/supported-monitoring-types | https://docs.dynatrace.com/docs/platform/oneagent/how-one-agent-works
04;observability;deep-oneagent-architecture;Cómo funciona OneAgent internamente y CLI oneagentctl;original;1;requiere;1;;OK;"Contenido evaluable en el examen; ya tiene preguntas revisadas y respaldadas por una frase literal del apartado (auditoría oct 2026).";2026-10-02;https://docs.dynatrace.com/docs/platform/oneagent/how-one-agent-works | https://docs.dynatrace.com/docs/platform/oneagent/monitoring-modes/monitoring-modes | https://docs.dynatrace.com/docs/platform/oneagent/monitoring-modes/enable-monitoring-modes
04;observability;deep-oneagent-modes;Full Stack, Infrastructure y Discovery;original;1;requiere;1;;OK;Su matriz incluye la fila Process injection (GA / opt-out / —), que ninguna pregunta evalúa como tal.;2026-10-02;https://docs.dynatrace.com/docs/platform/oneagent/monitoring-modes/enable-monitoring-modes | https://docs.dynatrace.com/docs/ingest-from/dynatrace-oneagent/oneagent-configuration-via-command-line-interface | https://docs.dynatrace.com/docs/ingest-from/technology-support/oneagent-platform-and-capability-support-matrix
04;observability;deep-oneagent-change-control;Activación, cambio de modo e inyección;original;1;requiere;1;;OK;"Contenido evaluable en el examen; ya tiene preguntas revisadas y respaldadas por una frase literal del apartado (auditoría oct 2026).";2026-10-02;https://docs.dynatrace.com/docs/ingest-from/technology-support/oneagent-platform-and-capability-support-matrix | https://docs.dynatrace.com/docs/license/capabilities/app-infra-observability | https://docs.dynatrace.com/docs/observe/infrastructure-observability
04;observability;sup-oneagentctl;oneagentctl: parámetros y reinicios que exige cada cambio;nuevo;6;requiere;1;;OK;"Contenido evaluable en el examen; ya tiene preguntas revisadas y respaldadas por una frase literal del apartado (auditoría oct 2026).";2026-10-02;https://docs.dynatrace.com/docs/ingest-from/dynatrace-oneagent/oneagent-configuration-via-command-line-interface | https://docs.dynatrace.com/docs/platform/oneagent/monitoring-modes/enable-monitoring-modes
04;observability;deep-infrastructure-connectors;Bases de datos, Kubernetes y ActiveGate 1.327+;original;1;requiere;1;;OK;"Aporta el papel complementario de OneAgent en la app Databases junto a la extensión en ActiveGate; prerrequisitos y ActiveGate 1.327 ya están preguntados en otros apartados.";2026-10-02;https://docs.dynatrace.com/docs/observe/infrastructure-observability/databases | https://docs.dynatrace.com/docs/observe/infrastructure-observability/kubernetes-app | https://docs.dynatrace.com/docs/observe/infrastructure-observability/container-platform-monitoring/kubernetes-monitoring/monitor-metrics-kubernetes
04;observability;sup-dynakube-modes;Kubernetes con Dynatrace Operator: modos de DynaKube;nuevo;5;requiere;1;;OK;"Contenido evaluable en el examen; ya tiene preguntas revisadas y respaldadas por una frase literal del apartado (auditoría oct 2026).";2026-10-02;https://docs.dynatrace.com/docs/ingest-from/setup-on-k8s/how-it-works/cloud-native-fullstack | https://docs.dynatrace.com/docs/ingest-from/setup-on-k8s/how-it-works/other-deployment-modes/classic-fullstack | https://docs.dynatrace.com/docs/ingest-from/setup-on-k8s/how-it-works/application-monitoring | https://docs.dynatrace.com/docs/ingest-from/setup-on-k8s/how-it-works/other-deployment-modes/host-monitoring | https://docs.dynatrace.com/docs/ingest-from/setup-on-k8s/how-it-works/kubernetes-monitoring
04;observability;sup-kubernetes-app;La app Kubernetes y Enhanced Object Visibility;nuevo;9;requiere;1;;OK;"Contenido evaluable en el examen; ya tiene preguntas revisadas y respaldadas por una frase literal del apartado (auditoría oct 2026).";2026-10-02;https://docs.dynatrace.com/docs/observe/infrastructure-observability/kubernetes-app
04;observability;sup-infra-apps;Databases, Infrastructure & Operations y Discovery & Coverage;nuevo;6;requiere;1;;OK;"Contenido evaluable en el examen; ya tiene preguntas revisadas y respaldadas por una frase literal del apartado (auditoría oct 2026).";2026-10-02;https://docs.dynatrace.com/docs/observe/infrastructure-observability/databases | https://docs.dynatrace.com/docs/observe/infrastructure-observability/infrastructure-and-operations | https://docs.dynatrace.com/docs/ingest-from/discovery-coverage-app | https://docs.dynatrace.com/docs/license/capabilities/app-infra-observability/foundation-and-discovery
04;observability;deep-observability-troubleshooting;Árbol de troubleshooting de OneAgent;original;1;requiere;1;;OK;La rama de logs ausentes (descubrimiento, regla de ingestión) es verificable en la documentación de ingesta de logs con OneAgent.;2026-10-02;https://docs.dynatrace.com/docs/observe/infrastructure-observability/container-platform-monitoring/kubernetes-monitoring/monitor-events-kubernetes | https://docs.dynatrace.com/docs/observe/infrastructure-observability/vmware-vsphere-monitoring | https://docs.dynatrace.com/docs/observe/infrastructure-observability/process-groups/configuration/cloud-app-and-workload-detection
04;observability;precision-facts;Hechos de precisión;ficha;3;requiere;3;;OK;Ficha de precisión: se preguntan hechos aún no evaluados (valor --set-monitoring-mode=discovery, efecto de desactivar auto-injection sobre AppSec, code-module injection desactivada por defecto en Discovery).;2026-10-02;https://docs.dynatrace.com/docs/platform/oneagent/supported-monitoring-types | https://docs.dynatrace.com/docs/platform/oneagent/how-one-agent-works | https://docs.dynatrace.com/docs/platform/oneagent/monitoring-modes/monitoring-modes | https://docs.dynatrace.com/docs/platform/oneagent/monitoring-modes/enable-monitoring-modes | https://docs.dynatrace.com/docs/observe/infrastructure-observability/container-platform-monitoring/kubernetes-monitoring | https://docs.dynatrace.com/docs/shortlink/infra-mon | https://docs.dynatrace.com/docs/ingest-from/technology-support/oneagent-platform-and-capability-support-matrix | https://docs.dynatrace.com/docs/secure/application-security | https://docs.dynatrace.com/docs/ingest-from/dynatrace-activegate
05;notebooks;notebook;Notebook como laboratorio documentado;original;0;cubierto;0;choose;CUBIERTO;"Su único contenido verificable (Notebook para explorar, investigar incidentes y documentar el razonamiento) es el mismo que el apartado choose, evaluado por R-NOT-08 y R-NOT-16; el resto es método de narrativa.";2026-10-02;https://docs.dynatrace.com/docs/analyze-explore-automate/dashboards-and-notebooks | https://docs.dynatrace.com/docs/analyze-explore-automate/dashboards-and-notebooks/notebooks | https://docs.dynatrace.com/docs/analyze-explore-automate/dashboards-and-notebooks/dashboards-new
05;notebooks;dashboard;Dashboard como vista operativa;original;1;requiere;1;;OK;Contiene el propósito oficial del Dashboard (monitorización recurrente, estado, comunicación), que no tenía pregunta propia (choose solo pregunta por usos de Notebook).;2026-10-02;https://docs.dynatrace.com/docs/analyze-explore-automate/dashboards-and-notebooks/notebooks | https://docs.dynatrace.com/docs/analyze-explore-automate/dashboards-and-notebooks/dashboards-new | https://docs.dynatrace.com/docs/discover-dynatrace/get-started/dynatrace-ui/share
05;notebooks;choose;Elegir herramienta;original;2;requiere;1;;OK;"Contenido evaluable en el examen; ya tiene preguntas revisadas y respaldadas por una frase literal del apartado (auditoría oct 2026).";2026-10-02;https://docs.dynatrace.com/docs/analyze-explore-automate/dashboards-and-notebooks/dashboards-new | https://docs.dynatrace.com/docs/discover-dynatrace/get-started/dynatrace-ui/share | https://docs.dynatrace.com/docs/discover-dynatrace/references/dynatrace-query-language/dql-reference
05;notebooks;quality;Calidad y compartición;original;2;requiere;2;;OK;Advierte de métricas muestreadas: samplingRatio de fetch devuelve 1/N registros y da agregados imprecisos, con valores admitidos verificables.;2026-10-02;https://docs.dynatrace.com/docs/discover-dynatrace/get-started/dynatrace-ui/share | https://docs.dynatrace.com/docs/discover-dynatrace/references/dynatrace-query-language/dql-reference | https://docs.dynatrace.com/docs/analyze-explore-automate/explorer
05;notebooks;notebook-cells;Celdas, narrativa y reproducibilidad;original;1;requiere;1;;OK;Exige que la celda DQL conserve el periodo para ser reproducible: verificable con el parámetro timeframe absoluto de fetch y el selector deshabilitado.;2026-10-02;https://docs.dynatrace.com/docs/discover-dynatrace/references/dynatrace-query-language/dql-reference | https://docs.dynatrace.com/docs/analyze-explore-automate/explorer | https://docs.dynatrace.com/docs/observe/business-observability/bo-analysis
05;notebooks;visualizations;Visualizaciones y elección de salida;original;2;requiere;2;;OK;Pide comprobar intervalos y valores ausentes de una serie: makeTimeseries (interval/bins excluyentes, bins 120 por defecto, null y default) es material verificable.;2026-10-02;https://docs.dynatrace.com/docs/analyze-explore-automate/explorer | https://docs.dynatrace.com/docs/observe/business-observability/bo-analysis | https://docs.dynatrace.com/docs/platform/grail/dynatrace-query-language/dql-best-practices
05;notebooks;sup-annotations;Anotaciones sobre gráficos;nuevo;7;requiere;1;;OK;"Contenido evaluable en el examen; ya tiene preguntas revisadas y respaldadas por una frase literal del apartado (auditoría oct 2026).";2026-10-02;https://docs.dynatrace.com/docs/analyze-explore-automate/dashboards-and-notebooks/dashboards-new/components/dashboard-component-annotation | https://docs.dynatrace.com/docs/analyze-explore-automate/dashboards-and-notebooks/notebooks
05;notebooks;sup-visualization-types;Tipos de visualización y cuándo usarlos;nuevo;4;requiere;1;;OK;"Contenido evaluable en el examen; ya tiene preguntas revisadas y respaldadas por una frase literal del apartado (auditoría oct 2026).";2026-10-02;https://docs.dynatrace.com/docs/analyze-explore-automate/dashboards-and-notebooks/edit-visualizations | https://docs.dynatrace.com/docs/analyze-explore-automate/dashboards-and-notebooks/edit-visualizations/visualization-chart-single-value | https://docs.dynatrace.com/docs/analyze-explore-automate/dashboards-and-notebooks/edit-visualizations/visualization-honeycomb | https://docs.dynatrace.com/docs/analyze-explore-automate/dashboards-and-notebooks/edit-visualizations/visualization-histogram
05;notebooks;variables-sharing;Variables, filtros y contexto compartido;original;2;requiere;2;;OK;Trata cómo los controles afectan a cada tile y los estados vacíos: verificable con la limitación de variables en tiles Explore y el parámetro nonempty.;2026-10-02;https://docs.dynatrace.com/docs/observe/business-observability/bo-analysis | https://docs.dynatrace.com/docs/platform/grail/dynatrace-query-language/dql-best-practices | https://docs.dynatrace.com/docs/analyze-explore-automate/dashboards-and-notebooks
05;notebooks;dashboard-operations;Dashboard operativo y drill-down;original;1;requiere;1;;OK;Advierte de datos obsoletos en un panel: verificable con el refresh rate Off por defecto al abrir un Dashboard por primera vez.;2026-10-02;https://docs.dynatrace.com/docs/platform/grail/dynatrace-query-language/dql-best-practices | https://docs.dynatrace.com/docs/analyze-explore-automate/dashboards-and-notebooks | https://docs.dynatrace.com/docs/analyze-explore-automate/dashboards-and-notebooks/notebooks
05;notebooks;sup-navigation-links;Open with, enlaces y navegación con contexto;nuevo;5;requiere;1;;OK;"Contenido evaluable en el examen; ya tiene preguntas revisadas y respaldadas por una frase literal del apartado (auditoría oct 2026).";2026-10-02;https://docs.dynatrace.com/docs/analyze-explore-automate/dashboards-and-notebooks/drilldowns-and-navigation
05;notebooks;sharing-governance;Compartición, permisos y gobierno;original;1;requiere;1;;OK;Afirma que leer no implica poder modificar: verificable con los permisos IAM document:documents:read/write de Notebooks.;2026-10-02;https://docs.dynatrace.com/docs/analyze-explore-automate/dashboards-and-notebooks | https://docs.dynatrace.com/docs/analyze-explore-automate/dashboards-and-notebooks/notebooks | https://docs.dynatrace.com/docs/analyze-explore-automate/dashboards-and-notebooks/dashboards-new
05;notebooks;review-readiness;Revisión antes de confiar en una vista;original;0;no-requiere;0;;NO REQUIERE;"Rutina de revisión adversarial y lista de preguntas de autoevaluación; no contiene ningún dato de producto verificable.";2026-10-02;https://docs.dynatrace.com/docs/analyze-explore-automate/dashboards-and-notebooks/notebooks | https://docs.dynatrace.com/docs/analyze-explore-automate/dashboards-and-notebooks/dashboards-new | https://docs.dynatrace.com/docs/discover-dynatrace/get-started/dynatrace-ui/share
05;notebooks;deep-notebook-sections;Anatomía de un Notebook y tipos de secciones;original;3;requiere;3;;OK;"Datos verificables sin pregunta: Notebooks no documenta variables, sección Prompt (lenguaje natural a DQL) y autocompletado de Query (Ctrl+Space). Se corrigió ""fórmulas"" en Markdown (no documentado).";2026-10-02;https://docs.dynatrace.com/docs/analyze-explore-automate/dashboards-and-notebooks | https://docs.dynatrace.com/docs/analyze-explore-automate/dashboards-and-notebooks/notebooks | https://docs.dynatrace.com/docs/analyze-explore-automate/dashboards-and-notebooks/dashboards-new
05;notebooks;sup-notebook-section-actions;Secciones de Notebook: acciones, resultados y análisis;nuevo;14;requiere;1;;OK;"Contenido evaluable en el examen; ya tiene preguntas revisadas y respaldadas por una frase literal del apartado (auditoría oct 2026).";2026-10-02;https://docs.dynatrace.com/docs/analyze-explore-automate/dashboards-and-notebooks/notebooks | https://docs.dynatrace.com/docs/platform/grail/dynatrace-query-language/commands/data-source-commands
05;notebooks;deep-dashboard-model;Anatomía de un Dashboard, tiles y variables;original;1;requiere;1;;OK;"La tabla indica que un Query tile requiere permisos de lectura sobre las tablas: verificable con storage:logs:read y storage:buckets:read; el resto ya está cubierto en sup-dashboard-*.";2026-10-02;https://docs.dynatrace.com/docs/analyze-explore-automate/dashboards-and-notebooks/dashboards-new | https://docs.dynatrace.com/docs/discover-dynatrace/get-started/dynatrace-ui/share | https://docs.dynatrace.com/docs/discover-dynatrace/references/dynatrace-query-language/dql-reference
05;notebooks;sup-dashboard-tiles-timeframe;Dashboards: tiles, timeframe, refresco y segments;nuevo;17;requiere;1;;OK;"Contenido evaluable en el examen; ya tiene preguntas revisadas y respaldadas por una frase literal del apartado (auditoría oct 2026).";2026-10-02;https://docs.dynatrace.com/docs/analyze-explore-automate/dashboards-and-notebooks/dashboards-new | https://docs.dynatrace.com/docs/platform/grail/dynatrace-query-language/dql-best-practices
05;notebooks;sup-dashboard-variables;Variables de Dashboard: tipos, claves y uso;nuevo;16;requiere;1;;OK;"Contenido evaluable en el examen; ya tiene preguntas revisadas y respaldadas por una frase literal del apartado (auditoría oct 2026).";2026-10-02;https://docs.dynatrace.com/docs/analyze-explore-automate/dashboards-and-notebooks/dashboards-new/components/dashboard-component-variable | https://docs.dynatrace.com/docs/analyze-explore-automate/dashboards-and-notebooks/dashboards-new/components/dashboard-component-annotation
05;notebooks;sup-dashboard-json;El documento JSON de un Dashboard;nuevo;7;requiere;1;;OK;"Contenido evaluable en el examen; ya tiene preguntas revisadas y respaldadas por una frase literal del apartado (auditoría oct 2026).";2026-10-02;https://docs.dynatrace.com/docs/analyze-explore-automate/dashboards-and-notebooks/document-api/document-structure-dashboards
05;notebooks;deep-document-sharing;Sharing, ownership y acceso a datos;original;1;requiere;1;;OK;Aporta el diagnóstico separado de permiso de documento y permiso de datos, que no evalúa sup-sharing-methods.;2026-10-02;https://docs.dynatrace.com/docs/discover-dynatrace/references/dynatrace-query-language/dql-reference | https://docs.dynatrace.com/docs/analyze-explore-automate/explorer | https://docs.dynatrace.com/docs/observe/business-observability/bo-analysis
05;notebooks;sup-sharing-methods;Métodos de sharing y niveles Can view y Can edit;nuevo;7;requiere;1;;OK;"Contenido evaluable en el examen; ya tiene preguntas revisadas y respaldadas por una frase literal del apartado (auditoría oct 2026).";2026-10-02;https://docs.dynatrace.com/docs/discover-dynatrace/get-started/dynatrace-ui/share | https://docs.dynatrace.com/docs/analyze-explore-automate/dashboards-and-notebooks/notebooks | https://docs.dynatrace.com/docs/shortlink/dashboard-reports
05;notebooks;deep-analysis-recipe;Receta de análisis reproducible;original;1;requiere;1;;OK;Propone empezar con una consulta pequeña y agregar después: verificable con la best practice de no usar limit antes de agregar.;2026-10-02;https://docs.dynatrace.com/docs/observe/business-observability/bo-analysis | https://docs.dynatrace.com/docs/platform/grail/dynatrace-query-language/dql-best-practices | https://docs.dynatrace.com/docs/analyze-explore-automate/dashboards-and-notebooks
05;notebooks;precision-facts;Hechos de precisión;ficha;3;requiere;3;;OK;Ficha de precisión: faltaban preguntas sobre placeholders de custom links, alcance del Share link fuera del entorno y separación de permisos read/write/delete.;2026-10-02;https://docs.dynatrace.com/docs/analyze-explore-automate/dashboards-and-notebooks/notebooks | https://docs.dynatrace.com/docs/analyze-explore-automate/dashboards-and-notebooks/dashboards-new | https://docs.dynatrace.com/docs/discover-dynatrace/get-started/dynatrace-ui/share
06;business-dem;business-events;Business Events y datos de negocio;original;2;requiere;2;;OK;Define cuándo un event es Business Event y enumera características business-grade (topology-aware, accesible…) no preguntadas en el bloque.;2026-10-02;https://docs.dynatrace.com/docs/observe/business-observability | https://docs.dynatrace.com/docs/observe/business-observability/bo-basic-concepts | https://docs.dynatrace.com/docs/observe/business-observability/bo-events-capturing
06;business-dem;capture-process;Captura y procesamiento;original;2;requiere;2;;OK;Lista fuentes de captura (OneAgent for Mobile, OpenKit) y el riesgo de reglas de procesamiento mal acotadas (Drop record), datos verificables no preguntados.;2026-10-02;https://docs.dynatrace.com/docs/observe/business-observability/bo-basic-concepts | https://docs.dynatrace.com/docs/observe/business-observability/bo-events-capturing | https://docs.dynatrace.com/docs/observe/business-observability/bo-events-capturing/bo-events-capturing-external-sources
06;business-dem;rum-synthetic;RUM frente a Synthetic Monitoring;original;1;requiere;1;;OK;Aporta la interpretación de resultados contradictorios RUM/Synthetic (un monitor no representa a todos los usuarios), distinta de R-BIZ-10 y G-072.;2026-10-02;https://docs.dynatrace.com/docs/observe/business-observability/bo-events-capturing | https://docs.dynatrace.com/docs/observe/business-observability/bo-events-capturing/bo-events-capturing-external-sources | https://docs.dynatrace.com/docs/observe/business-observability/bo-events-enrichment
06;business-dem;journeys;Journeys, propiedades y análisis;original;2;requiere;2;;OK;Contiene la regla de no sustituir un KPI completo por una métrica muestreada y dónde se consultan bizevents con DQL.;2026-10-02;https://docs.dynatrace.com/docs/observe/business-observability/bo-events-capturing/bo-events-capturing-external-sources | https://docs.dynatrace.com/docs/observe/business-observability/bo-events-enrichment | https://docs.dynatrace.com/docs/observe/business-observability/bo-event-processing
06;business-dem;event-model;Modelo de Business Event;original;1;requiere;1;;OK;"Contenido evaluable en el examen; ya tiene preguntas revisadas y respaldadas por una frase literal del apartado (auditoría oct 2026).";2026-10-02;https://docs.dynatrace.com/docs/observe/business-observability/bo-events-enrichment | https://docs.dynatrace.com/docs/observe/business-observability/bo-event-processing | https://docs.dynatrace.com/docs/observe/business-observability/bo-analysis
06;business-dem;user-events;Business Event frente a user event;original;1;requiere;1;;OK;"Distingue user event (interacción) de Business Event (hecho de negocio) para definir KPIs; evaluable con escenario.";2026-10-02;https://docs.dynatrace.com/docs/observe/business-observability/bo-event-processing | https://docs.dynatrace.com/docs/observe/business-observability/bo-analysis | https://docs.dynatrace.com/docs/observe/business-observability/business-reporting
06;business-dem;rum-sessions;RUM, sessions y final de sesión;original;1;requiere;1;;OK;30 min, 6 h y dtrum.endSession() ya se preguntan en sup-rum-sessions-web, pero el cierre del navegador como condición de fin no estaba preguntado.;2026-10-02;https://docs.dynatrace.com/docs/observe/business-observability/bo-analysis | https://docs.dynatrace.com/docs/observe/business-observability/business-reporting | https://docs.dynatrace.com/docs/semantic-dictionary/model/rum
06;business-dem;dem-components;DEM: RUM, Synthetic y journeys;original;1;requiere;1;;OK;"Contenido evaluable en el examen; ya tiene preguntas revisadas y respaldadas por una frase literal del apartado (auditoría oct 2026).";2026-10-02;https://docs.dynatrace.com/docs/observe/business-observability/business-reporting | https://docs.dynatrace.com/docs/semantic-dictionary/model/rum | https://docs.dynatrace.com/docs/observe/digital-experience/new-rum-experience/concepts/data-model
06;business-dem;business-quality;Completitud, cardinalidad y privacidad;original;1;requiere;1;;OK;El efecto del masking (antes de almacenar) sobre el análisis es un dato verificable distinto de G-078.;2026-10-02;https://docs.dynatrace.com/docs/semantic-dictionary/model/rum | https://docs.dynatrace.com/docs/observe/digital-experience/new-rum-experience/concepts/data-model | https://docs.dynatrace.com/docs/observe/digital-experience/rum/web-frontends/concepts/user-sessions-web
06;business-dem;sup-bizevents-governance;Business-grade data, metadatos, buckets y privacidad;nuevo;8;requiere;1;;OK;"Contenido evaluable en el examen; ya tiene preguntas revisadas y respaldadas por una frase literal del apartado (auditoría oct 2026).";2026-10-02;https://docs.dynatrace.com/docs/observe/business-observability/bo-basic-concepts | https://docs.dynatrace.com/docs/platform/grail/organize-data | https://docs.dynatrace.com/docs/platform/openpipeline/concepts/processing
06;business-dem;business-troubleshooting;Diagnosticar un KPI de negocio vacío;original;2;requiere;2;;OK;Diagnóstico de KPI vacío por record type (fetch bizevents) y por permisos (storage:bizevents:read), no preguntados.;2026-10-02;https://docs.dynatrace.com/docs/observe/digital-experience/new-rum-experience/concepts/data-model | https://docs.dynatrace.com/docs/observe/digital-experience/rum/web-frontends/concepts/user-sessions-web | https://docs.dynatrace.com/docs/license/capabilities/real-user-synthetic-monitoring
06;business-dem;deep-business-event-model;Business Events y business-grade data;original;2;requiere;2;;OK;Incluye la característica long-term (hasta 10 años, corregida en la guía) y la asignación de seguridad en el procesamiento (stage Permission).;2026-10-02;https://docs.dynatrace.com/docs/observe/business-observability | https://docs.dynatrace.com/docs/observe/business-observability/bo-basic-concepts | https://docs.dynatrace.com/docs/observe/business-observability/bo-events-capturing
06;business-dem;deep-business-capture;Captura, ingestión y enriquecimiento;original;2;requiere;2;;OK;El enriquecimiento depende del origen: geolocalización en RUM frente a API externa y campos de traza/entidad en OneAgent, no preguntados (R-BIZ-20 solo cubre RUM).;2026-10-02;https://docs.dynatrace.com/docs/observe/business-observability/bo-events-capturing/bo-events-capturing-external-sources | https://docs.dynatrace.com/docs/observe/business-observability/bo-events-enrichment | https://docs.dynatrace.com/docs/observe/business-observability/bo-event-processing
06;business-dem;sup-bizevents-api;Business events API y Workflows;nuevo;9;requiere;1;;OK;"Contenido evaluable en el examen; ya tiene preguntas revisadas y respaldadas por una frase literal del apartado (auditoría oct 2026).";2026-10-02;https://docs.dynatrace.com/docs/observe/business-observability/bo-events-capturing/bo-events-capturing-external-sources | https://docs.dynatrace.com/docs/observe/business-observability/bo-events-enrichment | https://docs.dynatrace.com/docs/observe/business-observability/bo-events-capturing/bo-events-capturing-workflows-overview
06;business-dem;sup-bizevents-capture-sources;Capture rules, RUM y OpenPipeline como fuentes de Business Events;nuevo;8;requiere;1;;OK;"Contenido evaluable en el examen; ya tiene preguntas revisadas y respaldadas por una frase literal del apartado (auditoría oct 2026).";2026-10-02;https://docs.dynatrace.com/docs/observe/business-observability/bo-events-capturing/bo-events-capturing-oneagent | https://docs.dynatrace.com/docs/observe/business-observability/bo-events-capturing/web-and-mobile-rum | https://docs.dynatrace.com/docs/observe/business-observability/bo-events-enrichment | https://docs.dynatrace.com/docs/observe/business-observability/bo-events-capturing/bo-events-capturing-logs-and-spans
06;business-dem;deep-rum-session-semantics;RUM en Grail: tablas user.events vs user.sessions y lifecycle;original;2;requiere;2;;OK;El campo end_reason de user.sessions y sus valores (timeout, duration, synthetic_execution_finished) no estaban preguntados.;2026-10-02;https://docs.dynatrace.com/docs/observe/business-observability/bo-analysis | https://docs.dynatrace.com/docs/observe/business-observability/business-reporting | https://docs.dynatrace.com/docs/semantic-dictionary/model/rum
06;business-dem;sup-rum-data-model;Modelo de datos RUM: user events, views y user actions;nuevo;12;requiere;1;;OK;"Contenido evaluable en el examen; ya tiene preguntas revisadas y respaldadas por una frase literal del apartado (auditoría oct 2026).";2026-10-02;https://docs.dynatrace.com/docs/observe/digital-experience/new-rum-experience/concepts/data-model | https://docs.dynatrace.com/docs/semantic-dictionary/model/rum | https://docs.dynatrace.com/docs/semantic-dictionary/model/rum/user-events/requests
06;business-dem;sup-rum-sessions-web;User sessions web: cierre, bounce, duración e identificadores;nuevo;7;requiere;1;;OK;"Contenido evaluable en el examen; ya tiene preguntas revisadas y respaldadas por una frase literal del apartado (auditoría oct 2026).";2026-10-02;https://docs.dynatrace.com/docs/observe/digital-experience/new-rum-experience/web-frontends/concepts/user-sessions-web | https://docs.dynatrace.com/docs/observe/digital-experience/new-rum-experience/concepts/data-model
06;business-dem;sup-rum-classic;RUM Classic: tipos de user action, Apdex y key user actions;nuevo;3;requiere;1;;OK;"Contenido evaluable en el examen; ya tiene preguntas revisadas y respaldadas por una frase literal del apartado (auditoría oct 2026).";2026-10-02;https://docs.dynatrace.com/docs/observe/digital-experience/rum-classic/rum-concepts/user-actions | https://docs.dynatrace.com/docs/observe/digital-experience/rum-classic/rum-concepts/scores-and-ratings/apdex-ratings
06;business-dem;deep-synthetic-semantics;Synthetic Monitoring y scripting con api.fail();original;1;requiere;1;;OK;Efecto de api.fail() sobre paso y ejecución evaluado con un script (D-014 solo pregunta qué llamada usar).;2026-10-02;https://docs.dynatrace.com/docs/observe/digital-experience/new-rum-experience/concepts/data-model | https://docs.dynatrace.com/docs/observe/digital-experience/rum/web-frontends/concepts/user-sessions-web | https://docs.dynatrace.com/docs/license/capabilities/real-user-synthetic-monitoring
06;business-dem;sup-synthetic-monitors;Tipos de monitor, locations y control de ejecuciones;nuevo;13;requiere;1;;OK;"Contenido evaluable en el examen; ya tiene preguntas revisadas y respaldadas por una frase literal del apartado (auditoría oct 2026).";2026-10-02;https://docs.dynatrace.com/docs/observe/digital-experience/synthetic/synthetic-app/create-configure-browser-monitors | https://docs.dynatrace.com/docs/observe/digital-experience/synthetic/synthetic-app/synthetic-details-for-http-monitors | https://docs.dynatrace.com/docs/observe/digital-experience/synthetic/synthetic-app/create-a-nam-monitor-synthetic-app | https://docs.dynatrace.com/docs/observe/digital-experience/synthetic/synthetic-app/private-locations | https://docs.dynatrace.com/docs/observe/digital-experience/synthetic/synthetic-app/on-demand-executions | https://docs.dynatrace.com/docs/analyze-explore-automate/notifications-and-alerting/maintenance-windows/define-maintenance-window
06;business-dem;sup-clickpath-steps;Pasos del clickpath, esperas, validaciones y JavaScript API;nuevo;10;requiere;1;;OK;"Contenido evaluable en el examen; ya tiene preguntas revisadas y respaldadas por una frase literal del apartado (auditoría oct 2026).";2026-10-02;https://docs.dynatrace.com/docs/observe/digital-experience/synthetic/synthetic-app/create-configure-browser-monitors/browser-clickpath-steps | https://docs.dynatrace.com/docs/observe/digital-experience/synthetic/synthetic-app/create-configure-browser-monitors/steps-waiting-time-validation-thresholds | https://docs.dynatrace.com/docs/observe/digital-experience/synthetic/synthetic-app/create-configure-browser-monitors
06;business-dem;deep-business-journeys;Journeys, Business Flow y KPIs;original;2;requiere;2;;OK;Duplicados frente a ausencia de sampling y cálculo de conversión con eventos de inicio/éxito: mini-prácticas DQL evaluables.;2026-10-02;https://docs.dynatrace.com/docs/observe/digital-experience/synthetic | https://docs.dynatrace.com/docs/observe/business-observability/business-flow/set-up-business-flow | https://docs.dynatrace.com/docs/observe/business-observability
06;business-dem;sup-business-flow;Business Flow: correlation ID, KPI y entidad BIZ_FLOW;nuevo;8;requiere;1;;OK;"Contenido evaluable en el examen; ya tiene preguntas revisadas y respaldadas por una frase literal del apartado (auditoría oct 2026).";2026-10-02;https://docs.dynatrace.com/docs/observe/business-observability/business-flow/set-up-business-flow
06;business-dem;precision-facts;Hechos de precisión;ficha;3;requiere;3;;OK;"Ficha de hechos de examen; se preguntan dataflow capture→process→analyze, tipos de monitor Synthetic (HTTP/browser/NAM) y obligatoriedad de event.provider/event.type, no preguntados antes.";2026-10-02;https://docs.dynatrace.com/docs/observe/business-observability/bo-basic-concepts | https://docs.dynatrace.com/docs/observe/digital-experience/new-rum-experience/concepts/data-model | https://docs.dynatrace.com/docs/observe/digital-experience/synthetic | https://docs.dynatrace.com/docs/observe/business-observability/bo-events-enrichment | https://docs.dynatrace.com/docs/observe/digital-experience/rum/web-frontends/concepts/user-sessions-web
07;data-analysis;data-types;Qué tipo de dato estás mirando;original;1;requiere;1;;OK;"Contenido evaluable en el examen; ya tiene preguntas revisadas y respaldadas por una frase literal del apartado (auditoría oct 2026).";2026-10-02;https://docs.dynatrace.com/docs/platform/grail | https://docs.dynatrace.com/docs/license/capabilities/metrics | https://docs.dynatrace.com/docs/analyze-explore-automate/metrics
07;data-analysis;timeframes;Timeframe, dimensiones y granularidad;original;2;requiere;2;;OK;Contiene datos evaluables sobre cardinalidad de dimensiones (fragmentar la señal frente a ocultar la población afectada) y el efecto de agregación del intervalo derivado del timeframe, no preguntados en el bloque.;2026-10-02;https://docs.dynatrace.com/docs/license/capabilities/metrics | https://docs.dynatrace.com/docs/analyze-explore-automate/metrics | https://docs.dynatrace.com/docs/analyze-explore-automate/metrics/faq
07;data-analysis;correlation;Observación frente a causalidad;original;1;requiere;1;;OK;"Contenido evaluable en el examen; ya tiene preguntas revisadas y respaldadas por una frase literal del apartado (auditoría oct 2026).";2026-10-02;https://docs.dynatrace.com/docs/analyze-explore-automate/metrics | https://docs.dynatrace.com/docs/analyze-explore-automate/metrics/faq | https://docs.dynatrace.com/docs/analyze-explore-automate/metrics/limits
07;data-analysis;reporting;Reportes, KPIs y comunicación;original;4;requiere;1;;OK;"Contenido evaluable en el examen; ya tiene preguntas revisadas y respaldadas por una frase literal del apartado (auditoría oct 2026).";2026-10-02;https://docs.dynatrace.com/docs/analyze-explore-automate/metrics/faq | https://docs.dynatrace.com/docs/analyze-explore-automate/metrics/limits | https://docs.dynatrace.com/docs/manage/data-privacy-and-security/data-privacy/data-retention-periods
07;data-analysis;retention-model;Retención, datastore y granularidad;original;2;requiere;2;;OK;"Afirma que la retención depende del record type y que una retención larga no garantiza detalle fino; se evalúa con el tramo de 1 día de Metrics Classic (400 días-5 años) y una comparación de retenciones entre tipos de dato.";2026-10-02;https://docs.dynatrace.com/docs/analyze-explore-automate/metrics/limits | https://docs.dynatrace.com/docs/manage/data-privacy-and-security/data-privacy/data-retention-periods | https://docs.dynatrace.com/docs/analyze-explore-automate/logs
07;data-analysis;metric-retention;Métricas: Grail frente a Classic;original;6;requiere;1;;OK;"Contenido evaluable en el examen; ya tiene preguntas revisadas y respaldadas por una frase literal del apartado (auditoría oct 2026).";2026-10-02;https://docs.dynatrace.com/docs/manage/data-privacy-and-security/data-privacy/data-retention-periods | https://docs.dynatrace.com/docs/analyze-explore-automate/logs | https://docs.dynatrace.com/docs/analyze-explore-automate/dashboards-and-notebooks/dashboards-new
07;data-analysis;key-requests;Key Requests y niveles históricos;original;2;requiere;1;;OK;"Contenido evaluable en el examen; ya tiene preguntas revisadas y respaldadas por una frase literal del apartado (auditoría oct 2026).";2026-10-02;https://docs.dynatrace.com/docs/analyze-explore-automate/logs | https://docs.dynatrace.com/docs/analyze-explore-automate/dashboards-and-notebooks/dashboards-new | https://docs.dynatrace.com/docs/analyze-explore-automate/dashboards-and-notebooks/notebooks
07;data-analysis;sessions-problems;Sesiones, user events, Problems y Davis events;original;5;requiere;1;;OK;"Contenido evaluable en el examen; ya tiene preguntas revisadas y respaldadas por una frase literal del apartado (auditoría oct 2026).";2026-10-02;https://docs.dynatrace.com/docs/analyze-explore-automate/dashboards-and-notebooks/dashboards-new | https://docs.dynatrace.com/docs/analyze-explore-automate/dashboards-and-notebooks/notebooks | https://docs.dynatrace.com/docs/dynatrace-intelligence/root-cause-analysis/concepts
07;data-analysis;sup-user-behavior;Comportamiento de usuario y sesiones en RUM Classic;nuevo;7;requiere;1;;OK;"Contenido evaluable en el examen; ya tiene preguntas revisadas y respaldadas por una frase literal del apartado (auditoría oct 2026).";2026-10-02;https://docs.dynatrace.com/docs/observe/digital-experience/rum-classic/web-applications/analyze-and-use/user-behavior-analysis | https://docs.dynatrace.com/docs/observe/digital-experience/rum-classic/web-applications/analyze-and-use/performance-analysis | https://docs.dynatrace.com/docs/observe/digital-experience/session-segmentation/custom-queries-segmentation-and-aggregation-of-session-data
07;data-analysis;sampling-completeness;Muestreo, completitud y sesgo;original;3;requiere;1;;OK;"Contenido evaluable en el examen; ya tiene preguntas revisadas y respaldadas por una frase literal del apartado (auditoría oct 2026).";2026-10-02;https://docs.dynatrace.com/docs/analyze-explore-automate/dashboards-and-notebooks/notebooks | https://docs.dynatrace.com/docs/dynatrace-intelligence/root-cause-analysis/concepts | https://docs.dynatrace.com/docs/observe/business-observability/business-reporting
07;data-analysis;analysis-workflow;Flujo de análisis avanzado;original;1;requiere;1;;OK;Mayormente metodología, pero afirma que ampliar el timeframe puede mezclar resoluciones o superar la retención, lo que es verificable con los tramos de Metrics Classic y la retención de default_spans.;2026-10-02;https://docs.dynatrace.com/docs/dynatrace-intelligence/root-cause-analysis/concepts | https://docs.dynatrace.com/docs/observe/business-observability/business-reporting | https://docs.dynatrace.com/docs/dynatrace-intelligence/use-cases/dynatrace-intelligence-dql-examples
07;data-analysis;deep-signal-semantics;Métricas, logs, trazas, eventos y sesiones;original;3;requiere;3;;OK;"Define la semántica de cada señal: parsing de logs, traces formadas por spans relacionadas por trace context y la diferencia entre Davis event y Problem; ninguno estaba preguntado.";2026-10-02;https://docs.dynatrace.com/docs/platform/grail | https://docs.dynatrace.com/docs/license/capabilities/metrics | https://docs.dynatrace.com/docs/analyze-explore-automate/metrics
07;data-analysis;deep-retention-reference;Retención en Grail, buckets del sistema y permisos de retención;original;3;requiere;1;;OK;"Contenido evaluable en el examen; ya tiene preguntas revisadas y respaldadas por una frase literal del apartado (auditoría oct 2026).";2026-10-02;https://docs.dynatrace.com/docs/analyze-explore-automate/metrics/faq | https://docs.dynatrace.com/docs/analyze-explore-automate/metrics/limits | https://docs.dynatrace.com/docs/manage/data-privacy-and-security/data-privacy/data-retention-periods
07;data-analysis;sup-grail-buckets;Buckets, tablas y vistas en Grail;nuevo;11;requiere;1;;OK;"Contenido evaluable en el examen; ya tiene preguntas revisadas y respaldadas por una frase literal del apartado (auditoría oct 2026).";2026-10-02;https://docs.dynatrace.com/docs/platform/grail/organize-data | https://docs.dynatrace.com/docs/platform/openpipeline/concepts/processing | https://docs.dynatrace.com/docs/platform/grail/dynatrace-query-language/commands/data-source-commands
07;data-analysis;sup-bucket-lifecycle;Permisos y ciclo de vida de un bucket;nuevo;8;requiere;1;;OK;"Contenido evaluable en el examen; ya tiene preguntas revisadas y respaldadas por una frase literal del apartado (auditoría oct 2026).";2026-10-02;https://docs.dynatrace.com/docs/platform/grail/organize-data/assign-permissions-in-grail | https://docs.dynatrace.com/docs/platform/grail/organize-data
07;data-analysis;deep-metric-design;Métricas, series temporales y timeseries default:0;original;1;requiere;1;;OK;D-017/D-018 evalúan qué hace default:0, pero no su sintaxis (parámetro de la función de agregación y no del comando timeseries), que es un dato distinto y verificable.;2026-10-02;https://docs.dynatrace.com/docs/analyze-explore-automate/logs | https://docs.dynatrace.com/docs/analyze-explore-automate/dashboards-and-notebooks/dashboards-new | https://docs.dynatrace.com/docs/analyze-explore-automate/dashboards-and-notebooks/notebooks
07;data-analysis;sup-timeseries-params;Parámetros de timeseries que cambian el resultado;nuevo;15;requiere;1;;OK;"Contenido evaluable en el examen; ya tiene preguntas revisadas y respaldadas por una frase literal del apartado (auditoría oct 2026).";2026-10-02;https://docs.dynatrace.com/docs/platform/grail/dynatrace-query-language/commands/metric-commands
07;data-analysis;sup-metrics-exploration;Explorar métricas frente a graficarlas;nuevo;5;requiere;1;;OK;"Contenido evaluable en el examen; ya tiene preguntas revisadas y respaldadas por una frase literal del apartado (auditoría oct 2026).";2026-10-02;https://docs.dynatrace.com/docs/platform/grail/dynatrace-query-language/commands/metric-commands | https://docs.dynatrace.com/docs/platform/grail/dynatrace-query-language/commands/aggregation-commands
07;data-analysis;sup-metric-limits;Límites, cardinalidad y coste de las métricas;nuevo;8;requiere;1;;OK;"Contenido evaluable en el examen; ya tiene preguntas revisadas y respaldadas por una frase literal del apartado (auditoría oct 2026).";2026-10-02;https://docs.dynatrace.com/docs/analyze-explore-automate/metrics/limits | https://docs.dynatrace.com/docs/analyze-explore-automate/metrics/best-practices-metrics
07;data-analysis;deep-reporting-analysis;Reporting, exportación y reproducibilidad;original;3;requiere;1;;OK;"Contenido evaluable en el examen; ya tiene preguntas revisadas y respaldadas por una frase literal del apartado (auditoría oct 2026).";2026-10-02;https://docs.dynatrace.com/docs/analyze-explore-automate/dashboards-and-notebooks/notebooks | https://docs.dynatrace.com/docs/dynatrace-intelligence/root-cause-analysis/concepts | https://docs.dynatrace.com/docs/observe/business-observability/business-reporting
07;data-analysis;deep-baselines-impact;Baselines, anomalías e impacto;original;3;requiere;3;;OK;Contiene datos verificables sobre eventos informativos que no abren Problems, qué aporta el impact analysis (entry points, SLOs, usuarios) y el uso de la topología para la root cause.;2026-10-02;https://docs.dynatrace.com/docs/observe/business-observability/business-reporting | https://docs.dynatrace.com/docs/dynatrace-intelligence/use-cases/dynatrace-intelligence-dql-examples | https://docs.dynatrace.com/docs/platform/grail
07;data-analysis;precision-facts;Hechos de precisión;ficha;4;requiere;4;;OK;"Ficha de cifras de examen; faltaban por preguntar la ampliación de métricas de Grail a 10 años, los niveles de retención de key requests, los 30 días de support archives de OneAgent y la diferencia 1 año/3 años de security events.";2026-10-02;https://docs.dynatrace.com/docs/analyze-explore-automate/metrics/faq | https://docs.dynatrace.com/docs/platform/grail/organize-data | https://docs.dynatrace.com/docs/manage/data-privacy-and-security/data-privacy/data-retention-periods | https://docs.dynatrace.com/docs/platform/grail/dynatrace-query-language/commands/metric-commands | https://docs.dynatrace.com/docs/analyze-explore-automate/logs/lma-bucket-assignment | https://docs.dynatrace.com/docs/observe/application-observability/services-classic/monitor-key-requests
08;dql;pipeline;Modelo de pipeline;original;2;requiere;2;;OK;Contiene datos verificables: semántica de cada comando del pipeline de ejemplo y que el orden de los comandos cambia resultado y coste (dql-guide).;2026-10-02;https://docs.dynatrace.com/docs/platform/grail/dynatrace-query-language | https://docs.dynatrace.com/docs/discover-dynatrace/references/dynatrace-query-language/dql-reference | https://docs.dynatrace.com/docs/platform/grail/dynatrace-query-language/dql-guide
08;dql;commands;Comandos fundamentales;original;2;requiere;2;;OK;Tabla comando-produce-uso evaluable: qué forma de salida da summarize, filter, fields, sort y limit.;2026-10-02;https://docs.dynatrace.com/docs/discover-dynatrace/references/dynatrace-query-language/dql-reference | https://docs.dynatrace.com/docs/platform/grail/dynatrace-query-language/dql-guide | https://docs.dynatrace.com/docs/shortlink/dql-commands
08;dql;aggregation;summarize frente a timeseries;original;2;requiere;2;;OK;"Distingue la intención de summarize y timeseries y muestra summarize con bin(); evaluable como elección de comando y forma de salida.";2026-10-02;https://docs.dynatrace.com/docs/platform/grail/dynatrace-query-language/dql-guide | https://docs.dynatrace.com/docs/shortlink/dql-commands | https://docs.dynatrace.com/docs/platform/grail/dynatrace-query-language/commands/filtering-commands
08;dql;types;Tipos, arrays y records;original;2;requiere;2;;OK;Datos evaluables: record anidado frente a string JSON y la inspección de esquema con limit/fields antes de agregar.;2026-10-02;https://docs.dynatrace.com/docs/shortlink/dql-commands | https://docs.dynatrace.com/docs/platform/grail/dynatrace-query-language/commands/filtering-commands | https://docs.dynatrace.com/docs/platform/grail/dynatrace-query-language/commands/metric-commands
08;dql;dql-troubleshooting;Diagnóstico de consultas;original;2;requiere;2;;OK;Secuencia de diagnóstico de un resultado vacío y causas fuera de DQL (ingestión, procesamiento, autorización), evaluables en escenarios.;2026-10-02;https://docs.dynatrace.com/docs/platform/grail/dynatrace-query-language/commands/filtering-commands | https://docs.dynatrace.com/docs/platform/grail/dynatrace-query-language/commands/metric-commands | https://docs.dynatrace.com/docs/platform/grail/dynatrace-query-language/data-types
08;dql;metric-commands;Métricas: comando metrics frente a timeseries;original;2;requiere;2;;OK;Aporta datos no preguntados: metrics no devuelve timestamps ni valores (no sirve para charting) y la categoría Metric commands = timeseries + metrics.;2026-10-02;https://docs.dynatrace.com/docs/platform/grail/dynatrace-query-language/commands/metric-commands | https://docs.dynatrace.com/docs/platform/grail/dynatrace-query-language/data-types | https://docs.dynatrace.com/docs/platform/grail/dynatrace-query-language/functions
08;dql;parse-fields;Parsing, fields y datos estructurados;original;2;requiere;2;;OK;Orden parse/filter y cambio de cardinalidad al expandir: hechos verificables y preguntables.;2026-10-02;https://docs.dynatrace.com/docs/platform/grail/dynatrace-query-language/data-types | https://docs.dynatrace.com/docs/platform/grail/dynatrace-query-language/functions | https://docs.dynatrace.com/docs/platform/grail/dynatrace-query-language/dql-best-practices
08;dql;functions-null;Funciones, null y agregaciones;original;1;requiere;1;;OK;count() cuenta registros, no usuarios/sesiones únicos: dato verificable distinto de las preguntas existentes de agregación.;2026-10-02;https://docs.dynatrace.com/docs/platform/grail/dynatrace-query-language/functions | https://docs.dynatrace.com/docs/platform/grail/dynatrace-query-language/dql-best-practices | https://docs.dynatrace.com/docs/platform/grail/dynatrace-pattern-language
08;dql;permissions-performance;Permisos, rendimiento y coste;original;2;requiere;2;;OK;Niveles de permisos de Grail (bucket, tabla, record con dt.security_context, field): datos de examen.;2026-10-02;https://docs.dynatrace.com/docs/platform/grail/dynatrace-query-language/dql-best-practices | https://docs.dynatrace.com/docs/platform/grail/dynatrace-pattern-language | https://docs.dynatrace.com/docs/dynatrace-intelligence/use-cases/dynatrace-intelligence-dql-examples
08;dql;deep-dql-pipeline;Modelo mental de DQL y filtros temporales explícitos;original;2;requiere;1;;OK;"Contenido evaluable en el examen; ya tiene preguntas revisadas y respaldadas por una frase literal del apartado (auditoría oct 2026).";2026-10-02;https://docs.dynatrace.com/docs/platform/grail/dynatrace-query-language | https://docs.dynatrace.com/docs/discover-dynatrace/references/dynatrace-query-language/dql-reference | https://docs.dynatrace.com/docs/platform/grail/dynatrace-query-language/dql-guide
08;dql;sup-dql-sources;Comandos de inicio, data objects y permisos;nuevo;8;requiere;1;;OK;"Contenido evaluable en el examen; ya tiene preguntas revisadas y respaldadas por una frase literal del apartado (auditoría oct 2026).";2026-10-02;https://docs.dynatrace.com/docs/platform/grail/dynatrace-query-language/commands/data-source-commands | https://docs.dynatrace.com/docs/platform/grail/dynatrace-query-language/commands/metric-commands | https://docs.dynatrace.com/docs/platform/grail/dynatrace-query-language/commands/ordering-commands | https://docs.dynatrace.com/docs/platform/grail/organize-data/assign-permissions-in-grail
08;dql;sup-dql-filtering;Filtros, búsqueda y lógica con null;nuevo;12;requiere;1;;OK;"Contenido evaluable en el examen; ya tiene preguntas revisadas y respaldadas por una frase literal del apartado (auditoría oct 2026).";2026-10-02;https://docs.dynatrace.com/docs/platform/grail/dynatrace-query-language/commands/filtering-commands | https://docs.dynatrace.com/docs/platform/grail/dynatrace-query-language/operators | https://docs.dynatrace.com/docs/platform/grail/dynatrace-query-language/functions/boolean-functions | https://docs.dynatrace.com/docs/platform/grail/dynatrace-query-language/functions/conditional-functions | https://docs.dynatrace.com/docs/platform/grail/dynatrace-query-language/functions/string-functions | https://docs.dynatrace.com/docs/platform/grail/dynatrace-query-language/functions/general-functions | https://docs.dynatrace.com/docs/platform/grail/dynatrace-query-language/dql-best-practices
08;dql;deep-dql-command-contract;Contrato de los comandos esenciales y arrays en DQL;original;3;requiere;3;;OK;Funciones de arrays (arrayIndexOf -1, arraySize, expand con alias) y el error de filtrar tras fields: varios datos verificables.;2026-10-02;https://docs.dynatrace.com/docs/platform/grail/dynatrace-query-language/dql-guide | https://docs.dynatrace.com/docs/shortlink/dql-commands | https://docs.dynatrace.com/docs/platform/grail/dynatrace-query-language/commands/filtering-commands
08;dql;sup-dql-fields;Selección y modificación de campos, dedup y sort;nuevo;9;requiere;1;;OK;"Contenido evaluable en el examen; ya tiene preguntas revisadas y respaldadas por una frase literal del apartado (auditoría oct 2026).";2026-10-02;https://docs.dynatrace.com/docs/platform/grail/dynatrace-query-language/commands/selection-and-modification-commands | https://docs.dynatrace.com/docs/platform/grail/dynatrace-query-language/commands/structuring-commands | https://docs.dynatrace.com/docs/platform/grail/dynatrace-query-language/commands/aggregation-commands | https://docs.dynatrace.com/docs/platform/grail/dynatrace-query-language/commands/filtering-commands | https://docs.dynatrace.com/docs/platform/grail/dynatrace-query-language/commands/ordering-commands
08;dql;sup-dql-structure-parse;expand, parse y jsonExtract;nuevo;5;requiere;1;;OK;"Contenido evaluable en el examen; ya tiene preguntas revisadas y respaldadas por una frase literal del apartado (auditoría oct 2026).";2026-10-02;https://docs.dynatrace.com/docs/platform/grail/dynatrace-query-language/commands/structuring-commands | https://docs.dynatrace.com/docs/platform/grail/dynatrace-query-language/commands/extraction-and-parsing-commands | https://docs.dynatrace.com/docs/platform/grail/dynatrace-pattern-language
08;dql;sup-dql-join;join, lookup, joinNested y append;nuevo;11;requiere;1;;OK;"Contenido evaluable en el examen; ya tiene preguntas revisadas y respaldadas por una frase literal del apartado (auditoría oct 2026).";2026-10-02;https://docs.dynatrace.com/docs/platform/grail/dynatrace-query-language/commands/correlation-and-join-commands | https://docs.dynatrace.com/docs/platform/grail/dynatrace-query-language/dql-best-practices
08;dql;sup-dql-smartscape;Consultas Smartscape: smartscapeNodes, smartscapeEdges y traverse;nuevo;5;requiere;1;;OK;"Contenido evaluable en el examen; ya tiene preguntas revisadas y respaldadas por una frase literal del apartado (auditoría oct 2026).";2026-10-02;https://docs.dynatrace.com/docs/platform/grail/dynatrace-query-language/commands/smartscape-commands
08;dql;deep-dql-aggregation;`summarize` frente a `timeseries`;original;1;requiere;1;;OK;"Contenido evaluable en el examen; ya tiene preguntas revisadas y respaldadas por una frase literal del apartado (auditoría oct 2026).";2026-10-02;https://docs.dynatrace.com/docs/platform/grail/dynatrace-query-language/commands/filtering-commands | https://docs.dynatrace.com/docs/platform/grail/dynatrace-query-language/commands/metric-commands | https://docs.dynatrace.com/docs/platform/grail/dynatrace-query-language/data-types
08;dql;sup-dql-aggregation-functions;Funciones de agregación y agrupación temporal;nuevo;8;requiere;1;;OK;"Contenido evaluable en el examen; ya tiene preguntas revisadas y respaldadas por una frase literal del apartado (auditoría oct 2026).";2026-10-02;https://docs.dynatrace.com/docs/platform/grail/dynatrace-query-language/commands/aggregation-commands | https://docs.dynatrace.com/docs/platform/grail/dynatrace-query-language/functions/aggregation-functions | https://docs.dynatrace.com/docs/platform/grail/dynatrace-query-language/functions/time-functions | https://docs.dynatrace.com/docs/platform/grail/dynatrace-query-language/functions/mathematical-functions | https://docs.dynatrace.com/docs/platform/grail/dynatrace-query-language/functions/general-functions
08;dql;sup-dql-timeseries;timeseries en detalle y el comando metrics;nuevo;9;requiere;1;;OK;"Contenido evaluable en el examen; ya tiene preguntas revisadas y respaldadas por una frase literal del apartado (auditoría oct 2026).";2026-10-02;https://docs.dynatrace.com/docs/platform/grail/dynatrace-query-language/commands/metric-commands | https://docs.dynatrace.com/docs/platform/grail/dynatrace-query-language/functions/array-functions
08;dql;deep-dql-types-records;Tipos, arrays y records;original;2;requiere;2;;OK;Tipos complejos (array, record) y acceso por clave/índice base 0: datos de la referencia de data types.;2026-10-02;https://docs.dynatrace.com/docs/platform/grail/dynatrace-query-language/functions | https://docs.dynatrace.com/docs/platform/grail/dynatrace-query-language/dql-best-practices | https://docs.dynatrace.com/docs/platform/grail/dynatrace-pattern-language
08;dql;sup-dql-types-conversion;Acceso a records, identificadores y conversiones;nuevo;5;requiere;1;;OK;"Contenido evaluable en el examen; ya tiene preguntas revisadas y respaldadas por una frase literal del apartado (auditoría oct 2026).";2026-10-02;https://docs.dynatrace.com/docs/platform/grail/dynatrace-query-language/data-types | https://docs.dynatrace.com/docs/platform/grail/dynatrace-query-language/dql-reference | https://docs.dynatrace.com/docs/platform/grail/dynatrace-query-language/functions/conversion-and-casting-functions | https://docs.dynatrace.com/docs/platform/grail/dynatrace-query-language/functions/array-functions | https://docs.dynatrace.com/docs/platform/grail/dynatrace-query-language/functions/time-functions | https://docs.dynatrace.com/docs/platform/grail/dynatrace-query-language/functions/general-functions
08;dql;deep-dql-dpl;DQL y DPL no son el mismo lenguaje;original;1;requiere;1;;OK;"Contenido evaluable en el examen; ya tiene preguntas revisadas y respaldadas por una frase literal del apartado (auditoría oct 2026).";2026-10-02;https://docs.dynatrace.com/docs/platform/grail/dynatrace-pattern-language | https://docs.dynatrace.com/docs/dynatrace-intelligence/use-cases/dynatrace-intelligence-dql-examples | https://docs.dynatrace.com/docs/platform/grail/querying-monitored-entities
08;dql;deep-dql-performance;Buenas prácticas, coste y límites;original;2;requiere;2;;OK;Buenas prácticas verificables: evitar join/lookup para filtrar y que scanLimitGBytes/timeframe controlan volumen, no acceso.;2026-10-02;https://docs.dynatrace.com/docs/platform/grail/querying-monitored-entities | https://docs.dynatrace.com/docs/platform/grail/dynatrace-query-language | https://docs.dynatrace.com/docs/discover-dynatrace/references/dynatrace-query-language/dql-reference
08;dql;sup-dql-best-practices;Buenas prácticas oficiales de DQL;nuevo;5;requiere;1;;OK;"Contenido evaluable en el examen; ya tiene preguntas revisadas y respaldadas por una frase literal del apartado (auditoría oct 2026).";2026-10-02;https://docs.dynatrace.com/docs/platform/grail/dynatrace-query-language/dql-best-practices | https://docs.dynatrace.com/docs/platform/grail/dynatrace-query-language/commands/data-source-commands
08;dql;precision-facts;Hechos de precisión;ficha;4;requiere;4;;OK;Ficha de precisión: se preguntan hechos aún no evaluados (data no ingesta, salida de summarize, permisos de metrics, timeframe de la UI en fetch).;2026-10-02;https://docs.dynatrace.com/docs/platform/grail/dynatrace-query-language/dql-guide | https://docs.dynatrace.com/docs/platform/grail/dynatrace-query-language/commands | https://docs.dynatrace.com/docs/platform/grail/dynatrace-query-language/data-types | https://docs.dynatrace.com/docs/platform/grail/dynatrace-query-language/commands/metric-commands | https://docs.dynatrace.com/docs/platform/grail/dynatrace-query-language/dql-best-practices | https://docs.dynatrace.com/docs/platform/grail/organize-data/assign-permissions-in-grail | https://docs.dynatrace.com/docs/platform/grail/dynatrace-query-language/commands/aggregation-commands
09;security;security-model;Qué es una vulnerabilidad en contexto;original;1;requiere;1;;OK;"Afirma que vulnerabilidad, security event, Davis event y Problem son objetos distintos; verificable (las vulnerabilidades viven en security.events) y no preguntado.";2026-10-02;https://docs.dynatrace.com/docs/secure/application-security | https://docs.dynatrace.com/docs/secure/application-security/vulnerability-analytics | https://docs.dynatrace.com/docs/secure/application-security/vulnerability-analytics/vulnerability-evaluation
09;security;code-thirdparty;Código propio frente a terceros;original;2;requiere;2;;OK;Tabla de remediación por tipo de componente (código propio frente a dependencia transitiva) que ninguna pregunta evalúa.;2026-10-02;https://docs.dynatrace.com/docs/secure/application-security/vulnerability-analytics | https://docs.dynatrace.com/docs/secure/application-security/vulnerability-analytics/vulnerability-evaluation | https://docs.dynatrace.com/docs/secure/application-security/vulnerability-analytics/third-party-vulnerabilities
09;security;advisor-investigations;Security Advisor e Investigations;original;1;requiere;1;;OK;Aporta el criterio de orden de Davis Security Advisor (severidad según el DSS), no preguntado en sup-security-advisor.;2026-10-02;https://docs.dynatrace.com/docs/secure/application-security/vulnerability-analytics/vulnerability-evaluation | https://docs.dynatrace.com/docs/secure/application-security/vulnerability-analytics/third-party-vulnerabilities | https://docs.dynatrace.com/docs/secure/application-security/vulnerability-analytics/code-level-vulnerabilities
09;security;security-permissions;Permisos y ciclo de remediación;original;1;requiere;1;;OK;"Distingue leer hallazgos de cambiar configuración; verificable con las políticas Read Security Events (solo lectura) y settings:objects:write (Admin User).";2026-10-02;https://docs.dynatrace.com/docs/secure/application-security/vulnerability-analytics/third-party-vulnerabilities | https://docs.dynatrace.com/docs/secure/application-security/vulnerability-analytics/code-level-vulnerabilities | https://docs.dynatrace.com/docs/secure/vulnerabilities/prioritize
09;security;rva;Runtime Vulnerability Analytics;original;1;requiere;1;;OK;"Condiciones de la señal RVA (code module inyectado + componente cargado en el proceso) frente a presencia en disco/manifiesto; combinación no evaluada como tal.";2026-10-02;https://docs.dynatrace.com/docs/secure/application-security/vulnerability-analytics/code-level-vulnerabilities | https://docs.dynatrace.com/docs/secure/vulnerabilities/prioritize | https://docs.dynatrace.com/docs/dynatrace-api/environment-api/application-security/davis-security-advice
09;security;appsec-modes;Application Security y monitoring modes;original;0;cubierto;0;sup-rva-setup;CUBIERTO;"Su contenido evaluable (Discovery requiere code-module injection y reinicio; profundidad según modo) es el de sup-rva-setup, ya evaluado por R-SEC-13, R-SEC-14 y G-135.";2026-10-02;https://docs.dynatrace.com/docs/secure/vulnerabilities/prioritize | https://docs.dynatrace.com/docs/dynatrace-api/environment-api/application-security/davis-security-advice | https://docs.dynatrace.com/docs/secure/investigations
09;security;third-party-runtime;Third-party components y librerías cargadas;original;0;cubierto;0;sup-third-party-evaluation;CUBIERTO;Inventario frente a librería cargada y verificación en el runtime desplegado ya evaluados en sup-third-party-evaluation (A-051, FS-008, FS-009).;2026-10-02;https://docs.dynatrace.com/docs/dynatrace-api/environment-api/application-security/davis-security-advice | https://docs.dynatrace.com/docs/secure/investigations | https://docs.dynatrace.com/docs/secure/investigations/concepts
09;security;security-evidence;Límites, fuentes y evidencia;original;1;requiere;1;;OK;Contrasta el papel de Davis Security Advisor (recomienda, no aplica) e Investigations (evidencia con DQL/DPL, no calcula DSS).;2026-10-02;https://docs.dynatrace.com/docs/secure/investigations | https://docs.dynatrace.com/docs/secure/investigations/concepts | https://docs.dynatrace.com/docs/secure/faq
09;security;deep-security-capabilities;Mapa de Application Security y consulta de security.events;original;1;requiere;1;;OK;"Contenido evaluable en el examen; ya tiene preguntas revisadas y respaldadas por una frase literal del apartado (auditoría oct 2026).";2026-10-02;https://docs.dynatrace.com/docs/secure/application-security | https://docs.dynatrace.com/docs/secure/application-security/vulnerability-analytics | https://docs.dynatrace.com/docs/secure/application-security/vulnerability-analytics/vulnerability-evaluation
09;security;sup-security-events-grail;security.events en Grail: tipos de evento, buckets y permisos;nuevo;10;requiere;1;;OK;"Contenido evaluable en el examen; ya tiene preguntas revisadas y respaldadas por una frase literal del apartado (auditoría oct 2026).";2026-10-02;https://docs.dynatrace.com/docs/secure/threat-observability/concepts | https://docs.dynatrace.com/docs/secure/threat-observability/dql-examples | https://docs.dynatrace.com/docs/semantic-dictionary/model/security-events/vulnerability | https://docs.dynatrace.com/docs/manage/data-privacy-and-security/data-privacy/data-retention-periods | https://docs.dynatrace.com/docs/manage/identity-access-management/use-cases/built-in-policies
09;security;deep-third-party-code-level;Third-party vs Code-level vulnerabilities;original;1;requiere;1;;OK;"Contenido evaluable en el examen; ya tiene preguntas revisadas y respaldadas por una frase literal del apartado (auditoría oct 2026).";2026-10-02;https://docs.dynatrace.com/docs/secure/application-security/vulnerability-analytics/vulnerability-evaluation | https://docs.dynatrace.com/docs/secure/application-security/vulnerability-analytics/third-party-vulnerabilities | https://docs.dynatrace.com/docs/secure/application-security/vulnerability-analytics/code-level-vulnerabilities
09;security;sup-third-party-evaluation;Cómo se evalúan las third-party vulnerabilities;nuevo;9;requiere;1;;OK;"Contenido evaluable en el examen; ya tiene preguntas revisadas y respaldadas por una frase literal del apartado (auditoría oct 2026).";2026-10-02;https://docs.dynatrace.com/docs/secure/application-security/vulnerability-analytics/vulnerability-evaluation | https://docs.dynatrace.com/docs/secure/application-security/vulnerability-analytics | https://docs.dynatrace.com/docs/secure/vulnerabilities/concepts
09;security;sup-code-level-details;Code-level vulnerabilities: tipos, tecnologías y detalle;nuevo;7;requiere;1;;OK;"Contenido evaluable en el examen; ya tiene preguntas revisadas y respaldadas por una frase literal del apartado (auditoría oct 2026).";2026-10-02;https://docs.dynatrace.com/docs/secure/vulnerabilities/concepts | https://docs.dynatrace.com/docs/secure/application-security/vulnerability-analytics | https://docs.dynatrace.com/docs/secure/application-security/vulnerability-analytics/get-started-with-vulnerability-analytics
09;security;sup-monitoring-rules;Monitoring rules de third-party y de code-level;nuevo;6;requiere;1;;OK;"Contenido evaluable en el examen; ya tiene preguntas revisadas y respaldadas por una frase literal del apartado (auditoría oct 2026).";2026-10-02;https://docs.dynatrace.com/docs/secure/application-security/vulnerability-analytics/third-party-vulnerabilities/define-monitoring-rules-tpv | https://docs.dynatrace.com/docs/secure/application-security/vulnerability-analytics/code-level-vulnerabilities/define-monitoring-rules-clv
09;security;deep-security-prioritization;Priorización contextual con Dynatrace Security Score (DSS);original;2;requiere;1;;OK;"Contenido evaluable en el examen; ya tiene preguntas revisadas y respaldadas por una frase literal del apartado (auditoría oct 2026).";2026-10-02;https://docs.dynatrace.com/docs/secure/vulnerabilities/prioritize | https://docs.dynatrace.com/docs/dynatrace-api/environment-api/application-security/davis-security-advice | https://docs.dynatrace.com/docs/secure/investigations
09;security;sup-dss-assessment;DSS y Dynatrace Assessment en detalle;nuevo;8;requiere;1;;OK;"Contenido evaluable en el examen; ya tiene preguntas revisadas y respaldadas por una frase literal del apartado (auditoría oct 2026).";2026-10-02;https://docs.dynatrace.com/docs/secure/vulnerabilities/concepts | https://docs.dynatrace.com/docs/secure/application-security/vulnerability-analytics/vulnerability-evaluation | https://docs.dynatrace.com/docs/secure/application-security/vulnerability-analytics/third-party-vulnerabilities/davis-security-score
09;security;sup-vulnerabilities-app;La app Vulnerabilities: entidades, mute y priorización;nuevo;10;requiere;1;;OK;"Contenido evaluable en el examen; ya tiene preguntas revisadas y respaldadas por una frase literal del apartado (auditoría oct 2026).";2026-10-02;https://docs.dynatrace.com/docs/secure/vulnerabilities | https://docs.dynatrace.com/docs/secure/vulnerabilities/concepts | https://docs.dynatrace.com/docs/secure/vulnerabilities/prioritize
09;security;sup-security-advisor;Davis Security Advisor y APIs de seguridad;nuevo;4;requiere;1;;OK;"Contenido evaluable en el examen; ya tiene preguntas revisadas y respaldadas por una frase literal del apartado (auditoría oct 2026).";2026-10-02;https://docs.dynatrace.com/docs/secure/application-security/vulnerability-analytics/third-party-vulnerabilities/davis-security-advisor | https://docs.dynatrace.com/docs/dynatrace-api/environment-api/application-security/davis-security-advice | https://docs.dynatrace.com/docs/dynatrace-api/environment-api/application-security/vulnerabilities/get-vulnerabilities
09;security;deep-security-modes;Application Security y modos de OneAgent;original;3;requiere;3;;OK;Datos verificables nuevos: AppSec opt-in en los tres modos, code-module injection deshabilitada por defecto en Discovery y necesaria para AppSec y Live Debugger, process injection de Infrastructure solo con runtime metrics.;2026-10-02;https://docs.dynatrace.com/docs/secure/investigations/concepts | https://docs.dynatrace.com/docs/secure/faq | https://docs.dynatrace.com/docs/manage/data-privacy-and-security/data-privacy/data-retention-periods
09;security;sup-rva-setup;Prerrequisitos de Runtime Vulnerability Analytics por tecnología y modo;nuevo;8;requiere;1;;OK;"Contenido evaluable en el examen; ya tiene preguntas revisadas y respaldadas por una frase literal del apartado (auditoría oct 2026).";2026-10-02;https://docs.dynatrace.com/docs/secure/application-security/vulnerability-analytics/get-started-with-vulnerability-analytics | https://docs.dynatrace.com/docs/secure/application-security/getting-started/monitoring-modes
09;security;sup-rap;Runtime Application Protection;nuevo;4;requiere;1;;OK;"Contenido evaluable en el examen; ya tiene preguntas revisadas y respaldadas por una frase literal del apartado (auditoría oct 2026).";2026-10-02;https://docs.dynatrace.com/docs/secure/application-security/application-protection | https://docs.dynatrace.com/docs/secure/application-security/getting-started/monitoring-modes | https://docs.dynatrace.com/docs/secure/vulnerabilities/prioritize
09;security;deep-investigations;Investigations como flujo de evidencia;original;2;requiere;2;;OK;"Límites documentados (100 nodos, 1 GB por investigación; cifras añadidas por corrección) y prerrequisito de log ingestion, no preguntados.";2026-10-02;https://docs.dynatrace.com/docs/manage/data-privacy-and-security/data-privacy/data-retention-periods | https://docs.dynatrace.com/docs/secure/application-security/vulnerability-analytics/security-notifications-rva | https://docs.dynatrace.com/docs/secure/application-security
09;security;sup-investigations-details;Investigations: query tree, evidencia, tiempo y enriquecimiento;nuevo;10;requiere;1;;OK;"Contenido evaluable en el examen; ya tiene preguntas revisadas y respaldadas por una frase literal del apartado (auditoría oct 2026).";2026-10-02;https://docs.dynatrace.com/docs/secure/investigations | https://docs.dynatrace.com/docs/secure/investigations/concepts | https://docs.dynatrace.com/docs/secure/investigations/define-timeframes
09;security;precision-facts;Hechos de precisión;ficha;3;requiere;3;;OK;Ficha de precisión: se preguntan Muted (Open), la app Classic Third-Party Vulnerabilities deprecada y el bucket/retención de security events de terceros, no evaluados aún.;2026-10-02;https://docs.dynatrace.com/docs/secure/application-security/vulnerability-analytics | https://docs.dynatrace.com/docs/secure/vulnerabilities/prioritize | https://docs.dynatrace.com/docs/secure/application-security/vulnerability-analytics/vulnerability-evaluation | https://docs.dynatrace.com/docs/secure/application-security | https://docs.dynatrace.com/docs/secure/vulnerabilities/concepts
10;automation;workflow-model;Anatomía de un Workflow;original;1;requiere;1;;OK;"Contenido evaluable en el examen; ya tiene preguntas revisadas y respaldadas por una frase literal del apartado (auditoría oct 2026).";2026-10-02;https://docs.dynatrace.com/docs/analyze-explore-automate/workflows | https://docs.dynatrace.com/docs/platform/automationengine | https://docs.dynatrace.com/docs/analyze-explore-automate/workflows/build/trigger/event-trigger
10;automation;triggers;Triggers: on-demand, event y schedule;original;5;requiere;1;;OK;"Contenido evaluable en el examen; ya tiene preguntas revisadas y respaldadas por una frase literal del apartado (auditoría oct 2026).";2026-10-02;https://docs.dynatrace.com/docs/platform/automationengine | https://docs.dynatrace.com/docs/analyze-explore-automate/workflows/build/trigger/event-trigger | https://docs.dynatrace.com/docs/analyze-explore-automate/workflows/build/trigger
10;automation;sup-schedule-triggers;Schedule triggers: Fixed time, Time interval y cron;nuevo;5;requiere;1;;OK;"Contenido evaluable en el examen; ya tiene preguntas revisadas y respaldadas por una frase literal del apartado (auditoría oct 2026).";2026-10-02;https://docs.dynatrace.com/docs/analyze-explore-automate/workflows/build/trigger/schedules
10;automation;actor-permissions;Actor, owner y permisos;original;3;requiere;3;;OK;Contiene datos verificables propios: el actor no puede superar los permisos disponibles, el owner controla inicialmente la visibilidad (frente al actor) y cada action puede requerir permisos específicos del destino.;2026-10-02;https://docs.dynatrace.com/docs/analyze-explore-automate/workflows/build/trigger/event-trigger | https://docs.dynatrace.com/docs/analyze-explore-automate/workflows/build/trigger | https://docs.dynatrace.com/docs/analyze-explore-automate/workflows/security
10;automation;safe-automation;Automatización segura;original;3;requiere;1;;OK;"Contenido evaluable en el examen; ya tiene preguntas revisadas y respaldadas por una frase literal del apartado (auditoría oct 2026).";2026-10-02;https://docs.dynatrace.com/docs/analyze-explore-automate/workflows/build/trigger | https://docs.dynatrace.com/docs/analyze-explore-automate/workflows/security | https://docs.dynatrace.com/docs/analyze-explore-automate/workflows/running
10;automation;simple-workflow;Simple workflow y actions;original;4;requiere;1;;OK;"Contenido evaluable en el examen; ya tiene preguntas revisadas y respaldadas por una frase literal del apartado (auditoría oct 2026).";2026-10-02;https://docs.dynatrace.com/docs/analyze-explore-automate/workflows/security | https://docs.dynatrace.com/docs/analyze-explore-automate/workflows/running | https://docs.dynatrace.com/docs/analyze-explore-automate/workflows/default-workflow-actions/actions
10;automation;event-trigger-precision;Event trigger: coincidencia y límites;original;8;requiere;1;;OK;"Contenido evaluable en el examen; ya tiene preguntas revisadas y respaldadas por una frase literal del apartado (auditoría oct 2026).";2026-10-02;https://docs.dynatrace.com/docs/analyze-explore-automate/workflows/running | https://docs.dynatrace.com/docs/analyze-explore-automate/workflows/default-workflow-actions/actions | https://docs.dynatrace.com/docs/analyze-explore-automate/workflows/reference
10;automation;sup-problem-davis-triggers;Problem trigger y Davis event trigger;nuevo;6;requiere;1;;OK;"Contenido evaluable en el examen; ya tiene preguntas revisadas y respaldadas por una frase literal del apartado (auditoría oct 2026).";2026-10-02;https://docs.dynatrace.com/docs/analyze-explore-automate/workflows/build/trigger/event-trigger | https://docs.dynatrace.com/docs/analyze-explore-automate/workflows/reference
10;automation;execution-limits;Resultados, límites y observabilidad;original;2;requiere;2;;OK;Límite del action result (6 MB menos logs) y diseño de outputs mínimos frente a volumen masivo son datos evaluables no preguntados con ese enfoque.;2026-10-02;https://docs.dynatrace.com/docs/analyze-explore-automate/workflows/default-workflow-actions/actions | https://docs.dynatrace.com/docs/analyze-explore-automate/workflows/reference | https://docs.dynatrace.com/docs/analyze-explore-automate/workflows/default-workflow-actions/dql-query-workflow-action
10;automation;debug-workflow;Depurar una ejecución;original;2;requiere;2;;OK;Diagnóstico de no-arranque (live vs draft, trigger activado) y corrección de 403 con mínimo privilegio son comprobaciones verificables y examinables.;2026-10-02;https://docs.dynatrace.com/docs/analyze-explore-automate/workflows/reference | https://docs.dynatrace.com/docs/analyze-explore-automate/workflows/default-workflow-actions/dql-query-workflow-action | https://docs.dynatrace.com/docs/analyze-explore-automate/workflows/default-workflow-actions/run-javascript-workflow-action
10;automation;deep-workflow-anatomy;Anatomía de un Workflow y tipos de acciones;original;2;requiere;2;;OK;La tabla aporta restricciones no preguntadas: Run JavaScript no admite expresiones en su input y HTTP Request exige destinos autorizados (allowlist de External requests).;2026-10-02;https://docs.dynatrace.com/docs/analyze-explore-automate/workflows | https://docs.dynatrace.com/docs/platform/automationengine | https://docs.dynatrace.com/docs/analyze-explore-automate/workflows/build/trigger/event-trigger
10;automation;sup-dql-js-actions;Execute DQL Query y Run JavaScript en detalle;nuevo;12;requiere;1;;OK;"Contenido evaluable en el examen; ya tiene preguntas revisadas y respaldadas por una frase literal del apartado (auditoría oct 2026).";2026-10-02;https://docs.dynatrace.com/docs/analyze-explore-automate/workflows/default-workflow-actions/dql-query-workflow-action | https://docs.dynatrace.com/docs/analyze-explore-automate/workflows/default-workflow-actions/run-javascript-workflow-action
10;automation;sup-http-run-workflow;HTTP Request y Run workflow;nuevo;6;requiere;1;;OK;"Contenido evaluable en el examen; ya tiene preguntas revisadas y respaldadas por una frase literal del apartado (auditoría oct 2026).";2026-10-02;https://docs.dynatrace.com/docs/analyze-explore-automate/workflows/default-workflow-actions/http-request-workflow-action | https://docs.dynatrace.com/docs/analyze-explore-automate/workflows/default-workflow-actions/run-workflow-action
10;automation;deep-actor-permissions;Actor, Service Users y permisos IAM en Workflows;original;4;requiere;1;;OK;"Contenido evaluable en el examen; ya tiene preguntas revisadas y respaldadas por una frase literal del apartado (auditoría oct 2026).";2026-10-02;https://docs.dynatrace.com/docs/analyze-explore-automate/workflows/build/trigger | https://docs.dynatrace.com/docs/analyze-explore-automate/workflows/security | https://docs.dynatrace.com/docs/analyze-explore-automate/workflows/running
10;automation;sup-workflow-permissions;Permisos de Workflows, visibilidad y autorización;nuevo;8;requiere;1;;OK;"Contenido evaluable en el examen; ya tiene preguntas revisadas y respaldadas por una frase literal del apartado (auditoría oct 2026).";2026-10-02;https://docs.dynatrace.com/docs/analyze-explore-automate/workflows/security | https://docs.dynatrace.com/docs/analyze-explore-automate/workflows/quickstart
10;automation;deep-execution-states;Ejecución, tasks, retries y loops;original;2;requiere;1;;OK;"Contenido evaluable en el examen; ya tiene preguntas revisadas y respaldadas por una frase literal del apartado (auditoría oct 2026).";2026-10-02;https://docs.dynatrace.com/docs/analyze-explore-automate/workflows/default-workflow-actions/actions | https://docs.dynatrace.com/docs/analyze-explore-automate/workflows/reference | https://docs.dynatrace.com/docs/analyze-explore-automate/workflows/default-workflow-actions/dql-query-workflow-action
10;automation;sup-task-options;Task conditions y task options;nuevo;9;requiere;1;;OK;"Contenido evaluable en el examen; ya tiene preguntas revisadas y respaldadas por una frase literal del apartado (auditoría oct 2026).";2026-10-02;https://docs.dynatrace.com/docs/analyze-explore-automate/workflows/build | https://docs.dynatrace.com/docs/analyze-explore-automate/workflows/running
10;automation;sup-execution-control;Cancelar, repetir y conservar ejecuciones;nuevo;4;requiere;1;;OK;"Contenido evaluable en el examen; ya tiene preguntas revisadas y respaldadas por una frase literal del apartado (auditoría oct 2026).";2026-10-02;https://docs.dynatrace.com/docs/analyze-explore-automate/workflows/running | https://docs.dynatrace.com/docs/analyze-explore-automate/workflows/build
10;automation;deep-jinja-dql;Jinja, DQL y datos entre tasks;original;4;requiere;1;;OK;"Contenido evaluable en el examen; ya tiene preguntas revisadas y respaldadas por una frase literal del apartado (auditoría oct 2026).";2026-10-02;https://docs.dynatrace.com/docs/analyze-explore-automate/workflows/default-workflow-actions/dql-query-workflow-action | https://docs.dynatrace.com/docs/analyze-explore-automate/workflows/default-workflow-actions/run-javascript-workflow-action | https://docs.dynatrace.com/docs/analyze-explore-automate/workflows/build/simple-workflow
10;automation;deep-workflow-limits;Event Triggers: límites de 1.000 caracteres y Simple Workflows;original;2;requiere;2;;OK;Aunque solapa con otros apartados, aporta el ámbito por workflow del límite de 1.000 ejecuciones/hora y el límite de 10 MB del workflow result, evaluables de forma distinta.;2026-10-02;https://docs.dynatrace.com/docs/analyze-explore-automate/workflows/build/simple-workflow | https://docs.dynatrace.com/docs/analyze-explore-automate/workflows | https://docs.dynatrace.com/docs/platform/automationengine
10;automation;precision-facts;Hechos de precisión;ficha;3;requiere;3;;OK;Ficha de precisión: se preguntan los hechos aún no cubiertos (Davis event trigger para alertas individuales, write para eliminar workflows, reparto DQL/JavaScript).;2026-10-02;https://docs.dynatrace.com/docs/analyze-explore-automate/workflows/security | https://docs.dynatrace.com/docs/analyze-explore-automate/workflows/build/trigger/event-trigger | https://docs.dynatrace.com/docs/analyze-explore-automate/workflows | https://docs.dynatrace.com/docs/analyze-explore-automate/workflows/build/trigger | https://docs.dynatrace.com/docs/analyze-explore-automate/workflows/build/simple-workflow | https://docs.dynatrace.com/docs/analyze-explore-automate/workflows/running
11;ingestion;data-path;El camino completo del dato;original;2;requiere;2;;OK;"Contiene datos verificables: una respuesta de aceptación (204) no prueba que el dato sea consultable; drop en pipeline y permisos de lectura explican queries vacías.";2026-10-02;https://docs.dynatrace.com/docs/analyze-explore-automate/logs/lma-log-ingestion | https://docs.dynatrace.com/docs/analyze-explore-automate/logs/lma-log-ingestion/lma-log-ingestion-via-oa | https://docs.dynatrace.com/docs/analyze-explore-automate/logs/lma-log-ingestion/lma-log-ingestion-via-api
11;ingestion;signals;Logs, metrics y traces;original;1;requiere;1;;OK;"Afirma que los campos de logs deben parsearse para consultarse; verificable con la etapa Processing de OpenPipeline (parsing en campos).";2026-10-02;https://docs.dynatrace.com/docs/analyze-explore-automate/logs/lma-log-ingestion/lma-log-ingestion-via-oa | https://docs.dynatrace.com/docs/analyze-explore-automate/logs/lma-log-ingestion/lma-log-ingestion-via-api | https://docs.dynatrace.com/docs/analyze-explore-automate/logs
11;ingestion;openpipeline;OpenPipeline y reglas;original;2;requiere;2;;OK;Define los configuration scopes de OpenPipeline como tipos de datos con sus propias ingest sources, rutas y pipelines, distinto de los scopes de log ingest rules.;2026-10-02;https://docs.dynatrace.com/docs/analyze-explore-automate/logs/lma-log-ingestion/lma-log-ingestion-via-api | https://docs.dynatrace.com/docs/analyze-explore-automate/logs | https://docs.dynatrace.com/docs/platform/openpipeline
11;ingestion;cost-quality;Calidad, retención y coste;original;0;cubierto;0;deep-ingestion-governance;CUBIERTO;"Su contenido (volumen, cardinalidad, retención/bucket, masking, coste) es el mismo que el de deep-ingestion-governance, cuyas preguntas ya lo evalúan; el resto es método de validación sin dato verificable distinto.";2026-10-02;https://docs.dynatrace.com/docs/analyze-explore-automate/logs | https://docs.dynatrace.com/docs/platform/openpipeline | https://docs.dynatrace.com/docs/platform/openpipeline/reference/api-ingestion-reference
11;ingestion;mechanisms;OneAgent, ActiveGate, OpenTelemetry y APIs;original;2;requiere;2;;OK;Contiene el papel de ActiveGate como gateway (enrutar tráfico de OneAgent) y que en serverless OneAgent puede no ser posible (Lambda: extension u OpenTelemetry).;2026-10-02;https://docs.dynatrace.com/docs/platform/openpipeline | https://docs.dynatrace.com/docs/platform/openpipeline/reference/api-ingestion-reference | https://docs.dynatrace.com/docs/ingest-from/opentelemetry
11;ingestion;log-ingestion;Log ingestion y timestamps;original;2;requiere;2;;OK;Timestamp ausente o mal interpretado: la API usa la hora actual y, con formato no admitido, guarda el valor en unparsed_timestamp.;2026-10-02;https://docs.dynatrace.com/docs/platform/openpipeline/reference/api-ingestion-reference | https://docs.dynatrace.com/docs/ingest-from/opentelemetry | https://docs.dynatrace.com/docs/ingest-from
11;ingestion;metric-ingestion;Métricas, dimensiones y cardinalidad;original;3;requiere;3;;OK;"Tipos gauge/count, semántica de agregación y dimensiones: verificables en el metric ingestion protocol (count,delta; resumen gauge; 50 dimensiones).";2026-10-02;https://docs.dynatrace.com/docs/ingest-from/opentelemetry | https://docs.dynatrace.com/docs/ingest-from | https://docs.dynatrace.com/docs/observe/infrastructure-observability/vmware-vsphere-monitoring
11;ingestion;trace-ingestion;Traces, spans y sampling;original;1;requiere;1;;OK;"El sampling afecta a la unión de trazas; la documentación recomienda ParentBasedSampler para seguir la decisión del frontend.";2026-10-02;https://docs.dynatrace.com/docs/ingest-from | https://docs.dynatrace.com/docs/observe/infrastructure-observability/vmware-vsphere-monitoring | https://docs.dynatrace.com/docs/analyze-explore-automate/logs/lma-bucket-assignment
11;ingestion;cloud-vmware;Cloud, VMware y monitorización remota;original;0;cubierto;0;deep-activegate-integrations;CUBIERTO;Mismo contenido evaluable que deep-activegate-integrations (ActiveGate para la capa remota/VMware, OneAgent en la VM no recoge el hipervisor), ya evaluado por R-ING-11, R-ING-12 y R-ING-23.;2026-10-02;https://docs.dynatrace.com/docs/observe/infrastructure-observability/vmware-vsphere-monitoring | https://docs.dynatrace.com/docs/analyze-explore-automate/logs/lma-bucket-assignment | https://docs.dynatrace.com/docs/observe/business-observability/bo-events-capturing
11;ingestion;retention-storage;Buckets, retención y consulta;original;2;requiere;1;;OK;"Contenido evaluable en el examen; ya tiene preguntas revisadas y respaldadas por una frase literal del apartado (auditoría oct 2026).";2026-10-02;https://docs.dynatrace.com/docs/analyze-explore-automate/logs/lma-bucket-assignment | https://docs.dynatrace.com/docs/observe/business-observability/bo-events-capturing | https://docs.dynatrace.com/docs/observe/business-observability/bo-events-capturing/bo-events-capturing-external-sources
11;ingestion;deep-ingestion-lifecycle;El ciclo completo de ingestión y Log Ingest API;original;1;requiere;1;;OK;Aporta un dato no preguntado: el lote puede crecer tras el procesamiento y se rechaza si supera 16 MB (el resto del contrato ya está en sup-log-api-contract). Compresión gzip no verificada en la documentación actual, no se pregunta.;2026-10-02;https://docs.dynatrace.com/docs/analyze-explore-automate/logs/lma-log-ingestion | https://docs.dynatrace.com/docs/analyze-explore-automate/logs/lma-log-ingestion/lma-log-ingestion-via-oa | https://docs.dynatrace.com/docs/analyze-explore-automate/logs/lma-log-ingestion/lma-log-ingestion-via-api
11;ingestion;deep-log-ingestion;Logs: OneAgent, API, ActiveGate y cloud;original;1;requiere;1;;OK;"Contenido evaluable en el examen; ya tiene preguntas revisadas y respaldadas por una frase literal del apartado (auditoría oct 2026).";2026-10-02;https://docs.dynatrace.com/docs/analyze-explore-automate/logs/lma-log-ingestion/lma-log-ingestion-via-api | https://docs.dynatrace.com/docs/analyze-explore-automate/logs | https://docs.dynatrace.com/docs/platform/openpipeline
11;ingestion;sup-log-api-contract;Log ingestion API: contrato, respuestas y ActiveGate;nuevo;11;requiere;1;;OK;"Contenido evaluable en el examen; ya tiene preguntas revisadas y respaldadas por una frase literal del apartado (auditoría oct 2026).";2026-10-02;https://docs.dynatrace.com/docs/analyze-explore-automate/logs/lma-log-ingestion/lma-log-ingestion-via-api | https://docs.dynatrace.com/docs/dynatrace-api/environment-api/log-monitoring-v2/post-ingest-logs | https://docs.dynatrace.com/docs/analyze-explore-automate/logs/lma-limits
11;ingestion;sup-oneagent-logs;OneAgent: autodiscovery, log ingest rules y Kubernetes;nuevo;10;requiere;1;;OK;"Contenido evaluable en el examen; ya tiene preguntas revisadas y respaldadas por una frase literal del apartado (auditoría oct 2026).";2026-10-02;https://docs.dynatrace.com/docs/analyze-explore-automate/logs/lma-log-ingestion | https://docs.dynatrace.com/docs/analyze-explore-automate/logs/lma-log-ingestion/lma-log-ingestion-via-oa | https://docs.dynatrace.com/docs/analyze-explore-automate/logs/lma-log-ingestion/lma-log-ingestion-via-oa/lma-autodiscovery | https://docs.dynatrace.com/docs/analyze-explore-automate/logs/lma-log-ingestion/lma-log-ingestion-via-oa/lma-log-storage-configuration
11;ingestion;sup-syslog-cloud;Syslog en ActiveGate y logs de proveedores cloud;nuevo;3;requiere;1;;OK;"Contenido evaluable en el examen; ya tiene preguntas revisadas y respaldadas por una frase literal del apartado (auditoría oct 2026).";2026-10-02;https://docs.dynatrace.com/docs/analyze-explore-automate/logs/lma-log-ingestion/lma-log-ingestion-syslog | https://docs.dynatrace.com/docs/analyze-explore-automate/logs/lma-log-ingestion/lma-cloud-provider-log-forwarding | https://docs.dynatrace.com/docs/analyze-explore-automate/logs/lma-log-ingestion
11;ingestion;deep-openpipeline;OpenPipeline: ingest sources, routing, pipelines y storage;original;2;requiere;2;;OK;Lista completa y ordenada de stages (Smartscape, allocation, Davis, Data extraction) no preguntada antes.;2026-10-02;https://docs.dynatrace.com/docs/platform/openpipeline/reference/api-ingestion-reference | https://docs.dynatrace.com/docs/ingest-from/opentelemetry | https://docs.dynatrace.com/docs/ingest-from
11;ingestion;sup-op-sources-routing;Ingest sources, routing y forwarding en OpenPipeline;nuevo;16;requiere;1;;OK;"Contenido evaluable en el examen; ya tiene preguntas revisadas y respaldadas por una frase literal del apartado (auditoría oct 2026).";2026-10-02;https://docs.dynatrace.com/docs/platform/openpipeline/concepts/data-flow | https://docs.dynatrace.com/docs/analyze-explore-automate/logs/lma-log-processing/lma-openpipeline | https://docs.dynatrace.com/docs/platform/openpipeline/concepts/forwarding
11;ingestion;sup-op-stages-processors;Stages y processors dentro de un pipeline;nuevo;15;requiere;1;;OK;"Contenido evaluable en el examen; ya tiene preguntas revisadas y respaldadas por una frase literal del apartado (auditoría oct 2026).";2026-10-02;https://docs.dynatrace.com/docs/platform/openpipeline/concepts/processing | https://docs.dynatrace.com/docs/platform/openpipeline/concepts/processing-stage | https://docs.dynatrace.com/docs/analyze-explore-automate/logs/lma-log-processing/lma-openpipeline
11;ingestion;sup-op-groups-access;Pipeline groups y owner-based access control;nuevo;10;requiere;1;;OK;"Contenido evaluable en el examen; ya tiene preguntas revisadas y respaldadas por una frase literal del apartado (auditoría oct 2026).";2026-10-02;https://docs.dynatrace.com/docs/platform/openpipeline/concepts/pipeline-groups | https://docs.dynatrace.com/docs/platform/openpipeline/concepts/access-control
11;ingestion;deep-otel-signals;OpenTelemetry para logs, métricas y traces;original;2;requiere;2;;OK;Endpoints nativos SaaS/ActiveGate/OneAgent y auth del endpoint: endpoint local de OneAgent (14499, solo traces, sin token) y scopes de Classic token.;2026-10-02;https://docs.dynatrace.com/docs/observe/infrastructure-observability/vmware-vsphere-monitoring | https://docs.dynatrace.com/docs/analyze-explore-automate/logs/lma-bucket-assignment | https://docs.dynatrace.com/docs/observe/business-observability/bo-events-capturing
11;ingestion;sup-otlp;OTLP en Dynatrace: endpoints, protocolo y correlación;nuevo;8;requiere;1;;OK;"Contenido evaluable en el examen; ya tiene preguntas revisadas y respaldadas por una frase literal del apartado (auditoría oct 2026).";2026-10-02;https://docs.dynatrace.com/docs/ingest-from/opentelemetry/otlp-api | https://docs.dynatrace.com/docs/ingest-from/opentelemetry | https://docs.dynatrace.com/docs/ingest-from/opentelemetry/troubleshooting
11;ingestion;deep-activegate-integrations;ActiveGate, cloud y VMware;original;3;requiere;1;;OK;"Contenido evaluable en el examen; ya tiene preguntas revisadas y respaldadas por una frase literal del apartado (auditoría oct 2026).";2026-10-02;https://docs.dynatrace.com/docs/observe/business-observability/bo-events-capturing/bo-events-capturing-external-sources | https://docs.dynatrace.com/docs/license/capabilities/metrics | https://docs.dynatrace.com/docs/ingest-from/opentelemetry/troubleshooting
11;ingestion;deep-ingestion-governance;Buckets, retención, seguridad y coste;original;2;requiere;2;;OK;Permisos de bucket, table y record en Grail: storage:buckets:read + storage:logs:read y condición sobre dt.security_context.;2026-10-02;https://docs.dynatrace.com/docs/ingest-from/opentelemetry/troubleshooting | https://docs.dynatrace.com/docs/analyze-explore-automate/logs/lma-log-ingestion | https://docs.dynatrace.com/docs/analyze-explore-automate/logs/lma-log-ingestion/lma-log-ingestion-via-oa
11;ingestion;precision-facts;Hechos de precisión;ficha;3;requiere;3;;OK;Ficha de precisión: se preguntan hechos aún no evaluados (200 en ingestión parcial, 35 días de default_logs frente al timeframe, el parser no crea fuente).;2026-10-02;https://docs.dynatrace.com/docs/platform/openpipeline | https://docs.dynatrace.com/docs/analyze-explore-automate/logs/lma-log-ingestion | https://docs.dynatrace.com/docs/platform/activegate | https://docs.dynatrace.com/docs/ingest-from | https://docs.dynatrace.com/docs/ingest-from/opentelemetry/troubleshooting | https://docs.dynatrace.com/docs/analyze-explore-automate/logs/lma-bucket-assignment | https://docs.dynatrace.com/docs/analyze-explore-automate/logs/lma-limits
12;other;smartscape;Smartscape y topología;original;2;requiere;2;;OK;Define lifetime/timeframe como causas de relaciones ausentes y niveles de entidad (incl. database/application): evaluable con la naturaleza dinámica de SERVICE calls SERVICE y la arista FRONTEND calls SERVICE.;2026-10-02;https://docs.dynatrace.com/docs/shortlink/smartscape | https://docs.dynatrace.com/docs/analyze-explore-automate/smartscape/smartscape-concepts | https://docs.dynatrace.com/docs/semantic-dictionary/model/smartscape/core
12;other;sup-smartscape-app;App Smartscape: nodos, grupos, búsqueda, filtros y layouts;nuevo;9;requiere;1;;OK;"Contenido evaluable en el examen; ya tiene preguntas revisadas y respaldadas por una frase literal del apartado (auditoría oct 2026).";2026-10-02;https://docs.dynatrace.com/docs/analyze-explore-automate/smartscape/smartscape-concepts | https://docs.dynatrace.com/docs/analyze-explore-automate/smartscape/smartscape-views | https://docs.dynatrace.com/docs/analyze-explore-automate/smartscape/smartscape-in-context-views/smartscape-view-topology | https://docs.dynatrace.com/docs/platform/grail/smartscape-on-grail
12;other;sup-problem-graph;Problem graph: alcance de los Problems activos;nuevo;5;requiere;1;;OK;"Contenido evaluable en el examen; ya tiene preguntas revisadas y respaldadas por una frase literal del apartado (auditoría oct 2026).";2026-10-02;https://docs.dynatrace.com/docs/analyze-explore-automate/smartscape/smartscape-views/problem-graph
12;other;logs;Investigación de logs;original;3;requiere;3;;OK;Incluye una consulta DQL concreta (orden, límite, contains sensible a mayúsculas) y la distinción dt.entity.service (ID Classic) frente a dt.smartscape.service.;2026-10-02;https://docs.dynatrace.com/docs/analyze-explore-automate/smartscape/smartscape-concepts | https://docs.dynatrace.com/docs/semantic-dictionary/model/smartscape/core | https://docs.dynatrace.com/docs/analyze-explore-automate/logs
12;other;entities;Niveles de entidad;original;2;requiere;2;;OK;Tabla entidad/qué representa/pregunta con niveles host, PGI, service y application verificables (PG = clúster lógico, PGI = ejecución concreta).;2026-10-02;https://docs.dynatrace.com/docs/semantic-dictionary/model/smartscape/core | https://docs.dynatrace.com/docs/analyze-explore-automate/logs | https://docs.dynatrace.com/docs/analyze-explore-automate/logs/lma-logs-app
12;other;hub-integrations;Hub, extensiones y lookups;original;2;requiere;2;;OK;"Hub cataloga apps/extensiones y el comportamiento de lookup con claves no únicas es dato verificable; se corrigió la afirmación falsa de que lookup multiplica filas.";2026-10-02;https://docs.dynatrace.com/docs/analyze-explore-automate/logs | https://docs.dynatrace.com/docs/analyze-explore-automate/logs/lma-logs-app | https://docs.dynatrace.com/docs/shortlink/dql-commands
12;other;entity-model;Entity model e identificadores;original;2;requiere;2;;OK;Aporta la dependencia service→varias bases de datos (SERVICE calls DB_* dinámica) y el timeframe como contexto de entidad (campo lifetime en Classic).;2026-10-02;https://docs.dynatrace.com/docs/analyze-explore-automate/logs/lma-logs-app | https://docs.dynatrace.com/docs/shortlink/dql-commands | https://docs.dynatrace.com/docs/manage/hub
12;other;dql-dpl;DQL, DPL y parsing;original;1;requiere;1;;OK;"Contenido evaluable en el examen; ya tiene preguntas revisadas y respaldadas por una frase literal del apartado (auditoría oct 2026).";2026-10-02;https://docs.dynatrace.com/docs/shortlink/dql-commands | https://docs.dynatrace.com/docs/manage/hub | https://docs.dynatrace.com/docs/platform/grail/querying-monitored-entities
12;other;log-evidence;Logs: del mensaje a la evidencia;original;2;requiere;2;;OK;Remite a content cuando no hay campos parseados y a la retención cuando un log no aparece: evaluable con el campo content y la retención de 35 días de default_logs.;2026-10-02;https://docs.dynatrace.com/docs/manage/hub | https://docs.dynatrace.com/docs/platform/grail/querying-monitored-entities | https://docs.dynatrace.com/docs/semantic-dictionary
12;other;smartscape-diagnosis;Smartscape como hipótesis;original;2;requiere;2;;OK;Una arista es relación observada, no causalidad, y hay que confirmar la señal que la sustenta: evaluable con aristas dinámicas basadas en señales de monitorización.;2026-10-02;https://docs.dynatrace.com/docs/platform/grail/querying-monitored-entities | https://docs.dynatrace.com/docs/semantic-dictionary | https://docs.dynatrace.com/docs/manage/data-privacy-and-security
12;other;hub-verification;Verificar una integración del Hub;original;2;requiere;2;;OK;Instalado no implica produciendo datos y hay que documentar permisos: evaluable con Health/logs por monitoring configuration y permisos extensions:configurations:*.;2026-10-02;https://docs.dynatrace.com/docs/semantic-dictionary | https://docs.dynatrace.com/docs/manage/data-privacy-and-security | https://docs.dynatrace.com/docs/platform/grail/dynatrace-pattern-language
12;other;deep-smartscape-graph;Smartscape Classic: 5 tiers y entidades dt.entity.*;original;3;requiere;1;;OK;"Contenido evaluable en el examen; ya tiene preguntas revisadas y respaldadas por una frase literal del apartado (auditoría oct 2026).";2026-10-02;https://docs.dynatrace.com/docs/shortlink/smartscape | https://docs.dynatrace.com/docs/analyze-explore-automate/smartscape/smartscape-concepts | https://docs.dynatrace.com/docs/semantic-dictionary/model/smartscape/core
12;other;sup-smartscape-on-grail;Smartscape on Grail: IDs, lifetime, edges y retención;nuevo;18;requiere;1;;OK;"Contenido evaluable en el examen; ya tiene preguntas revisadas y respaldadas por una frase literal del apartado (auditoría oct 2026).";2026-10-02;https://docs.dynatrace.com/docs/platform/grail/smartscape-on-grail
12;other;sup-smartscape-dql;Consultar la topología: smartscapeNodes, smartscapeEdges y traverse;nuevo;8;requiere;1;;OK;"Contenido evaluable en el examen; ya tiene preguntas revisadas y respaldadas por una frase literal del apartado (auditoría oct 2026).";2026-10-02;https://docs.dynatrace.com/docs/platform/grail/dynatrace-query-language/commands/smartscape-commands | https://docs.dynatrace.com/docs/semantic-dictionary/model/smartscape/core | https://docs.dynatrace.com/docs/platform/grail/smartscape-on-grail
12;other;sup-smartscape-events;Smartscape events: upserts parciales y borrado con null;nuevo;3;requiere;1;;OK;"Contenido evaluable en el examen; ya tiene preguntas revisadas y respaldadas por una frase literal del apartado (auditoría oct 2026).";2026-10-02;https://docs.dynatrace.com/docs/platform/grail/smartscape-on-grail
12;other;deep-log-investigation;Investigar logs sin perder el contexto;original;3;requiere;3;;OK;Filtro por campo frente a búsqueda textual, uso de DPL y orden filtrar→parsear: datos verificables en la documentación de DQL y DPL.;2026-10-02;https://docs.dynatrace.com/docs/semantic-dictionary/model/smartscape/core | https://docs.dynatrace.com/docs/analyze-explore-automate/logs | https://docs.dynatrace.com/docs/analyze-explore-automate/logs/lma-logs-app
12;other;sup-logs-app;Logs app: permisos, facetas, filtros y continuidad;nuevo;14;requiere;1;;OK;"Contenido evaluable en el examen; ya tiene preguntas revisadas y respaldadas por una frase literal del apartado (auditoría oct 2026).";2026-10-02;https://docs.dynatrace.com/docs/analyze-explore-automate/logs/lma-logs-app | https://docs.dynatrace.com/docs/analyze-explore-automate/logs/lma-logs-app/facets | https://docs.dynatrace.com/docs/analyze-explore-automate/logs/lma-logs-app/query-and-filter | https://docs.dynatrace.com/docs/analyze-explore-automate/logs
12;other;sup-log-patterns;Surrounding logs y pattern analysis;nuevo;5;requiere;1;;OK;"Contenido evaluable en el examen; ya tiene preguntas revisadas y respaldadas por una frase literal del apartado (auditoría oct 2026).";2026-10-02;https://docs.dynatrace.com/docs/analyze-explore-automate/logs/lma-logs-app/surrounding-logs | https://docs.dynatrace.com/docs/analyze-explore-automate/logs/lma-logs-app/patterns
12;other;deep-entities-query;Entidades y consulta con DQL (storage:entities:read);original;2;requiere;2;;OK;Su consulta fetch dt.entity.host | fieldsAdd runs[...] y la relación inversa runs/runs_on no están preguntadas en sup-classic-entities.;2026-10-02;https://docs.dynatrace.com/docs/shortlink/dql-commands | https://docs.dynatrace.com/docs/manage/hub | https://docs.dynatrace.com/docs/platform/grail/querying-monitored-entities
12;other;sup-classic-entities;Entidades Classic en DQL: fetch dt.entity.*, relaciones y límites;nuevo;11;requiere;1;;OK;"Contenido evaluable en el examen; ya tiene preguntas revisadas y respaldadas por una frase literal del apartado (auditoría oct 2026).";2026-10-02;https://docs.dynatrace.com/docs/platform/grail/querying-monitored-entities | https://docs.dynatrace.com/docs/observe/infrastructure-observability/process-groups
12;other;deep-hub-extensions;Hub, apps y Extensions 2.0;original;3;requiere;3;;OK;La ficha de Hub (Technical information con permisos e intents, Contents) y el lifecycle de actualización de extensiones son datos documentados no preguntados.;2026-10-02;https://docs.dynatrace.com/docs/platform/grail/querying-monitored-entities | https://docs.dynatrace.com/docs/semantic-dictionary | https://docs.dynatrace.com/docs/manage/data-privacy-and-security
12;other;sup-hub-extensions-setup;Hub y extensiones SNMP: permisos y pasos de configuración;nuevo;4;requiere;1;;OK;"Contenido evaluable en el examen; ya tiene preguntas revisadas y respaldadas por una frase literal del apartado (auditoría oct 2026).";2026-10-02;https://docs.dynatrace.com/docs/manage/hub | https://docs.dynatrace.com/docs/ingest-from/extensions/manage-extensions | https://docs.dynatrace.com/docs/ingest-from/extensions/supported-extensions/data-sources/snmp
12;other;deep-cross-app-troubleshooting;Drilldowns y diagnóstico transversal;original;1;requiere;1;;OK;"Abrir una entidad en otra app conservando contexto se apoya en intents, dato verificable; el resto (destinos de la Logs app, navegación a host) ya está cubierto por G-194/G-197.";2026-10-02;https://docs.dynatrace.com/docs/manage/data-privacy-and-security | https://docs.dynatrace.com/docs/platform/grail/dynatrace-pattern-language | https://docs.dynatrace.com/docs/shortlink/smartscape
12;other;precision-facts;Hechos de precisión;ficha;4;requiere;4;;OK;Ficha de examen: se preguntan hechos aún no evaluados (versión 1.334, fetch logs lee todos los buckets, instance_of/instantiates, nodo del tier Processes). Se corrigió la fila Lookup.;2026-10-02;https://docs.dynatrace.com/docs/shortlink/smartscape | https://docs.dynatrace.com/docs/platform/grail/querying-monitored-entities | https://docs.dynatrace.com/docs/platform/grail/dynatrace-query-language/data-types | https://docs.dynatrace.com/docs/platform/grail/organize-data | https://www.dynatrace.com/hub/ | https://docs.dynatrace.com/docs/platform/grail/dynatrace-query-language/commands | https://docs.dynatrace.com/docs/analyze-explore-automate/logs | https://docs.dynatrace.com/docs/analyze-explore-automate/smartscape-classic
