Pregunta;Bloque;Apartado;TituloApartado;Tipo;Categoria;Dificultad;FraseDeLaGuia;DocOficial
R-WEL-33;welcome;deep-data-to-decision;De la telemetría a una decisión operativa;multiple;practical;intermediate;"las interacciones de usuarios reales capturadas por RUM se guardan como user events y se consultan con `fetch user.events`; y los hallazgos de seguridad, como las vulnerabilidades, están en la tabla `security.events`";https://docs.dynatrace.com/docs/semantic-dictionary/model/rum/user-events | https://docs.dynatrace.com/docs/semantic-dictionary/model/security-events | https://docs.dynatrace.com/docs/platform/grail/dynatrace-query-language/commands/metric-commands
R-WEL-31;welcome;deep-dynatrace-101;Dynatrace 101: Arquitectura y Fundamentos de la Plataforma;multiple;knowledge;intermediate;además ofrece predictive AI (forecast analysis) y generative AI (Dynatrace Assist);https://docs.dynatrace.com/docs/dynatrace-intelligence/reference/ai-models | https://docs.dynatrace.com/docs/dynatrace-intelligence/agentic-and-generative-ai
R-WEL-32;welcome;deep-dynatrace-101;Dynatrace 101: Arquitectura y Fundamentos de la Plataforma;single;scenario;basic;ejecución concreta de un proceso en ese host, que pertenece a un Process Group, la agrupación lógica de procesos equivalentes;https://docs.dynatrace.com/docs/observe/infrastructure-observability/process-groups | https://docs.dynatrace.com/docs/analyze-explore-automate/smartscape-classic
R-WEL-36;welcome;deep-evidence-quality;Calidad de evidencia y límites;single;troubleshooting;basic;las peticiones a un servicio, con su duración, se guardan como spans y se consultan con `fetch spans`;https://docs.dynatrace.com/docs/platform/grail/dynatrace-query-language/dql-guide | https://docs.dynatrace.com/docs/platform/grail/dynatrace-grail
R-WEL-37;welcome;deep-evidence-quality;Calidad de evidencia y límites;multiple;troubleshooting;intermediate;leer logs exige el permiso de tabla `storage:logs:read` y además `storage:buckets:read` sobre el bucket que los guarda;https://docs.dynatrace.com/docs/platform/grail/organize-data/assign-permissions-in-grail | https://docs.dynatrace.com/docs/platform/grail/dynatrace-grail
R-WEL-34;welcome;deep-problem-davis;Davis event, Problem, root cause e impact;multiple;knowledge;intermediate;impact muestra las entidades y posibles usuarios o aplicaciones afectados;https://docs.dynatrace.com/docs/dynatrace-intelligence/root-cause-analysis/concepts
R-WEL-35;welcome;deep-problem-davis;Davis event, Problem, root cause e impact;single;scenario;intermediate;una pregunta que pide “cada anomalía individual” apunta a Davis events;https://docs.dynatrace.com/docs/discover-dynatrace/references/semantic-dictionary/model/davis | https://docs.dynatrace.com/docs/dynatrace-intelligence/root-cause-analysis/concepts
W-065;welcome;investigation-loop;Bucle de investigación;single;scenario;advanced;Una investigación reproducible conserva consulta, filtros y fecha.;https://docs.dynatrace.com/docs/analyze-explore-automate/dashboards-and-notebooks/differences-dashboards-notebooks | https://docs.dynatrace.com/docs/dynatrace-intelligence/agentic-and-generative-ai
R-WEL-28;welcome;platform-model;El modelo mental de Dynatrace;single;scenario;basic;una entidad, una relación Smartscape y un Problem ayudan a conectar ese síntoma con un proceso, un servicio y la experiencia afectada;https://docs.dynatrace.com/docs/discover-dynatrace/what-is-dynatrace | https://docs.dynatrace.com/docs/analyze-explore-automate/smartscape-classic | https://docs.dynatrace.com/docs/dynatrace-intelligence/root-cause-analysis/concepts
R-WEL-38;welcome;precision-facts;Hechos de precisión;single;precision;advanced;el seasonal baseline usa una predicción probabilística para su banda de confianza;https://docs.dynatrace.com/docs/dynatrace-intelligence/reference/ai-models/seasonal-baseline | https://docs.dynatrace.com/docs/dynatrace-intelligence/anomaly-detection/auto-adaptive-threshold | https://docs.dynatrace.com/docs/dynatrace-intelligence/anomaly-detection/static-thresholds
R-WEL-39;welcome;precision-facts;Hechos de precisión;single;scenario;basic;"Las apps se abren y anclan desde el Dock; se descubren e instalan en Hub";https://docs.dynatrace.com/docs/manage/hub | https://docs.dynatrace.com/docs/discover-dynatrace/get-started/dynatrace-ui | https://docs.dynatrace.com/docs/discover-dynatrace/get-started/dynatrace-ui/launchpads
R-WEL-40;welcome;precision-facts;Hechos de precisión;single;precision;intermediate;Todas las capabilities consumen del mismo compromiso, cada una con su unidad;https://docs.dynatrace.com/docs/manage/subscriptions-and-licensing/dynatrace-platform-subscription | https://docs.dynatrace.com/docs/license/capabilities-and-units
R-WEL-21;welcome;sup-anomaly-ai;Detección de anomalías y las AI de Dynatrace Intelligence;single;scenario;intermediate;es el adecuado para límites críticos y para problemas que crecen poco a poco, como una fuga de memoria lenta;https://docs.dynatrace.com/docs/dynatrace-intelligence/anomaly-detection/static-thresholds | https://docs.dynatrace.com/docs/dynatrace-intelligence/anomaly-detection/auto-adaptive-threshold | https://docs.dynatrace.com/docs/dynatrace-intelligence/reference/ai-models/seasonal-baseline
R-WEL-24;welcome;sup-anomaly-ai;Detección de anomalías y las AI de Dynatrace Intelligence;single;scenario;basic;la forecast analysis predice valores futuros de cualquier serie temporal numérica (por ejemplo, para anticipar cuándo se llenará un disco);https://docs.dynatrace.com/docs/dynatrace-intelligence/reference/ai-models/forecast-analysis | https://docs.dynatrace.com/docs/dynatrace-intelligence/agentic-and-generative-ai
W-017;welcome;sup-anomaly-ai;Detección de anomalías y las AI de Dynatrace Intelligence;single;scenario;advanced;tolera los picos previsibles, como los del horario laboral, y detecta desviaciones fuera de ese patrón;https://docs.dynatrace.com/docs/dynatrace-intelligence/reference/ai-models/seasonal-baseline | https://docs.dynatrace.com/docs/dynatrace-intelligence/anomaly-detection/auto-adaptive-threshold
W-041;welcome;sup-anomaly-ai;Detección de anomalías y las AI de Dynatrace Intelligence;single;precision;advanced;el percentil 99 de las medidas por minuto es el baseline y se le suma n veces la signal fluctuation;https://docs.dynatrace.com/docs/dynatrace-intelligence/anomaly-detection/auto-adaptive-threshold
W-059;welcome;sup-anomaly-ai;Detección de anomalías y las AI de Dynatrace Intelligence;single;knowledge;intermediate;traduce preguntas en lenguaje natural a DQL (y puede ejecutarla), explica consultas existentes y resume Problems con su root cause;https://docs.dynatrace.com/docs/dynatrace-intelligence/agentic-and-generative-ai
R-WEL-01;welcome;sup-buckets-permissions;Buckets, retención y permisos en Grail;multiple;troubleshooting;intermediate;la lectura necesita los dos: sin storage:buckets:read sobre los buckets que contienen los datos, o sin el permiso de la tabla, no se obtienen esos registros, aunque exista el otro permiso.;https://docs.dynatrace.com/docs/platform/grail/organize-data/assign-permissions-in-grail
R-WEL-05;welcome;sup-buckets-permissions;Buckets, retención y permisos en Grail;multiple;precision;intermediate;Los buckets built-in (los default_ y los de sistema dt_) no se pueden modificar. Si necesitas otra retención, creas un bucket custom, que admite retenciones de 1 día a 10 años, más una semana adicional;https://docs.dynatrace.com/docs/platform/grail/organize-data
R-WEL-09;welcome;sup-buckets-permissions;Buckets, retención y permisos en Grail;single;troubleshooting;intermediate;default_spans 10 días y default_metrics 15 meses: unas métricas de hace tres semanas siguen disponibles, pero sus spans ya no;https://docs.dynatrace.com/docs/platform/grail/organize-data | https://docs.dynatrace.com/docs/ingest-from/dynatrace-oneagent/adaptive-traffic-management/adaptive-traffic-management-saas-dps | https://docs.dynatrace.com/docs/platform/grail/dynatrace-query-language/commands/metric-commands
W-021;welcome;sup-buckets-permissions;Buckets, retención y permisos en Grail;single;precision;advanced;Por eso la misma consulta, con el mismo timeframe, puede devolver 0 registros a un usuario y miles a otro;https://docs.dynatrace.com/docs/platform/grail/organize-data/assign-permissions-in-grail | https://docs.dynatrace.com/docs/platform/upgrade/foundations/upgrade-guide-segments
W-045;welcome;sup-buckets-permissions;Buckets, retención y permisos en Grail;single;precision;advanced;los segments filtran los datos de forma dinámica al consultar, pero no sustituyen el control de acceso de las management zones;https://docs.dynatrace.com/docs/platform/upgrade/foundations/upgrade-guide-segments
W-066;welcome;sup-buckets-permissions;Buckets, retención y permisos en Grail;single;knowledge;intermediate;el tiempo que se conserva un log lo define la retención del bucket al que va;https://docs.dynatrace.com/docs/platform/grail/organize-data | https://docs.dynatrace.com/docs/platform/openpipeline/concepts/processing
R-WEL-08;welcome;sup-dps;Dynatrace Platform Subscription (DPS): consumo por capability;single;scenario;intermediate;Full-Stack Monitoring se mide en GiB-hours (memoria de cada host monitorizado por hora), así que un host con más memoria consume más;https://docs.dynatrace.com/docs/license/capabilities-and-units
R-WEL-26;welcome;sup-dps;Dynatrace Platform Subscription (DPS): consumo por capability;single;scenario;intermediate;conservar logs más tiempo consume Log – Retain en GiB-days;https://docs.dynatrace.com/docs/license/capabilities-and-units | https://docs.dynatrace.com/docs/platform/grail/organize-data
W-005;welcome;sup-dps;Dynatrace Platform Subscription (DPS): consumo por capability;single;knowledge;intermediate;el consumo se acumula contra ese compromiso según un rate card que fija el precio por unidad de cada capability;https://docs.dynatrace.com/docs/manage/subscriptions-and-licensing/dynatrace-platform-subscription
W-019;welcome;sup-dps;Dynatrace Platform Subscription (DPS): consumo por capability;single;troubleshooting;advanced;una vez alcanzado, se puede seguir usando Dynatrace con consumo on-demand sin overage premiums;https://docs.dynatrace.com/docs/manage/subscriptions-and-licensing/dynatrace-platform-subscription
W-034;welcome;sup-dps;Dynatrace Platform Subscription (DPS): consumo por capability;single;knowledge;intermediate;Las métricas se facturan en Metrics – Ingest & Process por data point ingerido;https://docs.dynatrace.com/docs/license/capabilities-and-units
W-038;welcome;sup-dps;Dynatrace Platform Subscription (DPS): consumo por capability;single;knowledge;intermediate;Adaptive Traffic Management ajusta automáticamente cada 15 minutos la tasa de muestreo de trazas para que el volumen capturado no supere el volumen de trazas incluido con Full-Stack;https://docs.dynatrace.com/docs/ingest-from/dynatrace-oneagent/adaptive-traffic-management/adaptive-traffic-management-saas-dps
W-040;welcome;sup-dps;Dynatrace Platform Subscription (DPS): consumo por capability;single;scenario;advanced;una migración de servidores on-premises a Kubernetes desplaza el consumo hacia capabilities como Kubernetes Platform Monitoring (pod-hours) sin cambiar de contrato;https://docs.dynatrace.com/docs/manage/subscriptions-and-licensing/dynatrace-platform-subscription | https://docs.dynatrace.com/docs/license/capabilities-and-units
W-052;welcome;sup-dps;Dynatrace Platform Subscription (DPS): consumo por capability;single;precision;advanced;El coste y el uso se consultan en Account Management > Subscription > Overview;https://docs.dynatrace.com/docs/manage/account-management/license-subscription/subscription-overview-dps
W-060;welcome;sup-dps;Dynatrace Platform Subscription (DPS): consumo por capability;single;precision;advanced;"dimensiones de alta cardinalidad (order_id, user_id) disparan series y data points; esos identificadores encajan mejor como atributos de logs, spans o Business Events";https://docs.dynatrace.com/docs/license/capabilities-and-units
R-WEL-19;welcome;sup-grail-dql;Grail y DQL: un único almacén y un lenguaje en pipeline;single;practical;basic;Cada comando recibe la salida del anterior: se cargan logs, se filtran los ERROR, se cuentan por host y se ordenan.;https://docs.dynatrace.com/docs/platform/grail/dynatrace-query-language/dql-guide | https://docs.dynatrace.com/docs/platform/grail/dynatrace-grail
R-WEL-20;welcome;sup-grail-dql;Grail y DQL: un único almacén y un lenguaje en pipeline;single;knowledge;intermediate;Las métricas se consultan con timeseries, un comando de inicio que carga, filtra y agrega datos de métricas en series temporales;https://docs.dynatrace.com/docs/platform/grail/dynatrace-query-language/commands/metric-commands
W-002;welcome;sup-grail-dql;Grail y DQL: un único almacén y un lenguaje en pipeline;single;knowledge;intermediate;logs, métricas, trazas (spans), eventos y Business Events se guardan en un único almacenamiento y quedan interconectados con el modelo de topología del entorno;https://docs.dynatrace.com/docs/platform/grail
W-009;welcome;sup-grail-dql;Grail y DQL: un único almacén y un lenguaje en pipeline;single;precision;intermediate;los datos entran sin definir un esquema previo y sin índices, y la estructura (campos y tipos) se aplica al consultar, por ejemplo con el comando parse de DQL;https://docs.dynatrace.com/docs/platform/grail
W-010;welcome;sup-grail-dql;Grail y DQL: un único almacén y un lenguaje en pipeline;single;knowledge;basic;DQL (Dynatrace Query Language) es el lenguaje de consulta de Grail. Todos los comandos se encadenan con | (pipe);https://docs.dynatrace.com/docs/discover-dynatrace/what-is-dynatrace
W-022;welcome;sup-grail-dql;Grail y DQL: un único almacén y un lenguaje en pipeline;single;knowledge;basic;"una métrica es una serie temporal de valores numéricos (por ejemplo, CPU por minuto); un evento registra un hecho puntual con timestamp y atributos";https://docs.dynatrace.com/docs/platform/grail
W-027;welcome;sup-grail-dql;Grail y DQL: un único almacén y un lenguaje en pipeline;single;knowledge;basic;una trace distribuida muestra el recorrido de una petición entre servicios en spans, con la duración de cada llamada (también a bases de datos);https://docs.dynatrace.com/docs/observe/application-observability/distributed-tracing/tracking-transactions
W-035;welcome;sup-grail-dql;Grail y DQL: un único almacén y un lenguaje en pipeline;single;precision;advanced;Latest Dynatrace se apoya en Grail, en DQL y en las apps de AppEngine, y sigue usando OneAgent, Smartscape y Problems;https://docs.dynatrace.com/docs/platform/grail | https://docs.dynatrace.com/docs/platform/appengine
R-WEL-04;welcome;sup-oneagent;OneAgent, ActiveGate y OpenTelemetry;multiple;scenario;intermediate;un host que pasa de Full-Stack a Infrastructure pierde distributed tracing, la visibilidad a nivel de código y el profiling;https://docs.dynatrace.com/docs/platform/oneagent/monitoring-modes/monitoring-modes
R-WEL-10;welcome;sup-oneagent;OneAgent, ActiveGate y OpenTelemetry;single;practical;basic;para saltar a la traza concreta se usa trace_id;https://docs.dynatrace.com/docs/analyze-explore-automate/logs/lma-log-ingestion/lma-log-ingestion-via-oa/lma-log-data-transformation-oa
R-WEL-14;welcome;sup-oneagent;OneAgent, ActiveGate y OpenTelemetry;single;scenario;basic;La comunicación de OneAgent con Dynatrace es solo saliente: Dynatrace nunca inicia la comunicación con OneAgent;https://docs.dynatrace.com/docs/platform/oneagent/how-one-agent-works
R-WEL-15;welcome;sup-oneagent;OneAgent, ActiveGate y OpenTelemetry;single;scenario;intermediate;Discovery mode da métricas básicas para descubrir hosts y procesos, solo está disponible con DPS y consume la capability Foundation & Discovery (host-hours);https://docs.dynatrace.com/docs/platform/oneagent/monitoring-modes/monitoring-modes | https://docs.dynatrace.com/docs/license/capabilities-and-units
R-WEL-18;welcome;sup-oneagent;OneAgent, ActiveGate y OpenTelemetry;single;knowledge;basic;También inyecta un tag de JavaScript en las páginas que sirven los servidores web monitorizados para obtener datos de Real User Monitoring;https://docs.dynatrace.com/docs/platform/oneagent/how-one-agent-works
R-WEL-22;welcome;sup-oneagent;OneAgent, ActiveGate y OpenTelemetry;single;troubleshooting;intermediate;Tras instalarlo, hay que reiniciar los procesos que ya estaban en marcha para poder monitorizarlos en profundidad;https://docs.dynatrace.com/docs/ingest-from/dynatrace-oneagent/installation-and-operation/linux/installation/install-oneagent-on-linux | https://docs.dynatrace.com/docs/platform/oneagent/how-one-agent-works
W-013;welcome;sup-oneagent;OneAgent, ActiveGate y OpenTelemetry;single;knowledge;basic;se instala una vez por host: monitoriza el sistema operativo, detecta los procesos y se inyecta (code modules) en tecnologías compatibles;https://docs.dynatrace.com/docs/platform/oneagent/how-one-agent-works
W-042;welcome;sup-oneagent;OneAgent, ActiveGate y OpenTelemetry;multiple;precision;advanced;Un Environment ActiveGate actúa como proxy seguro entre los OneAgents y Dynatrace (útil en redes aisladas), monitoriza tecnologías por API de forma remota;https://docs.dynatrace.com/docs/ingest-from/dynatrace-activegate
W-047;welcome;sup-oneagent;OneAgent, ActiveGate y OpenTelemetry;single;precision;advanced;atributos del modelo de entidades (dt.entity.host, dt.entity.process_group, dt.source_entity…) y trace_id y span_id;https://docs.dynatrace.com/docs/analyze-explore-automate/logs/lma-log-ingestion/lma-log-ingestion-via-oa/lma-log-data-transformation-oa
W-049;welcome;sup-oneagent;OneAgent, ActiveGate y OpenTelemetry;single;scenario;advanced;las trazas distribuidas del servicio con desglose por método (method hotspots en Classic) muestran el tiempo de cada método;https://docs.dynatrace.com/docs/platform/oneagent/monitoring-modes/monitoring-modes | https://docs.dynatrace.com/docs/observe/application-observability/services-classic/service-flow
W-055;welcome;sup-oneagent;OneAgent, ActiveGate y OpenTelemetry;multiple;knowledge;intermediate;"la API OTLP recibe trazas, métricas y logs en /api/v2/otlp por HTTP con protobuf binario (http/protobuf); gRPC y JSON no están soportados";https://docs.dynatrace.com/docs/ingest-from/opentelemetry/otlp-api | https://docs.dynatrace.com/docs/observe/application-observability/distributed-tracing/tracking-transactions
R-WEL-03;welcome;sup-openpipeline;OpenPipeline: procesar antes de almacenar;multiple;knowledge;intermediate;Processing, Smartscape node, Smartscape edge, Permission, Product allocation, Cost allocation, Bucket assignment, Metric extraction, Davis y Data extraction;https://docs.dynatrace.com/docs/platform/openpipeline/concepts/processing
R-WEL-23;welcome;sup-openpipeline;OpenPipeline: procesar antes de almacenar;single;scenario;intermediate;por eso es el lugar para enmascarar datos sensibles que no deben llegar a Grail;https://docs.dynatrace.com/docs/platform/openpipeline/concepts/processing | https://docs.dynatrace.com/docs/platform/grail/organize-data/assign-permissions-in-grail
W-029;welcome;sup-openpipeline;OpenPipeline: procesar antes de almacenar;single;knowledge;basic;Actúa en la ingesta, dentro de la plataforma: no es un módulo de OneAgent, no se aplica cuando DQL lee los datos y no mueve registros entre buckets cuando caducan;https://docs.dynatrace.com/docs/platform/openpipeline | https://docs.dynatrace.com/docs/platform/openpipeline/concepts/processing
R-WEL-06;welcome;sup-platform-apps;Navegación y apps clave de la plataforma;multiple;scenario;basic;Para ejecutarse sin intervención humana sirven los triggers de evento y de horario;https://docs.dynatrace.com/docs/analyze-explore-automate/workflows
R-WEL-27;welcome;sup-platform-apps;Navegación y apps clave de la plataforma;single;scenario;basic;con Pin to dock se anclan las más usadas. La búsqueda de la plataforma se abre con Ctrl+K (Windows/Linux) o Cmd+K (Mac);https://docs.dynatrace.com/docs/discover-dynatrace/get-started/dynatrace-ui | https://docs.dynatrace.com/docs/discover-dynatrace/get-started/dynatrace-ui/search
W-018;welcome;sup-platform-apps;Navegación y apps clave de la plataforma;single;knowledge;basic;Launcher permite crear launchpads: páginas de inicio personalizables, propias o compartidas, con bloques Links, Markdown y Cards;https://docs.dynatrace.com/docs/discover-dynatrace/get-started/dynatrace-ui/launchpads | https://docs.dynatrace.com/docs/discover-dynatrace/get-started/dynatrace-ui
W-026;welcome;sup-platform-apps;Navegación y apps clave de la plataforma;single;precision;advanced;Notebooks está pensado para el análisis ad hoc, el troubleshooting de incidentes complejos, la documentación y la colaboración;https://docs.dynatrace.com/docs/analyze-explore-automate/dashboards-and-notebooks/differences-dashboards-notebooks
W-039;welcome;sup-platform-apps;Navegación y apps clave de la plataforma;single;knowledge;basic;AutomationEngine es el motor que ejecuta Workflows;https://docs.dynatrace.com/docs/analyze-explore-automate/workflows | https://docs.dynatrace.com/docs/discover-dynatrace/what-is-dynatrace
W-046;welcome;sup-platform-apps;Navegación y apps clave de la plataforma;single;knowledge;intermediate;el Dynatrace App Toolkit sirve para crearlas, construirlas y desplegarlas;https://docs.dynatrace.com/docs/platform/appengine
W-061;welcome;sup-platform-apps;Navegación y apps clave de la plataforma;single;precision;advanced;hay que añadirla al entorno (Add to environment) y crear su monitoring configuration;https://docs.dynatrace.com/docs/ingest-from/extensions/manage-extensions | https://docs.dynatrace.com/docs/manage/hub
R-WEL-02;welcome;sup-problems-lifecycle;Problems: correlación, severidad y ciclo de vida;multiple;precision;advanced;Un Problem cerrado nunca se reabre: si vuelven eventos relacionados activos, se abre un Problem nuevo. Si un Problem dura más de 90 minutos, a partir de ese momento no se le fusionan eventos nuevos;https://docs.dynatrace.com/docs/dynatrace-intelligence/root-cause-analysis/concepts
R-WEL-07;welcome;sup-problems-lifecycle;Problems: correlación, severidad y ciclo de vida;multiple;practical;advanced;"dt.davis.problems es una vista con el estado actual de cada Problem (deduplicado), mientras que dt.davis.problems.snapshots guarda una instantánea cada vez que el Problem se actualiza; contar filas de snapshots sobrestima el número de Problems";https://docs.dynatrace.com/docs/discover-dynatrace/references/semantic-dictionary/model/davis
R-WEL-11;welcome;sup-problems-lifecycle;Problems: correlación, severidad y ciclo de vida;single;scenario;intermediate;si a un Problem de Slowdown se le fusiona un evento Availability, pasa a Availability;https://docs.dynatrace.com/docs/dynatrace-intelligence/root-cause-analysis/event-analysis-and-correlation/event-categories
R-WEL-12;welcome;sup-problems-lifecycle;Problems: correlación, severidad y ciclo de vida;single;scenario;intermediate;Los eventos Info (deployments, cambios de configuración, acciones administrativas) no abren Problems, pero aportan contexto;https://docs.dynatrace.com/docs/dynatrace-intelligence/root-cause-analysis/event-analysis-and-correlation/event-categories | https://docs.dynatrace.com/docs/dynatrace-intelligence
R-WEL-16;welcome;sup-problems-lifecycle;Problems: correlación, severidad y ciclo de vida;single;knowledge;intermediate;siempre hay que escribir un comentario de cierre, que se guarda en Grail como annotation event;https://docs.dynatrace.com/docs/dynatrace-intelligence/problems-app | https://docs.dynatrace.com/docs/dynatrace-intelligence/root-cause-analysis/concepts
W-003;welcome;sup-problems-lifecycle;Problems: correlación, severidad y ciclo de vida;single;precision;intermediate;no agrupa alertas solo porque coincidan en el tiempo ni elige como causa la primera que se disparó, sino que usa las dependencias reales para determinar qué anomalía explica a las demás;https://docs.dynatrace.com/docs/dynatrace-intelligence
W-007;welcome;sup-problems-lifecycle;Problems: correlación, severidad y ciclo de vida;single;precision;intermediate;Un Problem agrupa todos los eventos que comparten la misma root cause en una única situación rastreable;https://docs.dynatrace.com/docs/discover-dynatrace/references/semantic-dictionary/model/davis
W-008;welcome;sup-problems-lifecycle;Problems: correlación, severidad y ciclo de vida;single;scenario;advanced;la secuencia más eficaz es revisar su impacto y timeframe, ir a la root cause que señala y confirmarla con trazas y logs de esa entidad;https://docs.dynatrace.com/docs/dynatrace-intelligence/problems-app | https://docs.dynatrace.com/docs/dynatrace-intelligence/root-cause-analysis/concepts
W-011;welcome;sup-problems-lifecycle;Problems: correlación, severidad y ciclo de vida;single;scenario;advanced;la root cause es la entidad que, según las dependencias, explica la degradación de las demás, no la que más eventos acumula ni la primera en el tiempo;https://docs.dynatrace.com/docs/dynatrace-intelligence | https://docs.dynatrace.com/docs/dynatrace-intelligence/problems-app
W-023;welcome;sup-problems-lifecycle;Problems: correlación, severidad y ciclo de vida;single;scenario;advanced;ante una caída de red que afecta a cientos de servicios y hosts se abre un solo Problem con el fallo de red como root cause;https://docs.dynatrace.com/docs/dynatrace-intelligence
W-032;welcome;sup-problems-lifecycle;Problems: correlación, severidad y ciclo de vida;single;scenario;advanced;se define una maintenance window (puntual o recurrente), que suprime las notificaciones de alerta durante el trabajo;https://docs.dynatrace.com/docs/analyze-explore-automate/alerting-and-notifications/maintenance-windows
W-037;welcome;sup-problems-lifecycle;Problems: correlación, severidad y ciclo de vida;single;precision;advanced;filtran qué notificaciones de Problems se entregan y por qué canal (Slack, PagerDuty, Opsgenie…) según severidad, duración, management zones, eventos y tags;https://docs.dynatrace.com/docs/analyze-explore-automate/notifications-and-alerting/alerting-profiles
W-054;welcome;sup-problems-lifecycle;Problems: correlación, severidad y ciclo de vida;multiple;knowledge;intermediate;Monitoring unavailable, Availability, Error, Slowdown, Resource, Custom, Info y Warning;https://docs.dynatrace.com/docs/dynatrace-intelligence/root-cause-analysis/event-analysis-and-correlation/event-categories
W-062;welcome;sup-problems-lifecycle;Problems: correlación, severidad y ciclo de vida;single;scenario;advanced;Un Problem se cierra cuando se cierran todos sus Davis events o cuando alguien lo cierra manualmente;https://docs.dynatrace.com/docs/dynatrace-intelligence/root-cause-analysis/concepts | https://docs.dynatrace.com/docs/discover-dynatrace/references/semantic-dictionary/model/davis
R-WEL-17;welcome;sup-security-business-dem;Seguridad, negocio y experiencia digital en la misma plataforma;single;precision;intermediate;Runtime Application Protection detecta y bloquea en tiempo real ataques como la inyección SQL con información a nivel de código;https://docs.dynatrace.com/docs/secure/application-security
R-WEL-25;welcome;sup-security-business-dem;Seguridad, negocio y experiencia digital en la misma plataforma;multiple;knowledge;intermediate;Se obtienen con reglas de captura de OneAgent, por API desde sistemas externos, con OpenPipeline o desde RUM;https://docs.dynatrace.com/docs/observe/business-observability
W-044;welcome;sup-security-business-dem;Seguridad, negocio y experiencia digital en la misma plataforma;single;knowledge;intermediate;Los Business Events aportan datos de negocio (importe, ID de producto, tipo de póliza) con la precisión que exigen los casos de negocio, sin depender del muestreo;https://docs.dynatrace.com/docs/observe/business-observability
W-048;welcome;sup-security-business-dem;Seguridad, negocio y experiencia digital en la misma plataforma;single;knowledge;basic;Synthetic Monitoring ejecuta monitores programados desde ubicaciones públicas o privadas que comprueban disponibilidad y rendimiento aunque no haya tráfico real;https://docs.dynatrace.com/docs/discover-dynatrace/what-is-dynatrace
W-058;welcome;sup-security-business-dem;Seguridad, negocio y experiencia digital en la misma plataforma;single;knowledge;intermediate;Application Security usa el mismo OneAgent en runtime. Runtime Vulnerability Analytics identifica vulnerabilidades de terceros y a nivel de código en producción, y el Dynatrace Security Score ajusta el riesgo;https://docs.dynatrace.com/docs/secure/application-security
R-WEL-13;welcome;sup-smartscape;Smartscape: entidades, tiers y relaciones;single;practical;advanced;Smartscape on Grail guarda las entidades como nodos y las relaciones (runs_on, calls, relates_to…) como aristas, y se consultan con DQL mediante smartscapeNodes y smartscapeEdges;https://docs.dynatrace.com/docs/discover-dynatrace/platform/grail/smartscape-on-grail
W-004;welcome;sup-smartscape;Smartscape: entidades, tiers y relaciones;single;knowledge;basic;de abajo arriba, Data centers → Hosts → Processes → Services → Applications;https://docs.dynatrace.com/docs/analyze-explore-automate/smartscape-classic
W-006;welcome;sup-smartscape;Smartscape: entidades, tiers y relaciones;single;precision;intermediate;"Un Process Group es un clúster lógico de procesos que pertenecen a la misma aplicación o unidad de despliegue y cumplen la misma función en varios hosts; una Process Group Instance (PGI) es una ejecución concreta de ese grupo en un host";https://docs.dynatrace.com/docs/discover-dynatrace/what-is-dynatrace
W-012;welcome;sup-smartscape;Smartscape: entidades, tiers y relaciones;single;precision;advanced;Las relaciones horizontales son las llamadas entrantes y salientes dentro de cada tier, como un Service que llama a otro Service;https://docs.dynatrace.com/docs/analyze-explore-automate/smartscape-classic
W-020;welcome;sup-smartscape;Smartscape: entidades, tiers y relaciones;single;scenario;advanced;si un host cae, caen las Process Group Instances que ejecutaba y el impacto sube hacia los Services y Applications que dependen de ellas;https://docs.dynatrace.com/docs/analyze-explore-automate/smartscape-classic
W-024;welcome;sup-smartscape;Smartscape: entidades, tiers y relaciones;single;precision;advanced;Un Service representa la funcionalidad que se invoca (peticiones web, RPC, consultas) y lo atienden los procesos de un Process Group;https://docs.dynatrace.com/docs/analyze-explore-automate/smartscape-classic
W-030;welcome;sup-smartscape;Smartscape: entidades, tiers y relaciones;single;precision;advanced;se construye con lo que observa OneAgent (procesos y su comunicación proceso a proceso), las APIs de las plataformas cloud y las stages Smartscape node y Smartscape edge de OpenPipeline;https://docs.dynatrace.com/docs/discover-dynatrace/platform/grail/smartscape-on-grail | https://docs.dynatrace.com/docs/platform/oneagent/how-one-agent-works
W-056;welcome;sup-smartscape;Smartscape: entidades, tiers y relaciones;single;scenario;advanced;incluidas las llamadas a database services, el número de peticiones analizadas, el porcentaje de ellas que llega a cada servicio o base de datos;https://docs.dynatrace.com/docs/observe/application-observability/services-classic/service-flow | https://docs.dynatrace.com/docs/observe/application-observability/services-classic/service-flow/service-flow-filtering
W-063;welcome;sup-smartscape;Smartscape: entidades, tiers y relaciones;single;precision;advanced;un microservicio desplegado en 10 pods repartidos en 3 nodos sigue siendo un único Service atendido por varias instancias;https://docs.dynatrace.com/docs/shortlink/smartscape
R-WEL-29;welcome;terminology;Terminología que no debes mezclar;single;knowledge;basic;DQL · ¿Cómo consulto y analizo datos? · DPL, que sirve para parsing;https://docs.dynatrace.com/docs/platform/grail/dynatrace-pattern-language | https://docs.dynatrace.com/docs/platform/grail/dynatrace-query-language/dql-guide
R-WEL-30;welcome;terminology;Terminología que no debes mezclar;multiple;precision;intermediate;Business Event · ¿Qué acción o hecho de negocio ocurrió? · user event genérico;https://docs.dynatrace.com/docs/discover-dynatrace/what-is-dynatrace | https://docs.dynatrace.com/docs/observe/business-observability | https://docs.dynatrace.com/docs/ingest-from/dynatrace-activegate
I-001;instructions;deep-exam-readiness;Conectividad de red de OneAgent y ActiveGate;single;practical;basic;Sin ningún ActiveGate intermedio, OneAgent conecta directamente con el clúster SaaS por el puerto 443.;https://docs.dynatrace.com/docs/ingest-from/dynatrace-activegate/supported-connectivity-schemes-for-activegates | https://docs.dynatrace.com/docs/platform/oneagent/how-one-agent-works
I-005;instructions;deep-exam-readiness;Conectividad de red de OneAgent y ActiveGate;single;troubleshooting;intermediate;pero una conexión TCP a la IP del endpoint por el puerto 443 se establece, la ruta y el puerto funcionan: el problema está en la resolución DNS del FQDN.;https://docs.dynatrace.com/docs/ingest-from/dynatrace-activegate/supported-connectivity-schemes-for-activegates
I-026;instructions;deep-exam-readiness;Conectividad de red de OneAgent y ActiveGate;single;knowledge;intermediate;Entre las capacidades de routing del ActiveGate están el enrutado del tráfico de OneAgent hacia Dynatrace, el buffering y la compresión;https://docs.dynatrace.com/docs/ingest-from/dynatrace-activegate/capabilities | https://docs.dynatrace.com/docs/ingest-from/dynatrace-activegate/supported-connectivity-schemes-for-activegates
R-INS-01;instructions;deep-exam-readiness;Conectividad de red de OneAgent y ActiveGate;single;knowledge;basic;Con un Environment ActiveGate, los OneAgents se conectan a él por el puerto 9999;https://docs.dynatrace.com/docs/ingest-from/dynatrace-activegate/supported-connectivity-schemes-for-activegates
R-INS-02;instructions;deep-exam-readiness;Conectividad de red de OneAgent y ActiveGate;multiple;precision;intermediate;es posible la conexión simultánea a través de varios ActiveGates. La regla de preferencia es clara: OneAgent se conecta a un Environment ActiveGate si existe uno, y solo conecta directamente con el clúster SaaS si no es posible ninguna conexión con un Environment ActiveGate.;https://docs.dynatrace.com/docs/platform/oneagent/how-one-agent-works | https://docs.dynatrace.com/docs/ingest-from/dynatrace-activegate/supported-connectivity-schemes-for-activegates
R-INS-03;instructions;deep-exam-readiness;Conectividad de red de OneAgent y ActiveGate;single;practical;basic;Environment ActiveGate → clúster SaaS: el ActiveGate abre la conexión de salida hacia el clúster, que recibe conexiones en el puerto 443.;https://docs.dynatrace.com/docs/ingest-from/dynatrace-activegate/supported-connectivity-schemes-for-activegates
R-INS-38;instructions;deep-exam-readiness;Conectividad de red de OneAgent y ActiveGate;multiple;precision;intermediate;routing y monitorización (enrutar el tráfico de OneAgent, monitorizar entornos cloud o tecnologías remotas con extensions), ejecutar monitores synthetic desde una private location y el módulo zRemote para z/OS. Los módulos no se deben mezclar entre propósitos;https://docs.dynatrace.com/docs/ingest-from/dynatrace-activegate/capabilities
R-INS-59;instructions;deep-question-reading;Lectura adversarial del enunciado y tácticas de búsqueda;single;precision;basic;`app-engine:apps:install` permite instalar y actualizar apps (Hub lo exige para instalarlas);https://docs.dynatrace.com/docs/manage/hub | https://docs.dynatrace.com/docs/manage/identity-access-management/permission-management/manage-user-permissions-policies/advanced/iam-policystatements
R-INS-60;instructions;deep-question-reading;Lectura adversarial del enunciado y tácticas de búsqueda;multiple;practical;intermediate;`storage:bucket-definitions:write` permite escribir definiciones de bucket en Grail, es decir, crear o modificar buckets personalizados;https://docs.dynatrace.com/docs/platform/grail/organize-data | https://docs.dynatrace.com/docs/manage/identity-access-management/permission-management/manage-user-permissions-policies/advanced/iam-policystatements
R-INS-61;instructions;deep-question-reading;Lectura adversarial del enunciado y tácticas de búsqueda;single;practical;basic;`fetch dt.entity.host` devuelve las entidades host (por defecto, su ID y su nombre) y, como toda consulta de entidades, exige `storage:entities:read`;https://docs.dynatrace.com/docs/platform/grail/querying-monitored-entities | https://docs.dynatrace.com/docs/manage/identity-access-management/permission-management/manage-user-permissions-policies/advanced/iam-policystatements
R-INS-62;instructions;precision-facts;Hechos de precisión;multiple;knowledge;basic;"el examen tiene 60 preguntas escritas (multiple-choice y multiple-response) y 10-15 preguntas prácticas; solo la parte práctica es open book.";https://community.dynatrace.com/pssft35649/attachments/pssft35649/GetStarted/1351/1/Associate_Certification_Learning_Path_2025.pdf
R-INS-63;instructions;precision-facts;Hechos de precisión;single;knowledge;basic;Lo supervisa ProctorU, con proctoring solo en inglés.;https://community.dynatrace.com/pssft35649/attachments/pssft35649/GetStarted/1351/1/Associate_Certification_Learning_Path_2025.pdf
R-INS-64;instructions;precision-facts;Hechos de precisión;single;troubleshooting;intermediate;Localizar el cuello de botella requiere relacionar llamadas HTTP de servicios con queries de base de datos.;https://community.dynatrace.com/pssft35649/attachments/pssft35649/GetStarted/1351/1/Associate_Certification_Learning_Path_2025.pdf | https://docs.dynatrace.com/docs/semantic-dictionary/model/trace
I-032;instructions;sup-http-web;HTTP en Dynatrace: failure detection, IP del cliente y campos de spans;single;precision;intermediate;La failure detection por defecto interpreta los códigos HTTP 500-599 como errores en el lado servidor;https://docs.dynatrace.com/docs/observe/application-observability/services/service-detection/service-detection-v1/configure-service-failure-detection | https://docs.dynatrace.com/docs/observe/application-observability/services/service-detection/service-detection-v2/failure-detection-v2
I-034;instructions;sup-http-web;HTTP en Dynatrace: failure detection, IP del cliente y campos de spans;single;troubleshooting;intermediate;Si todas las sesiones de RUM muestran la misma IP y ubicación, identifica la cabecera en la que el balanceador pasa la IP original y configúrala ahí.;https://docs.dynatrace.com/docs/observe/digital-experience/web-applications/additional-configuration/customize-ip-address-detection-web
R-INS-54;instructions;sup-http-web;HTTP en Dynatrace: failure detection, IP del cliente y campos de spans;single;precision;intermediate;el modelo de spans define `http.request.method` (GET, POST…) y `http.response.status_code` (por ejemplo, 200 o 503).;https://docs.dynatrace.com/docs/semantic-dictionary/model/trace
R-INS-21;instructions;sup-ingest-formats;Timestamps, métricas y logs JSON en la ingesta;single;precision;intermediate;el campo `timestamp` es el momento (UNIX epoch en nanosegundos) en que se originó el evento.;https://docs.dynatrace.com/docs/semantic-dictionary/fields | https://docs.dynatrace.com/docs/semantic-dictionary/model/log
R-INS-22;instructions;sup-ingest-formats;Timestamps, métricas y logs JSON en la ingesta;single;knowledge;basic;Si el registro no tiene una clave de timestamp admitida, se usa la hora actual.;https://docs.dynatrace.com/docs/analyze-explore-automate/logs/lma-log-ingestion/lma-log-ingestion-via-api/lma-ingest-json-txt-logs
R-INS-23;instructions;sup-ingest-formats;Timestamps, métricas y logs JSON en la ingesta;single;troubleshooting;advanced;Los timestamps más de 10 minutos en el futuro se sustituyen por la hora actual.;https://docs.dynatrace.com/docs/analyze-explore-automate/logs/lma-log-ingestion/lma-log-ingestion-via-api/lma-ingest-json-txt-logs
R-INS-24;instructions;sup-ingest-formats;Timestamps, métricas y logs JSON en la ingesta;single;troubleshooting;advanced;espera el timestamp en milisegundos UTC y acepta valores entre 1 hora en el pasado y 10 minutos en el futuro;https://docs.dynatrace.com/docs/ingest-from/extend-dynatrace/extend-metrics/reference/metric-ingestion-protocol
R-INS-25;instructions;sup-ingest-formats;Timestamps, métricas y logs JSON en la ingesta;single;precision;intermediate;"la metric key de un contador recibe automáticamente el sufijo `.count` salvo que ya termine en `.count` (y un gauge cuya clave termina en `.count` recibe `.gauge`); las métricas en Grail no aplican los sufijos `.count` ni `.gauge`.";https://docs.dynatrace.com/docs/ingest-from/extend-dynatrace/extend-metrics/reference/metric-ingestion-protocol
R-INS-26;instructions;sup-ingest-formats;Timestamps, métricas y logs JSON en la ingesta;single;knowledge;intermediate;un gauge se envía con un único valor o pre-agregado como `gauge,min=…,max=…,sum=…,count=…`;https://docs.dynatrace.com/docs/ingest-from/extend-dynatrace/extend-metrics/reference/metric-ingestion-protocol
R-INS-27;instructions;sup-ingest-formats;Timestamps, métricas y logs JSON en la ingesta;multiple;practical;intermediate;El contenido se busca en este orden: `content`, `message`, `payload`, `body`, `log`. El nivel se detecta, sin distinguir mayúsculas, de `loglevel`, `status`, `severity`, `level` o `syslog.severity`;https://docs.dynatrace.com/docs/analyze-explore-automate/logs/lma-log-ingestion/lma-log-ingestion-via-api/lma-ingest-json-txt-logs
R-INS-36;instructions;sup-ingest-formats;Timestamps, métricas y logs JSON en la ingesta;single;practical;intermediate;"`parse content, ""JSON:payload""` crea un record `payload` y `fieldsFlatten payload` extrae los campos de ese record anidado a campos de primer nivel";https://docs.dynatrace.com/docs/platform/grail/dynatrace-query-language/commands/structuring-commands
R-INS-41;instructions;sup-ingest-formats;Timestamps, métricas y logs JSON en la ingesta;multiple;precision;advanced;"Timestamp en el metric ingestion protocol: milisegundos UTC; en la Log ingestion API: Unix epoch en UTC, RFC3339 o RFC3164.";https://docs.dynatrace.com/docs/ingest-from/extend-dynatrace/extend-metrics/reference/metric-ingestion-protocol | https://docs.dynatrace.com/docs/analyze-explore-automate/logs/lma-log-ingestion/lma-log-ingestion-via-api/lma-ingest-json-txt-logs
R-INS-50;instructions;sup-ingest-formats;Timestamps, métricas y logs JSON en la ingesta;single;troubleshooting;intermediate;Si el formato no es compatible, se usa la hora actual y el valor original se mueve al atributo `unparsed_timestamp`.;https://docs.dynatrace.com/docs/analyze-explore-automate/logs/lma-log-ingestion/lma-log-ingestion-via-api/lma-ingest-json-txt-logs
R-INS-55;instructions;sup-ingest-formats;Timestamps, métricas y logs JSON en la ingesta;single;precision;intermediate;`status` es la importancia global derivada del nivel de log y solo admite INFO, WARN, ERROR y NONE.;https://docs.dynatrace.com/docs/semantic-dictionary/model/log
I-033;instructions;sup-k8s-health;Estados de Kubernetes y alertas de Dynatrace;single;troubleshooting;intermediate;"Si un contenedor alcanza su CPU limit, no se termina: se limita (throttling) y responde más lento, lo que refleja ""Detect high CPU throttling"".";https://docs.dynatrace.com/docs/observe/infrastructure-observability/kubernetes-app/reference/kubernetes-alerting
I-053;instructions;sup-k8s-health;Estados de Kubernetes y alertas de Dynatrace;single;troubleshooting;intermediate;en la pestaña Events verás `OOMKilled` seguido de `Created` y `Started`, porque el contenedor superó su memory limit, `kubelet` lo terminó y Kubernetes lo recreó automáticamente.;https://docs.dynatrace.com/docs/observe/infrastructure-observability/kubernetes-app/use-cases/troubleshoot-health-problems | https://docs.dynatrace.com/docs/observe/infrastructure-observability/kubernetes-app/reference/kubernetes-alerting
I-056;instructions;sup-k8s-health;Estados de Kubernetes y alertas de Dynatrace;single;troubleshooting;intermediate;Si falla el Readiness probe, el Pod deja de estar listo y se retira de los endpoints del Service, sin reiniciarse.;https://docs.dynatrace.com/docs/observe/infrastructure-observability/kubernetes-app/reference/kubernetes-alerting
I-064;instructions;sup-k8s-health;Estados de Kubernetes y alertas de Dynatrace;single;troubleshooting;basic;"`CrashLoopBackOff` significa que el contenedor arranca, falla y Kubernetes lo reinicia con esperas crecientes; la causa está en los logs del contenedor y en los eventos del Pod.";https://docs.dynatrace.com/docs/observe/infrastructure-observability/kubernetes-app/reference/kubernetes-alerting | https://docs.dynatrace.com/docs/observe/infrastructure-observability/container-platform-monitoring/kubernetes-app
R-INS-40;instructions;sup-k8s-health;Estados de Kubernetes y alertas de Dynatrace;single;troubleshooting;intermediate;el scheduler no encuentra un Node con memoria asignable suficiente para los requests del Pod.;https://docs.dynatrace.com/docs/observe/infrastructure-observability/kubernetes-app/reference/kubernetes-alerting | https://docs.dynatrace.com/docs/observe/infrastructure-observability/container-platform-monitoring/kubernetes-app
R-INS-56;instructions;sup-k8s-health;Estados de Kubernetes y alertas de Dynatrace;single;knowledge;basic;health alerts, para situaciones críticas que desencadenan una investigación de Problems, y warning signals, que informan de un posible problema en situaciones no críticas.;https://docs.dynatrace.com/docs/observe/infrastructure-observability/container-platform-monitoring/kubernetes-app | https://docs.dynatrace.com/docs/observe/infrastructure-observability/kubernetes-app/reference/kubernetes-alerting
I-007;instructions;sup-k8s-operator;Kubernetes y Dynatrace Operator;single;knowledge;intermediate;La organización lógica de Kubernetes es Cluster → Namespace → Workload → Pod → Container.;https://docs.dynatrace.com/docs/observe/infrastructure-observability/container-platform-monitoring/kubernetes-app
I-009;instructions;sup-k8s-operator;Kubernetes y Dynatrace Operator;single;knowledge;basic;Dynatrace Operator gestiona el rollout automatizado, la configuración y el ciclo de vida de los componentes de Dynatrace a partir de custom resources (DynaKube y EdgeConnect).;https://docs.dynatrace.com/docs/ingest-from/setup-on-k8s/how-it-works/components/dynatrace-operator
I-027;instructions;sup-k8s-operator;Kubernetes y Dynatrace Operator;single;precision;intermediate;muta los Pods al crearse, añadiendo un init container que configura los code modules, sin reconstruir las imágenes;https://docs.dynatrace.com/docs/ingest-from/setup-on-k8s/how-it-works/components/dynatrace-operator | https://docs.dynatrace.com/docs/ingest-from/setup-on-k8s/how-it-works/cloud-native-fullstack
I-031;instructions;sup-k8s-operator;Kubernetes y Dynatrace Operator;single;knowledge;basic;El Namespace es una partición lógica de todo el clúster para aislar recursos y equipos;https://docs.dynatrace.com/docs/semantic-dictionary/fields | https://docs.dynatrace.com/docs/observe/infrastructure-observability/container-platform-monitoring/kubernetes-app
I-038;instructions;sup-k8s-operator;Kubernetes y Dynatrace Operator;single;knowledge;basic;En un despliegue cloudNativeFullStack, OneAgent se ejecuta como DaemonSet y recoge las métricas de los Nodes;https://docs.dynatrace.com/docs/ingest-from/setup-on-k8s/how-it-works/cloud-native-fullstack
R-INS-16;instructions;sup-k8s-operator;Kubernetes y Dynatrace Operator;multiple;precision;intermediate;"muta los Pods al crearse, añadiendo un init container que configura los code modules, sin reconstruir las imágenes; y el CSI driver, desplegado como DaemonSet con una réplica por Node, proporciona los code modules";https://docs.dynatrace.com/docs/ingest-from/setup-on-k8s/how-it-works/components/dynatrace-operator
R-INS-17;instructions;sup-k8s-operator;Kubernetes y Dynatrace Operator;single;knowledge;intermediate;descargándolos una vez por Node en lugar de una vez por Pod, lo que reduce almacenamiento y carga.;https://docs.dynatrace.com/docs/ingest-from/setup-on-k8s/how-it-works/components/dynatrace-operator | https://docs.dynatrace.com/docs/ingest-from/setup-on-k8s/how-it-works/cloud-native-fullstack
R-INS-18;instructions;sup-k8s-operator;Kubernetes y Dynatrace Operator;single;knowledge;basic;el ActiveGate enruta los datos de observabilidad hacia el clúster de Dynatrace y monitoriza la API de Kubernetes;https://docs.dynatrace.com/docs/ingest-from/setup-on-k8s/how-it-works/cloud-native-fullstack
R-INS-19;instructions;sup-k8s-operator;Kubernetes y Dynatrace Operator;single;troubleshooting;intermediate;"kubectl -n dynatrace create secret generic dynakube --from-literal=""apiToken=<OPERATOR_TOKEN>"" --from-literal=""dataIngestToken=<DATA_INGEST_TOKEN>""";https://docs.dynatrace.com/docs/ingest-from/setup-on-k8s/guides/operation/migrate-dto-to-tenant
R-INS-20;instructions;sup-k8s-operator;Kubernetes y Dynatrace Operator;single;scenario;intermediate;los Pods que ya estaban en ejecución antes del despliegue no pasaron por el webhook y hay que reiniciar esos workloads (por ejemplo, con un rollout restart).;https://docs.dynatrace.com/docs/ingest-from/setup-on-k8s/how-it-works/components/dynatrace-operator | https://docs.dynatrace.com/docs/ingest-from/setup-on-k8s/how-it-works/cloud-native-fullstack
R-INS-52;instructions;sup-k8s-operator;Kubernetes y Dynatrace Operator;single;practical;intermediate;"Para excluir un Pod concreto se usa la anotación `dynatrace.com/inject: ""false""`";https://docs.dynatrace.com/docs/ingest-from/setup-on-k8s/guides/deployment-and-configuration/monitoring-and-instrumentation/annotate
R-INS-53;instructions;sup-k8s-operator;Kubernetes y Dynatrace Operator;single;practical;intermediate;Para limitar la inyección a ciertos namespaces se usa `namespaceSelector` en el DynaKube, con `matchLabels` para incluir namespaces etiquetados;https://docs.dynatrace.com/docs/ingest-from/setup-on-k8s/guides/deployment-and-configuration/monitoring-and-instrumentation/annotate
I-052;instructions;sup-network-zones;Network zones y ActiveGate groups;single;scenario;intermediate;Organización multirregión: un único entorno, ActiveGates en cada ubicación y network zones por ubicación.;https://docs.dynatrace.com/docs/manage/network-zones/network-zones-basic-info | https://docs.dynatrace.com/docs/ingest-from/dynatrace-activegate/capabilities
I-059;instructions;sup-network-zones;Network zones y ActiveGate groups;single;knowledge;intermediate;Reparto y failover de OneAgent entre varios ActiveGates de un centro de datos: misma network zone para ActiveGates y OneAgents.;https://docs.dynatrace.com/docs/manage/network-zones/oneagent-connectivity | https://docs.dynatrace.com/docs/ingest-from/dynatrace-activegate/activegate-group
I-063;instructions;sup-network-zones;Network zones y ActiveGate groups;single;scenario;intermediate;Un único ActiveGate central para todas las regiones añade latencia y es un punto único de fallo.;https://docs.dynatrace.com/docs/manage/network-zones/network-zones-basic-info | https://docs.dynatrace.com/docs/manage/network-zones/oneagent-connectivity
R-INS-04;instructions;sup-network-zones;Network zones y ActiveGate groups;multiple;precision;intermediate;Los nombres no distinguen mayúsculas y minúsculas (Dynatrace los guarda en minúsculas), admiten caracteres alfanuméricos, guiones y guiones bajos, usan el punto como separador (sin empezar por punto) y tienen un máximo de 256 caracteres. El patrón recomendado es `provider.region.availability-zone.datacenter.tier`.;https://docs.dynatrace.com/docs/manage/network-zones/network-zones-basic-info | https://docs.dynatrace.com/docs/manage/network-zones/oneagent-connectivity
R-INS-05;instructions;sup-network-zones;Network zones y ActiveGate groups;single;scenario;advanced;"""None"" mantiene el aislamiento de zona, sin salto a otras zonas, y si los ActiveGates de la zona y de la alternativa fallan, los datos se descartan.";https://docs.dynatrace.com/docs/manage/network-zones/network-zones-basic-info | https://docs.dynatrace.com/docs/manage/network-zones/oneagent-connectivity
R-INS-06;instructions;sup-network-zones;Network zones y ActiveGate groups;single;knowledge;intermediate;"grupo 1, ActiveGates de la misma network zone; grupo 2, de la zona alternativa; grupo 3, de la zona default; grupo 4, todos los demás.";https://docs.dynatrace.com/docs/manage/network-zones/oneagent-connectivity
R-INS-07;instructions;sup-network-zones;Network zones y ActiveGate groups;single;precision;intermediate;Las ActiveGate groups son otra cosa: permiten acciones en bloque sobre ActiveGates, como gestionar las extensions que se ejecutan en ellos;https://docs.dynatrace.com/docs/ingest-from/dynatrace-activegate/activegate-group | https://docs.dynatrace.com/docs/manage/network-zones/oneagent-connectivity
R-INS-45;instructions;sup-network-zones;Network zones y ActiveGate groups;single;practical;basic;Un OneAgent se asigna a una zona con `oneagentctl --set-network-zone=<your.network.zone>` (y reinicio del servicio).;https://docs.dynatrace.com/docs/ingest-from/dynatrace-oneagent/oneagent-configuration-via-command-line-interface | https://docs.dynatrace.com/docs/manage/network-zones/network-zones-basic-info
R-INS-46;instructions;sup-network-zones;Network zones y ActiveGate groups;single;knowledge;intermediate;Los OneAgents sin network zone configurada funcionan como si las zonas no existieran y se conectan a cualquier Environment ActiveGate que responda, en orden aleatorio.;https://docs.dynatrace.com/docs/manage/network-zones/oneagent-connectivity
R-INS-47;instructions;sup-network-zones;Network zones y ActiveGate groups;single;scenario;intermediate;comprueban periódicamente en segundo plano si vuelven a estar disponibles ActiveGates con un índice menor, para regresar a ellos.;https://docs.dynatrace.com/docs/manage/network-zones/oneagent-connectivity
R-INS-57;instructions;sup-network-zones;Network zones y ActiveGate groups;single;practical;intermediate;se asigna con `--set-group` al instalar o, después, con la propiedad `group` de la sección `[collector]` de `custom.properties`.;https://docs.dynatrace.com/docs/ingest-from/dynatrace-activegate/activegate-group
R-INS-33;instructions;sup-otlp;OpenTelemetry (OTLP) hacia Dynatrace;single;troubleshooting;intermediate;El endpoint OTLP de Dynatrace no admite gRPC: las llamadas deben usar HTTP con codificación binaria de Protocol Buffers (`http/protobuf`);https://docs.dynatrace.com/docs/ingest-from/opentelemetry/getting-started/otlp-export
R-INS-34;instructions;sup-otlp;OpenTelemetry (OTLP) hacia Dynatrace;single;knowledge;intermediate;A través de un Environment ActiveGate es `https://{your-activegate-domain}:9999/e/{your-environment-id}/api/v2/otlp`;https://docs.dynatrace.com/docs/ingest-from/opentelemetry/getting-started/otlp-export
R-INS-35;instructions;sup-otlp;OpenTelemetry (OTLP) hacia Dynatrace;multiple;precision;advanced;Con un classic access token, los scopes son `openTelemetryTrace.ingest` (trazas), `metrics.ingest` (métricas) y `logs.ingest` (logs).;https://docs.dynatrace.com/docs/ingest-from/opentelemetry/getting-started/otlp-export
R-INS-51;instructions;sup-otlp;OpenTelemetry (OTLP) hacia Dynatrace;single;practical;intermediate;Cada señal añade su sufijo: `/v1/traces`, `/v1/metrics` o `/v1/logs`.;https://docs.dynatrace.com/docs/ingest-from/opentelemetry/getting-started/otlp-export
I-008;instructions;sup-processes-services;Procesos, process groups y services;single;precision;intermediate;los procesos de los contenedores de un Pod aparecen como PGI en el host que representa al Node, y el Pod no se convierte en un host propio.;https://docs.dynatrace.com/docs/observe/infrastructure-observability/process-groups
R-INS-13;instructions;sup-processes-services;Procesos, process groups y services;single;troubleshooting;basic;La monitorización profunda (deep monitoring) de los process groups detectados empieza después de reiniciar todos los procesos que ya se estaban ejecutando durante la instalación de OneAgent.;https://docs.dynatrace.com/docs/observe/infrastructure-observability/process-groups/configuration/pg-monitoring
R-INS-14;instructions;sup-processes-services;Procesos, process groups y services;multiple;precision;intermediate;Un process group es un clúster lógico de procesos con la misma función en varios hosts, y el mismo service en process groups distintos cuenta como services separados.;https://docs.dynatrace.com/docs/observe/infrastructure-observability/process-groups
R-INS-15;instructions;sup-processes-services;Procesos, process groups y services;single;scenario;advanced;los trata como services separados (por ejemplo, staging y producción), así que dos bases distintas producen dos services con el mismo nombre.;https://docs.dynatrace.com/docs/observe/infrastructure-observability/process-groups
I-003;instructions;sup-proxy-config;Proxies: configurar OneAgent y ActiveGate;single;practical;intermediate;si el proxy exige autenticación, `username:password@host:puerto`, con el usuario y la contraseña URL-encoded;https://docs.dynatrace.com/docs/ingest-from/dynatrace-oneagent/installation-and-operation/linux/installation/how-to-pass-a-proxy-address-during-oneagent-installation-on-linux | https://docs.dynatrace.com/docs/ingest-from/dynatrace-oneagent/oneagent-configuration-via-command-line-interface
I-048;instructions;sup-proxy-config;Proxies: configurar OneAgent y ActiveGate;single;scenario;intermediate;si un Environment ActiveGate de la DMZ solo puede salir a internet por un proxy corporativo, el proxy se configura en el `custom.properties` del ActiveGate: los OneAgents internos siguen conectándose al ActiveGate por el puerto 9999 y no necesitan `--set-proxy`.;https://docs.dynatrace.com/docs/ingest-from/dynatrace-activegate/supported-connectivity-schemes-for-activegates | https://docs.dynatrace.com/docs/ingest-from/dynatrace-activegate/configuration/set-up-proxy-authentication-for-activegate | https://docs.dynatrace.com/docs/ingest-from/dynatrace-oneagent/oneagent-configuration-via-command-line-interface
R-INS-08;instructions;sup-proxy-config;Proxies: configurar OneAgent y ActiveGate;single;knowledge;basic;oneagentctl está en `<INSTALL_PATH>/agent/tools`, por defecto `/opt/dynatrace/oneagent/agent/tools` en Linux, y requiere privilegios de root;https://docs.dynatrace.com/docs/ingest-from/dynatrace-oneagent/oneagent-configuration-via-command-line-interface
R-INS-09;instructions;sup-proxy-config;Proxies: configurar OneAgent y ActiveGate;single;troubleshooting;intermediate;Después de usar parámetros set hay que reiniciar el servicio de OneAgent para aplicar los cambios, por ejemplo añadiendo `--restart-service`.;https://docs.dynatrace.com/docs/ingest-from/dynatrace-oneagent/oneagent-configuration-via-command-line-interface
R-INS-37;instructions;sup-proxy-config;Proxies: configurar OneAgent y ActiveGate;single;troubleshooting;basic;Un HTTP 407 (Proxy Authentication Required) lo devuelve el propio proxy cuando la petición no trae credenciales válidas;https://docs.dynatrace.com/docs/ingest-from/dynatrace-oneagent/installation-and-operation/linux/installation/how-to-pass-a-proxy-address-during-oneagent-installation-on-linux
R-INS-43;instructions;sup-proxy-config;Proxies: configurar OneAgent y ActiveGate;single;troubleshooting;advanced;"una contraseña `P@ss:2026` debe escribirse `P%40ss%3A2026`: sin codificar, la ""@"" y los "":"" de la contraseña se confunden con los separadores.";https://docs.dynatrace.com/docs/ingest-from/dynatrace-oneagent/installation-and-operation/linux/installation/how-to-pass-a-proxy-address-during-oneagent-installation-on-linux | https://docs.dynatrace.com/docs/ingest-from/dynatrace-oneagent/oneagent-configuration-via-command-line-interface
R-INS-44;instructions;sup-proxy-config;Proxies: configurar OneAgent y ActiveGate;multiple;precision;intermediate;"En un ActiveGate, el proxy se configura en `custom.properties`, sección `[http.client]`, con `proxy-server`, `proxy-port`, `proxy-user` y `proxy-password`; si se omite `proxy-port`, el valor por defecto es 8080. Hay que reiniciar el servicio principal del ActiveGate y, al hacerlo, la contraseña en claro se cifra y se guarda en la propiedad `proxy-password-encr`.";https://docs.dynatrace.com/docs/ingest-from/dynatrace-activegate/configuration/set-up-proxy-authentication-for-activegate
R-INS-58;instructions;sup-proxy-config;Proxies: configurar OneAgent y ActiveGate;single;practical;basic;Para que OneAgent deje de usar el proxy se ejecuta `--set-proxy=` con el valor vacío.;https://docs.dynatrace.com/docs/ingest-from/dynatrace-oneagent/oneagent-configuration-via-command-line-interface
I-006;instructions;sup-tls-trust;Certificados propios: proxies con inspección TLS y PKI interna;single;precision;advanced;si el entorno usa un proxy con certificado propio (por ejemplo, un proxy con inspección TLS firmado por una CA interna), se guardan como `custom-proxy.pem`;https://docs.dynatrace.com/docs/ingest-from/dynatrace-oneagent/oneagent-security
R-INS-10;instructions;sup-tls-trust;Certificados propios: proxies con inspección TLS y PKI interna;single;troubleshooting;advanced;OneAgent solo lee `custom-proxy.pem` si se ha configurado explícitamente para usar un proxy. Con un proxy transparente y sin `--set-proxy`, el fichero se ignora;https://docs.dynatrace.com/docs/ingest-from/dynatrace-oneagent/oneagent-security
R-INS-11;instructions;sup-tls-trust;Certificados propios: proxies con inspección TLS y PKI interna;single;precision;intermediate;Si un Environment ActiveGate usa un certificado propio, sus CA se guardan como `custom.pem`;https://docs.dynatrace.com/docs/ingest-from/dynatrace-oneagent/oneagent-security
R-INS-12;instructions;sup-tls-trust;Certificados propios: proxies con inspección TLS y PKI interna;single;troubleshooting;intermediate;se configura `trustedstore` (con `trustedstore-password` y `trustedstore-type`) en la sección `[collector]` de `custom.properties`, se coloca el keystore en el directorio SSL del ActiveGate (`/var/lib/dynatrace/gateway/ssl` en Linux) y se reinicia el servicio principal.;https://docs.dynatrace.com/docs/ingest-from/dynatrace-activegate/configuration/configure-trusted-root-certificates-on-activegate
R-INS-48;instructions;sup-tls-trust;Certificados propios: proxies con inspección TLS y PKI interna;multiple;precision;advanced;"Si un Environment ActiveGate usa un certificado propio, sus CA se guardan como `custom.pem`; si el entorno usa un proxy con certificado propio (por ejemplo, un proxy con inspección TLS firmado por una CA interna), se guardan como `custom-proxy.pem`. Si existen ambos casos, hay que proporcionar los dos ficheros.";https://docs.dynatrace.com/docs/ingest-from/dynatrace-oneagent/oneagent-security
R-INS-49;instructions;sup-tls-trust;Certificados propios: proxies con inspección TLS y PKI interna;single;knowledge;intermediate;En Linux, el directorio customkeys de OneAgent es `/var/lib/dynatrace/oneagent/agent/customkeys`;https://docs.dynatrace.com/docs/ingest-from/dynatrace-oneagent/oneagent-security | https://docs.dynatrace.com/docs/ingest-from/dynatrace-activegate/configuration/configure-trusted-root-certificates-on-activegate
R-INS-28;instructions;sup-traces;Traces y spans en el Semantic Dictionary;single;precision;advanced;el modelo de spans usa `trace.id` y `span.id`, mientras que el modelo de logs define `trace_id` y `span_id`.;https://docs.dynatrace.com/docs/semantic-dictionary/model/trace | https://docs.dynatrace.com/docs/semantic-dictionary/model/log
R-INS-29;instructions;sup-traces;Traces y spans en el Semantic Dictionary;single;knowledge;intermediate;"`trace.id` es un identificador de 16 bytes codificado en hexadecimal; `span.id` y `span.parent_id` son identificadores de 8 bytes en hexadecimal.";https://docs.dynatrace.com/docs/semantic-dictionary/model/trace
R-INS-30;instructions;sup-traces;Traces y spans en el Semantic Dictionary;single;knowledge;basic;`span.parent_id` contiene el `span.id` del span padre, y así se reconstruye el árbol de llamadas dentro del trace.;https://docs.dynatrace.com/docs/semantic-dictionary/model/trace
R-INS-31;instructions;sup-traces;Traces y spans en el Semantic Dictionary;single;precision;intermediate;una llamada síncrona saliente es un span `client` en quien llama y la misma petición es un span `server` en quien la recibe;https://docs.dynatrace.com/docs/semantic-dictionary/model/trace
R-INS-32;instructions;sup-traces;Traces y spans en el Semantic Dictionary;single;knowledge;basic;`duration` es la diferencia entre `start_time` y `end_time` en nanosegundos;https://docs.dynatrace.com/docs/semantic-dictionary/model/trace
R-INS-39;instructions;sup-traces;Traces y spans en el Semantic Dictionary;single;scenario;basic;lo que permite ver qué llamada downstream consume el tiempo de una petición concreta. Las métricas muestran la tendencia agregada, pero no el desglose de una petición;https://docs.dynatrace.com/docs/semantic-dictionary/model/trace
R-PLA-42;platform;data-context;Datos, entidades y aplicaciones;single;scenario;intermediate;que varios datos vivan en el mismo almacén no significa que tengan el mismo esquema, retención o permiso;https://docs.dynatrace.com/docs/semantic-dictionary/model/log | https://docs.dynatrace.com/docs/discover-dynatrace/references/semantic-dictionary/model/business-analytics
R-PLA-46;platform;deep-documents-permissions;Documents, ownership y sharing controls;multiple;knowledge;basic;Dashboards, Notebooks y Launchpads son documentos gestionados con control de acceso granular;https://docs.dynatrace.com/docs/discover-dynatrace/get-started/dynatrace-ui/share
R-PLA-43;platform;deep-grail-records;Grail como modelo de datos, no como palabra comodín;single;practical;intermediate;la record deletion API exige storage:records:delete además de los permisos de lectura;https://docs.dynatrace.com/docs/platform/grail/organize-data/record-deletion-in-grail | https://docs.dynatrace.com/docs/manage/identity-access-management/permission-management/manage-user-permissions-policies/advanced/iam-policystatements
R-PLA-44;platform;deep-grail-records;Grail como modelo de datos, no como palabra comodín;multiple;practical;intermediate;"`timeseries` combina la carga, el filtrado y la agregación de métricas en una serie temporal; `fetch dt.davis.problems` lee los Problems de Davis";https://docs.dynatrace.com/docs/platform/grail/dynatrace-query-language/commands/metric-commands | https://docs.dynatrace.com/docs/semantic-dictionary/model/davis
FP-003;platform;deep-hub-lifecycle;Dynatrace Hub, permisos IAM y ciclo de una capacidad;single;precision;advanced;Para instalar una app desde el Hub se requiere el permiso IAM específico app-engine:apps:install;https://docs.dynatrace.com/docs/manage/hub
FP-005;platform;deep-hub-lifecycle;Dynatrace Hub, permisos IAM y ciclo de una capacidad;single;scenario;advanced;Contents (Dashboards, Notebooks y workflow actions incluidos);https://docs.dynatrace.com/docs/manage/hub
G-004;platform;deep-hub-lifecycle;Dynatrace Hub, permisos IAM y ciclo de una capacidad;single;knowledge;intermediate;Technical information (permisos requeridos y supported intents);https://docs.dynatrace.com/docs/manage/hub
FP-016;platform;deep-problems-platform;Problems como experiencia transversal y estructura de registros;single;precision;advanced;el array dt.davis.event_ids contiene los identificadores de todos los Davis events correlacionados;https://docs.dynatrace.com/docs/dynatrace-intelligence/problems-app
R-PLA-38;platform;grail-hub;Grail, Dynatrace Hub y Support;single;practical;basic;El Support hub (Help & Support, en el menú Support del Dock);https://docs.dynatrace.com/docs/discover-dynatrace/get-started/dynatrace-ui
R-PLA-39;platform;grail-hub;Grail, Dynatrace Hub y Support;single;knowledge;basic;se hacen solo con consultas DQL a través de la capa de Query Processing;https://docs.dynatrace.com/docs/platform/grail/dynatrace-grail
R-PLA-40;platform;permissions;Permisos y contexto;single;troubleshooting;intermediate;quien ve los objetos pero no puede guardar un cambio necesita settings:objects:write para ese schema;https://docs.dynatrace.com/docs/manage/identity-access-management/permission-management/manage-user-permissions-policies/advanced/iam-policystatements
R-PLA-41;platform;permissions;Permisos y contexto;multiple;troubleshooting;intermediate;a un segment o a una condición WHERE por registro en los permisos (por ejemplo sobre dt.security_context);https://docs.dynatrace.com/docs/platform/grail/organize-data/assign-permissions-in-grail | https://docs.dynatrace.com/docs/platform/grail/organize-data
R-PLA-45;platform;platform-contract;Contrato de una capacidad;single;scenario;advanced;Todo ActiveGate que ejecuta una extensión debe pertenecer a un ActiveGate group, y los Cluster ActiveGates y los multi-environment ActiveGates no están admitidos;https://docs.dynatrace.com/docs/ingest-from/extensions/concepts | https://docs.dynatrace.com/docs/ingest-from/extensions/manage-extensions
R-PLA-47;platform;precision-facts;Hechos de precisión;single;precision;intermediate;Un bucket es una unidad lógica asociada a un record type, como logs, events, bizevents, spans o metrics.;https://docs.dynatrace.com/docs/platform/grail/organize-data
R-PLA-48;platform;precision-facts;Hechos de precisión;single;precision;intermediate;Usar las apps instaladas requiere app-engine:apps:run, que permite listar y ejecutar apps;https://docs.dynatrace.com/docs/manage/identity-access-management/permission-management/manage-user-permissions-policies/advanced/iam-policystatements | https://docs.dynatrace.com/docs/manage/hub
R-PLA-49;platform;precision-facts;Hechos de precisión;single;precision;intermediate;los segments filtran y estructuran los datos en las apps;https://docs.dynatrace.com/docs/manage/segments | https://docs.dynatrace.com/docs/platform/upgrade
R-PLA-30;platform;sup-dem-resilience;RUM, Synthetic, Session Replay y Site Reliability Guardian;single;scenario;intermediate;Synthetic Monitoring ejecuta pruebas automatizadas y programadas desde ubicaciones de todo el mundo, a cualquier hora, por lo que verifica disponibilidad y rendimiento aunque no haya tráfico real;https://docs.dynatrace.com/docs/observe/digital-experience | https://docs.dynatrace.com/docs/deliver/site-reliability-guardian
R-PLA-31;platform;sup-dem-resilience;RUM, Synthetic, Session Replay y Site Reliability Guardian;single;scenario;basic;Session Replay captura y reproduce visualmente la experiencia digital completa de los usuarios;https://docs.dynatrace.com/docs/observe/digital-experience
R-PLA-32;platform;sup-dem-resilience;RUM, Synthetic, Session Replay y Site Reliability Guardian;single;scenario;intermediate;Site Reliability Guardian automatiza el análisis del impacto de un cambio validando objetivos de disponibilidad, rendimiento y capacidad;https://docs.dynatrace.com/docs/deliver/site-reliability-guardian
B-005;platform;sup-document-sharing;Compartir documentos: Share access, enlaces y propiedad;single;scenario;intermediate;Can view permite ver el documento, ajustar el timeframe, refrescar y su frecuencia, ajustar filtros;https://docs.dynatrace.com/docs/discover-dynatrace/get-started/dynatrace-ui/share
B-006;platform;sup-document-sharing;Compartir documentos: Share access, enlaces y propiedad;single;precision;intermediate;lo puede usar cualquiera del entorno que lo reciba, nadie de fuera del entorno;https://docs.dynatrace.com/docs/discover-dynatrace/get-started/dynatrace-ui/share
FP-007;platform;sup-document-sharing;Compartir documentos: Share access, enlaces y propiedad;single;scenario;advanced;El acceso concedido por un enlace no se puede revocar de forma individual: solo se puede borrar el enlace entero, y entonces deja de funcionar para todos los que lo tenían;https://docs.dynatrace.com/docs/discover-dynatrace/get-started/dynatrace-ui/share
FP-008;platform;sup-document-sharing;Compartir documentos: Share access, enlaces y propiedad;single;scenario;advanced;"Por defecto solo el owner comparte; si activa Allow editors to share, las personas con Can edit también pueden compartir";https://docs.dynatrace.com/docs/discover-dynatrace/get-started/dynatrace-ui/share
FP-009;platform;sup-document-sharing;Compartir documentos: Share access, enlaces y propiedad;single;precision;advanced;Al transferir la propiedad, el owner anterior pierde el acceso de inmediato, salvo que el nuevo owner se lo vuelva a conceder;https://docs.dynatrace.com/docs/discover-dynatrace/get-started/dynatrace-ui/share
FP-010;platform;sup-document-sharing;Compartir documentos: Share access, enlaces y propiedad;single;scenario;advanced;Visible to anyone in your environment (Read only) da lectura a todos los usuarios del entorno;https://docs.dynatrace.com/docs/discover-dynatrace/get-started/dynatrace-ui/share
R-PLA-16;platform;sup-document-sharing;Compartir documentos: Share access, enlaces y propiedad;multiple;precision;intermediate;Can view permite ver el documento, ajustar el timeframe, refrescar y su frecuencia, ajustar filtros, maximizar tiles, copiar tiles, guardar una copia propia y exportar la definición JSON;https://docs.dynatrace.com/docs/discover-dynatrace/get-started/dynatrace-ui/share
R-PLA-17;platform;sup-document-sharing;Compartir documentos: Share access, enlaces y propiedad;single;troubleshooting;intermediate;Solo el owner puede compartir (salvo Allow editors to share), transferir la propiedad y eliminar el documento;https://docs.dynatrace.com/docs/discover-dynatrace/get-started/dynatrace-ui/share
R-PLA-18;platform;sup-document-sharing;Compartir documentos: Share access, enlaces y propiedad;single;scenario;advanced;Dynatrace ejecuta su JavaScript con tu cuenta de usuario y tus permisos;https://docs.dynatrace.com/docs/analyze-explore-automate/dashboards-and-notebooks/dashboards-new
A-003;platform;sup-grail-buckets;Buckets, tables y views en Grail;single;knowledge;intermediate;un fetch de una tabla recupera los registros de todos sus buckets que el usuario puede leer, sin nombrarlos;https://docs.dynatrace.com/docs/platform/grail/organize-data
B-007;platform;sup-grail-buckets;Buckets, tables y views en Grail;single;precision;advanced;Para la configuración vigente se consulta dt.system.buckets;https://docs.dynatrace.com/docs/platform/grail/organize-data
B-008;platform;sup-grail-buckets;Buckets, tables y views en Grail;single;scenario;advanced;"Cada creación, actualización, truncate o borrado de un bucket registra un audit event con el usuario, el estado (éxito o fallo) y la descripción del cambio; en una actualización incluye la configuración anterior y la nueva";https://docs.dynatrace.com/docs/platform/grail/organize-data
C-004;platform;sup-grail-buckets;Buckets, tables y views en Grail;single;precision;advanced;Su nombre tiene entre 3 y 100 caracteres, empieza por una letra y solo usa minúsculas alfanuméricas, guiones bajos y guiones;https://docs.dynatrace.com/docs/platform/grail/organize-data
FP-012;platform;sup-grail-buckets;Buckets, tables y views en Grail;single;precision;advanced;Las tablas de sistema, como dt.system.buckets, dt.system.data_objects y dt.system.files, representan información que no se guarda en buckets;https://docs.dynatrace.com/docs/platform/grail/organize-data
FP-013;platform;sup-grail-buckets;Buckets, tables y views en Grail;single;scenario;advanced;Si ninguna regla asigna bucket, la pipeline predeterminada asigna los registros al bucket por defecto (default_logs para logs);https://docs.dynatrace.com/docs/platform/openpipeline/concepts/processing | https://docs.dynatrace.com/docs/platform/grail/organize-data
G-011;platform;sup-grail-buckets;Buckets, tables y views en Grail;single;precision;advanced;"la tabla agrupa los registros por tipo y su lectura exige storage:<tabla>:read; el bucket fija la retención y su lectura exige storage:buckets:read";https://docs.dynatrace.com/docs/platform/grail/organize-data
G-012;platform;sup-grail-buckets;Buckets, tables y views en Grail;single;knowledge;intermediate;Las views son tablas virtuales definidas por consultas sobre tablas existentes;https://docs.dynatrace.com/docs/platform/grail/organize-data
G-014;platform;sup-grail-buckets;Buckets, tables y views en Grail;single;troubleshooting;advanced;la solución es crear un bucket custom con esa retención y enrutar allí esos registros con la bucket assignment de OpenPipeline;https://docs.dynatrace.com/docs/platform/grail/organize-data
R-PLA-08;platform;sup-grail-buckets;Buckets, tables y views en Grail;single;troubleshooting;intermediate;default_spans · spans · 10 días default_metrics · metrics · 15 meses;https://docs.dynatrace.com/docs/platform/grail/organize-data
R-PLA-09;platform;sup-grail-buckets;Buckets, tables y views en Grail;single;precision;advanced;Un bucket custom admite una retención de 1 día a 10 años más una semana (1–3657 días);https://docs.dynatrace.com/docs/platform/grail/organize-data
R-PLA-10;platform;sup-grail-buckets;Buckets, tables y views en Grail;single;scenario;intermediate;Acortar la retención en una actualización borra los datos que superan el nuevo periodo, y cualquier operación que borra datos es un proceso de larga duración;https://docs.dynatrace.com/docs/platform/grail/organize-data
R-PLA-11;platform;sup-grail-buckets;Buckets, tables y views en Grail;multiple;precision;advanced;Gestionar buckets exige los permisos storage:bucket-definitions:read, storage:bucket-definitions:write, storage:bucket-definitions:delete y storage:bucket-definitions:truncate;https://docs.dynatrace.com/docs/platform/grail/organize-data
R-PLA-12;platform;sup-grail-buckets;Buckets, tables y views en Grail;single;troubleshooting;advanced;"dt.system.events filtrando event.kind == ""AUDIT_EVENT"" y event.category == ""BUCKET_MANAGEMENT"", que requiere storage:system:read";https://docs.dynatrace.com/docs/platform/grail/organize-data/assign-permissions-in-grail | https://docs.dynatrace.com/docs/platform/grail/organize-data
R-PLA-15;platform;sup-grail-buckets;Buckets, tables y views en Grail;multiple;knowledge;intermediate;atribución de costes a centros de coste (cross-charging), rendimiento de consulta (pocos buckets por consulta), control de acceso por bucket;https://docs.dynatrace.com/docs/platform/grail/organize-data/partition-data
R-PLA-34;platform;sup-grail-buckets;Buckets, tables y views en Grail;multiple;precision;advanced;solo se pueden borrar los buckets definidos por el usuario (no los default_ ni los dt_) y el borrado es irreversible;https://docs.dynatrace.com/docs/platform/grail/organize-data
A-024;platform;sup-grail-permissions;Permisos en Grail: bucket, tabla, registro y campo;single;troubleshooting;advanced;necesita storage:buckets:read para los buckets que contienen los datos y, además, el permiso de la tabla que se consulta;https://docs.dynatrace.com/docs/platform/grail/organize-data/assign-permissions-in-grail | https://docs.dynatrace.com/docs/platform/grail/organize-data
B-004;platform;sup-grail-permissions;Permisos en Grail: bucket, tabla, registro y campo;single;scenario;advanced;si otra política del usuario concede el mismo permiso de tabla sin condición, el WHERE es irrelevante y el usuario verá siempre todos los registros de esa tabla;https://docs.dynatrace.com/docs/platform/grail/organize-data/assign-permissions-in-grail
E-005;platform;sup-grail-permissions;Permisos en Grail: bucket, tabla, registro y campo;single;scenario;advanced;Los permisos de tabla admiten condiciones WHERE por registro con campos como storage:dt.security_context;https://docs.dynatrace.com/docs/platform/grail/organize-data/assign-permissions-in-grail
E-006;platform;sup-grail-permissions;Permisos en Grail: bucket, tabla, registro y campo;single;precision;advanced;necesita storage:buckets:read para los buckets que contienen los datos y, además, el permiso de la tabla que se consulta;https://docs.dynatrace.com/docs/platform/grail/organize-data/assign-permissions-in-grail
G-013;platform;sup-grail-permissions;Permisos en Grail: bucket, tabla, registro y campo;single;precision;advanced;Can view en un Dashboard da acceso al documento, pero sus tiles DQL se ejecutan con los permisos storage de quien lo abre;https://docs.dynatrace.com/docs/discover-dynatrace/get-started/dynatrace-ui/share | https://docs.dynatrace.com/docs/platform/grail/organize-data/assign-permissions-in-grail
G-019;platform;sup-grail-permissions;Permisos en Grail: bucket, tabla, registro y campo;single;scenario;advanced;Mínimo privilegio en Latest significa Can view en los documentos más storage:<tabla>:read acotado con WHERE;https://docs.dynatrace.com/docs/platform/grail/organize-data/assign-permissions-in-grail
R-PLA-13;platform;sup-grail-permissions;Permisos en Grail: bucket, tabla, registro y campo;single;scenario;advanced;devuelve solo logs de namespace1 que estén en buckets default_* o common_logs;https://docs.dynatrace.com/docs/platform/grail/organize-data/assign-permissions-in-grail
R-PLA-14;platform;sup-grail-permissions;Permisos en Grail: bucket, tabla, registro y campo;single;scenario;advanced;Sin ese permiso, los campos sensibles no se muestran en el resultado ni se pueden usar para filtrar o agrupar;https://docs.dynatrace.com/docs/platform/grail/organize-data/assign-permissions-in-grail
R-PLA-33;platform;sup-grail-permissions;Permisos en Grail: bucket, tabla, registro y campo;single;troubleshooting;advanced;smartscape · storage:smartscape:read · smartscapeNodes, smartscapeEdges, getNodeName(), getNodeField();https://docs.dynatrace.com/docs/platform/grail/organize-data/assign-permissions-in-grail
FP-001;platform;sup-hub-extensions;Instalar apps y activar extensiones desde Hub;single;scenario;advanced;Las extensiones amplían la captura de datos de tecnologías no cubiertas por OneAgent;https://docs.dynatrace.com/docs/manage/hub | https://docs.dynatrace.com/docs/ingest-from/extensions/manage-extensions | https://docs.dynatrace.com/docs/platform/appengine
FP-002;platform;sup-hub-extensions;Instalar apps y activar extensiones desde Hub;single;troubleshooting;advanced;cada usuario necesita los permisos que su ficha enumera en Technical information;https://docs.dynatrace.com/docs/manage/hub
FP-006;platform;sup-hub-extensions;Instalar apps y activar extensiones desde Hub;single;precision;advanced;se analizan como las demás métricas de la plataforma, por ejemplo con timeseries en un Notebook;https://docs.dynatrace.com/docs/ingest-from/extensions/manage-extensions
G-015;platform;sup-hub-extensions;Instalar apps y activar extensiones desde Hub;single;scenario;advanced;Activar una extensión sigue una secuencia: revisar sus requisitos, añadirla al entorno con Add to environment;https://docs.dynatrace.com/docs/manage/hub
R-PLA-05;platform;sup-hub-extensions;Instalar apps y activar extensiones desde Hub;multiple;precision;intermediate;después la app está disponible para todos los usuarios del entorno, y las apps instaladas desde Hub se mantienen actualizadas automáticamente;https://docs.dynatrace.com/docs/manage/hub
R-PLA-07;platform;sup-hub-extensions;Instalar apps y activar extensiones desde Hub;multiple;precision;advanced;Add to environment (permiso extensions:definitions:write, que permite subir y retirar extensiones), crear su monitoring configuration para los hosts o dispositivos (permiso extensions:configurations:write);https://docs.dynatrace.com/docs/ingest-from/extensions/manage-extensions | https://docs.dynatrace.com/docs/manage/hub
R-PLA-23;platform;sup-hub-extensions;Instalar apps y activar extensiones desde Hub;multiple;troubleshooting;intermediate;añadirla al entorno con Add to environment (permiso extensions:definitions:write, que permite subir y retirar extensiones), crear su monitoring configuration para los hosts o dispositivos;https://docs.dynatrace.com/docs/ingest-from/extensions/manage-extensions | https://docs.dynatrace.com/docs/manage/hub
G-018;platform;sup-platform-components;Las piezas de la plataforma y cómo se reparten el trabajo;single;knowledge;intermediate;Su backend son app functions escritas en TypeScript que se ejecutan en el JavaScript runtime de Dynatrace;https://docs.dynatrace.com/docs/platform/appengine | https://docs.dynatrace.com/docs/discover-dynatrace/what-is-dynatrace
R-PLA-22;platform;sup-platform-components;Las piezas de la plataforma y cómo se reparten el trabajo;single;scenario;basic;AutomationEngine ejecuta Workflows y respuestas automatizadas a partir de lo que detecta Dynatrace Intelligence;https://docs.dynatrace.com/docs/discover-dynatrace/what-is-dynatrace
R-PLA-25;platform;sup-platform-components;Las piezas de la plataforma y cómo se reparten el trabajo;single;scenario;advanced;a través de EdgeConnect (que se ejecuta en tu red corporativa), con sistemas on-premises;https://docs.dynatrace.com/docs/platform/appengine
R-PLA-27;platform;sup-platform-components;Las piezas de la plataforma y cómo se reparten el trabajo;single;knowledge;basic;Smartscape mapea de forma dinámica las relaciones entre todos los componentes de la aplicación en cada capa;https://docs.dynatrace.com/docs/discover-dynatrace/what-is-dynatrace
R-PLA-28;platform;sup-platform-components;Las piezas de la plataforma y cómo se reparten el trabajo;single;scenario;basic;OneAgent descubre, activa e instrumenta automáticamente aplicaciones, microservicios, infraestructura y sus dependencias;https://docs.dynatrace.com/docs/discover-dynatrace/what-is-dynatrace
R-PLA-29;platform;sup-platform-components;Las piezas de la plataforma y cómo se reparten el trabajo;multiple;knowledge;intermediate;Dynatrace Intelligence (Davis) combina IA predictiva e IA causal para casos de uso de observabilidad, seguridad y negocio;https://docs.dynatrace.com/docs/discover-dynatrace/what-is-dynatrace
R-PLA-35;platform;sup-platform-components;Las piezas de la plataforma y cómo se reparten el trabajo;single;scenario;intermediate;las apps interactúan con otras apps mediante intents;https://docs.dynatrace.com/docs/platform/appengine
R-PLA-36;platform;sup-platform-components;Las piezas de la plataforma y cómo se reparten el trabajo;multiple;knowledge;basic;las extensiones creadas por Dynatrace y las apps de Dynatrace basadas en AppEngine;https://docs.dynatrace.com/docs/manage/hub
D-001;platform;sup-platform-search;Platform search: qué busca y con qué límites;single;scenario;advanced;"las métricas por key y por nombre; y las entidades monitorizadas por nombre, ID y tags";https://docs.dynatrace.com/docs/discover-dynatrace/get-started/dynatrace-ui/search
D-002;platform;sup-platform-search;Platform search: qué busca y con qué límites;single;troubleshooting;advanced;Por defecto, la búsqueda de entidades solo refleja las entidades vistas en las últimas 72 horas;https://docs.dynatrace.com/docs/discover-dynatrace/get-started/dynatrace-ui/search
G-010;platform;sup-platform-search;Platform search: qué busca y con qué límites;single;troubleshooting;intermediate;Dashboards, Notebooks y Workflows por nombre (no por el texto de sus consultas);https://docs.dynatrace.com/docs/discover-dynatrace/get-started/dynatrace-ui/search
R-PLA-24;platform;sup-platform-search;Platform search: qué busca y con qué límites;multiple;precision;intermediate;"Platform search está siempre disponible en el Dock (Search) y se abre también con Ctrl/Cmd+K; entre otras cosas, encuentra métricas por key y por nombre";https://docs.dynatrace.com/docs/discover-dynatrace/get-started/dynatrace-ui/search | https://docs.dynatrace.com/docs/discover-dynatrace/get-started/dynatrace-ui
A-001;platform;sup-problems-app;La app Problems: lista, filtros, detalles y cierre;single;scenario;intermediate;Impact muestra todas las entidades de Smartscape impactadas con un breve detalle por entidad;https://docs.dynatrace.com/docs/dynatrace-intelligence/problems-app
A-002;platform;sup-problems-app;La app Problems: lista, filtros, detalles y cierre;single;precision;advanced;los nodos grises son entidades relacionadas usadas en el análisis pero no impactadas directamente;https://docs.dynatrace.com/docs/dynatrace-intelligence/problems-app
B-001;platform;sup-problems-app;La app Problems: lista, filtros, detalles y cierre;single;scenario;intermediate;Cuando varios Davis events relacionados se correlacionan, Dynatrace Intelligence los reúne en un Problem;https://docs.dynatrace.com/docs/dynatrace-intelligence/problems-app
B-002;platform;sup-problems-app;La app Problems: lista, filtros, detalles y cierre;single;precision;advanced;Un segment solo acota la vista: que un Problem no aparezca no significa que esté resuelto;https://docs.dynatrace.com/docs/dynatrace-intelligence/problems-app
C-001;platform;sup-problems-app;La app Problems: lista, filtros, detalles y cierre;single;scenario;advanced;los criterios se combinan con AND por defecto y se pueden usar operadores booleanos explícitos;https://docs.dynatrace.com/docs/dynatrace-intelligence/problems-app
C-002;platform;sup-problems-app;La app Problems: lista, filtros, detalles y cierre;single;practical;advanced;"un segment para filtrarlos debe definir un event filter, por ejemplo cloud.region = ""us-east-1c"" AND event.kind = ""DAVIS_PROBLEM""";https://docs.dynatrace.com/docs/dynatrace-intelligence/problems-app
C-003;platform;sup-problems-app;La app Problems: lista, filtros, detalles y cierre;single;scenario;advanced;dt.settings.object_id enlaza con el objeto de Settings que lo originó;https://docs.dynatrace.com/docs/dynatrace-intelligence/problems-app
D-003;platform;sup-problems-app;La app Problems: lista, filtros, detalles y cierre;single;precision;advanced;La lista muestra por defecto los Problems de las últimas 2 horas, con los Problems abiertos arriba aunque empezaran antes;https://docs.dynatrace.com/docs/dynatrace-intelligence/problems-app
D-004;platform;sup-problems-app;La app Problems: lista, filtros, detalles y cierre;single;scenario;advanced;dt.query guarda la consulta DQL que permite reconstruir el gráfico del evento en un Notebook o Dashboard;https://docs.dynatrace.com/docs/dynatrace-intelligence/problems-app
E-002;platform;sup-problems-app;La app Problems: lista, filtros, detalles y cierre;single;scenario;advanced;La pestaña Logs reúne las líneas de log recogidas durante el incidente, con referencias a las entidades afectadas y a sus entidades relacionadas;https://docs.dynatrace.com/docs/dynatrace-intelligence/problems-app
FP-017;platform;sup-problems-app;La app Problems: lista, filtros, detalles y cierre;single;troubleshooting;advanced;un campo personalizado de los eventos solo llega al Problem si se configura como Problem field;https://docs.dynatrace.com/docs/dynatrace-intelligence/problems-app
FP-018;platform;sup-problems-app;La app Problems: lista, filtros, detalles y cierre;multiple;precision;advanced;Solo se pueden definir Problem fields para campos de origen de tipo string, y renombrar o quitar un Problem field cambia los registros de Problems actuales y futuros y puede romper consultas DQL;https://docs.dynatrace.com/docs/dynatrace-intelligence/problems-app
FP-021;platform;sup-problems-app;La app Problems: lista, filtros, detalles y cierre;single;scenario;advanced;Category (naturaleza: slowdown, error, resource, availability) e Impact (área afectada: frontends, services, infrastructure, environments);https://docs.dynatrace.com/docs/dynatrace-intelligence/problems-app
R-PLA-19;platform;sup-problems-app;La app Problems: lista, filtros, detalles y cierre;single;scenario;intermediate;si refrescas, puede volver a mostrar Active hasta que el cierre quede registrado en Grail;https://docs.dynatrace.com/docs/dynatrace-intelligence/problems-app
R-PLA-20;platform;sup-problems-app;La app Problems: lista, filtros, detalles y cierre;multiple;precision;advanced;Puedes cerrar Problems manualmente de uno en uno o hasta 50 a la vez, y siempre hay que escribir un comentario de cierre, que se guarda en Grail como un nuevo annotation event;https://docs.dynatrace.com/docs/dynatrace-intelligence/problems-app
R-PLA-21;platform;sup-problems-app;La app Problems: lista, filtros, detalles y cierre;single;troubleshooting;intermediate;"Los Problems se almacenan como eventos en Grail (event.kind = ""DAVIS_PROBLEM""), por lo que leerlos depende de storage:events:read";https://docs.dynatrace.com/docs/dynatrace-intelligence/problems-app | https://docs.dynatrace.com/docs/platform/grail/organize-data/assign-permissions-in-grail
R-PLA-01;platform;sup-ui-dock;Dock, Apps, Launchpads y menús de la UI;single;practical;basic;en el Dock, pasa el cursor sobre ella y selecciona Pin to dock;https://docs.dynatrace.com/docs/discover-dynatrace/get-started/dynatrace-ui
R-PLA-02;platform;sup-ui-dock;Dock, Apps, Launchpads y menús de la UI;single;scenario;intermediate;Un Launchpad es una página de inicio personalizada con listas de apps, documentos, enlaces y texto informativo;https://docs.dynatrace.com/docs/discover-dynatrace/get-started/dynatrace-ui | https://docs.dynatrace.com/docs/discover-dynatrace/get-started/dynatrace-ui/share
R-PLA-03;platform;sup-ui-dock;Dock, Apps, Launchpads y menús de la UI;single;knowledge;basic;El menú Support agrupa Documentation, Release notes, Community (Dynatrace Community), University (Dynatrace University);https://docs.dynatrace.com/docs/discover-dynatrace/get-started/dynatrace-ui
R-PLA-04;platform;sup-ui-dock;Dock, Apps, Launchpads y menús de la UI;single;knowledge;intermediate;el toggle Latest Dynatrace, que activa o desactiva la experiencia Latest;https://docs.dynatrace.com/docs/discover-dynatrace/get-started/dynatrace-ui
R-PLA-37;platform;ui-navigation;UI, Dock y búsqueda;multiple;knowledge;basic;El Dock (Search, Apps y las apps fijadas) y los Launchpads te llevan a aplicaciones, entidades y análisis;https://docs.dynatrace.com/docs/discover-dynatrace/get-started/dynatrace-ui
R-OBS-45;observability;activegate;ActiveGate y monitorización remota;multiple;knowledge;basic;"enrutar el tráfico de los OneAgents hacia Dynatrace (Route OneAgent traffic), actuando como secure proxy; monitorizar entornos cloud y tecnologías remotas mediante API";https://docs.dynatrace.com/docs/ingest-from/dynatrace-activegate
R-OBS-46;observability;activegate;ActiveGate y monitorización remota;single;scenario;intermediate;ActiveGate también puede ejecutar synthetic monitors como private Synthetic location;https://docs.dynatrace.com/docs/ingest-from/dynatrace-activegate | https://docs.dynatrace.com/docs/observe/digital-experience/synthetic/synthetic-app/private-locations
R-OBS-53;observability;deep-infrastructure-connectors;Bases de datos, Kubernetes y ActiveGate 1.327+;single;scenario;intermediate;la app usa los datos de los hosts con OneAgent, como sus métricas de recursos, para analizar en profundidad las dependencias de recursos;https://docs.dynatrace.com/docs/observe/infrastructure-observability/databases
R-OBS-54;observability;deep-observability-troubleshooting;Árbol de troubleshooting de OneAgent;multiple;troubleshooting;intermediate;si un archivo no se detecta, se añade como custom log source. Después, las log ingest rules deciden qué logs descubiertos y custom se ingieren;https://docs.dynatrace.com/docs/analyze-explore-automate/logs/lma-log-ingestion/lma-log-ingestion-via-oa | https://docs.dynatrace.com/docs/platform/oneagent/monitoring-modes/monitoring-modes
G-024;observability;deep-oneagent-architecture;Cómo funciona OneAgent internamente y CLI oneagentctl;single;scenario;advanced;si se modifica la configuración de auto-injection o se desactiva un code module, los procesos monitorizados deben ser reiniciados para que el cambio surta efecto;https://docs.dynatrace.com/docs/platform/oneagent/monitoring-modes/enable-monitoring-modes | https://docs.dynatrace.com/docs/platform/oneagent/how-one-agent-works
R-OBS-51;observability;deep-oneagent-capabilities;OneAgent: qué puede observar y desde dónde;multiple;precision;basic;Para servicios server-side, la cobertura puede incluir web services, web containers, database requests, custom services;https://docs.dynatrace.com/docs/platform/oneagent/supported-monitoring-types
G-031;observability;deep-oneagent-change-control;Activación, cambio de modo e inyección;single;knowledge;basic;--get-monitoring-mode permite verificar el valor local;https://docs.dynatrace.com/docs/ingest-from/dynatrace-oneagent/oneagent-configuration-via-command-line-interface
R-OBS-52;observability;deep-oneagent-modes;Full Stack, Infrastructure y Discovery;single;precision;intermediate;Process injection · GA · opt-out · no (—);https://docs.dynatrace.com/docs/platform/oneagent/monitoring-modes/monitoring-modes
A-010;observability;enable-modes;Cómo activar y cambiar modos;single;practical;basic;Infrastructure mode puede activarse durante la instalación con --set-monitoring-mode=infra-only;https://docs.dynatrace.com/docs/ingest-from/dynatrace-oneagent/oneagent-configuration-via-command-line-interface
R-OBS-13;observability;enable-modes;Cómo activar y cambiar modos;single;troubleshooting;intermediate;Si un solo host deja de inyectar mientras el resto del entorno sí lo hace, la causa no es el modo: en Infrastructure mode la process injection está habilitada por defecto;https://docs.dynatrace.com/docs/platform/oneagent/monitoring-modes/enable-monitoring-modes
R-OBS-22;observability;enable-modes;Cómo activar y cambiar modos;single;practical;intermediate;puedes definir un default monitoring mode en Latest Dynatrace desde Settings > Fleet management > Default mode;https://docs.dynatrace.com/docs/platform/oneagent/monitoring-modes/enable-monitoring-modes
R-OBS-32;observability;enable-modes;Cómo activar y cambiar modos;single;practical;advanced;la vía documentada es la Settings API: se descarga el schema con GET a schema usando builtin:host.monitoring como schemaId y se crea la configuración con POST an object;https://docs.dynatrace.com/docs/platform/oneagent/monitoring-modes/enable-monitoring-modes
A-009;observability;injection;Auto-injection, code-module injection y reinicios;single;troubleshooting;advanced;En todos los modos, la inyección ya realizada permanece enlazada hasta que se reinicia el proceso.;https://docs.dynatrace.com/docs/platform/oneagent/monitoring-modes/monitoring-modes
A-015;observability;injection;Auto-injection, code-module injection y reinicios;single;troubleshooting;advanced;Para que Application Security y Live Debugger funcionen en Discovery, se debe habilitar code-module injection en el host y reiniciar los procesos.;https://docs.dynatrace.com/docs/platform/oneagent/monitoring-modes/monitoring-modes | https://docs.dynatrace.com/docs/platform/oneagent/monitoring-modes/enable-monitoring-modes
R-OBS-10;observability;injection;Auto-injection, code-module injection y reinicios;single;troubleshooting;intermediate;Disabled on installation (se desactivó durante la instalación de OneAgent);https://docs.dynatrace.com/docs/platform/oneagent/monitoring-modes/enable-monitoring-modes
R-OBS-31;observability;injection;Auto-injection, code-module injection y reinicios;single;troubleshooting;advanced;Si OneAgent se ejecuta como container con Infrastructure mode, la inyección de procesos no se realiza según la guía de activación.;https://docs.dynatrace.com/docs/platform/oneagent/monitoring-modes/enable-monitoring-modes | https://docs.dynatrace.com/docs/platform/oneagent/monitoring-modes/monitoring-modes
R-OBS-39;observability;injection;Auto-injection, code-module injection y reinicios;single;practical;intermediate;las custom process monitoring rules dan control fino sobre en qué procesos inyecta OneAgent, sin desactivar la auto-injection de todo el host;https://docs.dynatrace.com/docs/platform/oneagent/monitoring-modes/enable-monitoring-modes | https://docs.dynatrace.com/docs/ingest-from/dynatrace-oneagent/oneagent-configuration-via-command-line-interface
R-OBS-42;observability;injection;Auto-injection, code-module injection y reinicios;single;precision;intermediate;aporta runtime metrics para Java, .NET, Node.js, Go, PHP y web servers como Apache HTTP, NGINX o Microsoft IIS;https://docs.dynatrace.com/docs/platform/oneagent/monitoring-modes/enable-monitoring-modes | https://docs.dynatrace.com/docs/platform/oneagent/monitoring-modes/monitoring-modes
R-OBS-49;observability;kubernetes-db;Kubernetes, bases de datos e infraestructura;single;knowledge;basic;su barra lateral agrupa todos los objetos de Kubernetes por tipo (clusters, nodes, namespaces, workloads, pods, services y containers);https://docs.dynatrace.com/docs/observe/infrastructure-observability/kubernetes-app
A-007;observability;monitoring-modes;Modos de monitorización: Full-Stack, Infrastructure y Discovery;single;precision;intermediate;está disponible solo con Dynatrace Platform Subscription (DPS) y que el consumo se realiza mediante Foundation & Discovery;https://docs.dynatrace.com/docs/platform/oneagent/monitoring-modes/monitoring-modes
A-012;observability;monitoring-modes;Modos de monitorización: Full-Stack, Infrastructure y Discovery;single;precision;intermediate;Host process details, Detailed disk analysis, Network analysis y Memory analysis son GA en Full-Stack e Infrastructure y no figuran en Discovery;https://docs.dynatrace.com/docs/platform/oneagent/monitoring-modes/monitoring-modes
A-013;observability;monitoring-modes;Modos de monitorización: Full-Stack, Infrastructure y Discovery;single;scenario;intermediate;Log Management, Application Security y Live Debugger son opt-in en los tres modos;https://docs.dynatrace.com/docs/platform/oneagent/monitoring-modes/monitoring-modes
A-014;observability;monitoring-modes;Modos de monitorización: Full-Stack, Infrastructure y Discovery;single;precision;advanced;En Full-Stack, el límite de custom metrics es 15 por cada 256 MiB de memoria del host, y Discovery no incluye custom metrics;https://docs.dynatrace.com/docs/platform/oneagent/monitoring-modes/monitoring-modes
FO-001;observability;monitoring-modes;Modos de monitorización: Full-Stack, Infrastructure y Discovery;single;scenario;advanced;Tracing and profiling solo figura en Full-Stack.;https://docs.dynatrace.com/docs/platform/oneagent/monitoring-modes/monitoring-modes
FO-002;observability;monitoring-modes;Modos de monitorización: Full-Stack, Infrastructure y Discovery;single;scenario;advanced;Host process details, Detailed disk analysis, Network analysis y Memory analysis son GA en Full-Stack e Infrastructure y no figuran en Discovery. Tracing and profiling solo figura en Full-Stack.;https://docs.dynatrace.com/docs/platform/oneagent/monitoring-modes/monitoring-modes
FO-005;observability;monitoring-modes;Modos de monitorización: Full-Stack, Infrastructure y Discovery;single;precision;advanced;Log Management, Application Security y Live Debugger son opt-in en los tres modos;https://docs.dynatrace.com/docs/platform/oneagent/monitoring-modes/monitoring-modes
R-OBS-01;observability;monitoring-modes;Modos de monitorización: Full-Stack, Infrastructure y Discovery;multiple;precision;intermediate;En Infrastructure, OneAgent inyecta automáticamente en procesos para monitorizar backing services Java y runtime metrics de los lenguajes soportados (process injection opt-out, es decir, activa salvo que se desactive) y admite custom metrics con un límite de 100 por host;https://docs.dynatrace.com/docs/platform/oneagent/monitoring-modes/monitoring-modes
R-OBS-24;observability;monitoring-modes;Modos de monitorización: Full-Stack, Infrastructure y Discovery;single;scenario;intermediate;Discovery monitoring mode ofrece métricas básicas para descubrir hosts y procesos y valorar dónde extender la cobertura. La documentación actual indica que está disponible solo con Dynatrace Platform Subscription (DPS) y que el consumo se realiza mediante Foundation & Discovery;https://docs.dynatrace.com/docs/platform/oneagent/monitoring-modes/monitoring-modes
R-OBS-37;observability;monitoring-modes;Modos de monitorización: Full-Stack, Infrastructure y Discovery;single;precision;intermediate;Extensions es opt-in en Full-Stack e Infrastructure y no figura en Discovery.;https://docs.dynatrace.com/docs/platform/oneagent/monitoring-modes/monitoring-modes
R-OBS-38;observability;monitoring-modes;Modos de monitorización: Full-Stack, Infrastructure y Discovery;multiple;precision;intermediate;Topology discovery, Host criticality (detección de external services y app dependencies) y Basic monitoring (host health, filesystem, OS Services) son GA en los tres modos;https://docs.dynatrace.com/docs/platform/oneagent/monitoring-modes/monitoring-modes
R-OBS-43;observability;oneagent;OneAgent y observabilidad automática;multiple;knowledge;basic;Process Group: agrupación lógica de procesos relacionados.;https://docs.dynatrace.com/docs/observe/infrastructure-observability/process-groups | https://docs.dynatrace.com/docs/platform/oneagent/how-one-agent-works
R-OBS-44;observability;oneagent;OneAgent y observabilidad automática;single;scenario;intermediate;no asumas que tener un host monitorizado significa que toda aplicación o tecnología esté cubierta;https://docs.dynatrace.com/docs/platform/oneagent/supported-monitoring-types | https://docs.dynatrace.com/docs/ingest-from/technology-support/oneagent-platform-and-capability-support-matrix
A-011;observability;oneagent-architecture;Cómo funciona internamente;multiple;precision;intermediate;La comunicación de OneAgent hacia Dynatrace es outbound-only: el agente informa mediante HTTP/S al Cluster o a ActiveGate.;https://docs.dynatrace.com/docs/platform/oneagent/how-one-agent-works
B-010;observability;oneagent-architecture;Cómo funciona internamente;single;precision;advanced;OneAgent puede conectarse simultáneamente a través de varios ActiveGates y decide por cuáles comunicarse según la información que recibe del Cluster;https://docs.dynatrace.com/docs/platform/oneagent/how-one-agent-works | https://docs.dynatrace.com/docs/ingest-from/dynatrace-oneagent/oneagent-configuration-via-command-line-interface
B-016;observability;oneagent-architecture;Cómo funciona internamente;single;scenario;advanced;según configuración, los logs pueden conservarse en Dynatrace aunque el almacenamiento original sea volátil o tenga poca retención;https://docs.dynatrace.com/docs/platform/oneagent/how-one-agent-works
C-005;observability;oneagent-architecture;Cómo funciona internamente;single;precision;advanced;si Live Debugger está habilitado OneAgent crea una sesión WebSocket saliente hacia los ActiveGates o el Cluster para la información en tiempo real;https://docs.dynatrace.com/docs/platform/oneagent/how-one-agent-works
FO-009;observability;oneagent-architecture;Cómo funciona internamente;single;scenario;advanced;puede inyectar módulos de deep monitoring en tecnologías soportadas como Java, Node.js, .NET y otras;https://docs.dynatrace.com/docs/platform/oneagent/how-one-agent-works
G-038;observability;oneagent-architecture;Cómo funciona internamente;single;knowledge;intermediate;Dynatrace OneAgent Watchdog arranca y ejecuta todos los demás procesos de OneAgent bajo un usuario sin privilegios;https://docs.dynatrace.com/docs/ingest-from/dynatrace-oneagent/installation-and-operation/linux/installation/linux-non-privileged
R-OBS-29;observability;oneagent-architecture;Cómo funciona internamente;single;precision;intermediate;En Linux, OneAgent se instala por defecto en non-privileged mode: los privilegios de superusuario solo se usan para iniciar la instalación;https://docs.dynatrace.com/docs/ingest-from/dynatrace-oneagent/installation-and-operation/linux/installation/linux-non-privileged
C-006;observability;oneagent-capabilities;Capacidades soportadas por OneAgent;single;scenario;advanced;En web, OneAgent puede insertar el JavaScript de RUM en las páginas servidas y observar la experiencia del navegador.;https://docs.dynatrace.com/docs/platform/oneagent/how-one-agent-works
D-008;observability;oneagent-capabilities;Capacidades soportadas por OneAgent;single;scenario;advanced;OneAgent obtiene métricas de red a nivel de proceso gracias a la monitorización proceso a proceso de las comunicaciones;https://docs.dynatrace.com/docs/platform/oneagent/how-one-agent-works
E-007;observability;oneagent-capabilities;Capacidades soportadas por OneAgent;single;scenario;advanced;basta con instalar OneAgent en los hosts que sirven las aplicaciones en contenedores: detecta la creación y terminación de contenedores y no hace falta modificar las imágenes Docker ni los comandos de arranque;https://docs.dynatrace.com/docs/platform/oneagent/supported-monitoring-types
E-008;observability;oneagent-capabilities;Capacidades soportadas por OneAgent;single;precision;advanced;la librería se integra, compila, empaqueta y distribuye dentro de la aplicación Android o iOS;https://docs.dynatrace.com/docs/platform/oneagent/supported-monitoring-types
E-009;observability;oneagent-capabilities;Capacidades soportadas por OneAgent;single;scenario;advanced;OneAgent informa de qué aplicaciones o services usan qué otros services y de si un service hace llamadas a otros services o a bases de datos;https://docs.dynatrace.com/docs/platform/oneagent/supported-monitoring-types
E-010;observability;oneagent-capabilities;Capacidades soportadas por OneAgent;single;scenario;advanced;Dynatrace aprende automáticamente el baseline de response time y failure rate de todas las requests y evalúa las desviaciones frente a ese baseline;https://docs.dynatrace.com/docs/platform/oneagent/supported-monitoring-types
E-012;observability;oneagent-capabilities;Capacidades soportadas por OneAgent;single;scenario;advanced;aporta qué procesos se ejecutan en qué hosts y cómo se conectan entre sí;https://docs.dynatrace.com/docs/platform/oneagent/supported-monitoring-types
R-OBS-40;observability;oneagent-capabilities;Capacidades soportadas por OneAgent;single;precision;intermediate;Preview (no está lista para producción y no tiene soporte oficial);https://docs.dynatrace.com/docs/ingest-from/technology-support/oneagent-platform-and-capability-support-matrix
R-OBS-50;observability;oneagent-troubleshooting;Troubleshooting de OneAgent;single;troubleshooting;intermediate;el core de comunicación puede seguir activo para informar estado y consultar si debe comenzar a monitorizar de nuevo;https://docs.dynatrace.com/docs/platform/oneagent/monitoring-modes/monitoring-modes
R-OBS-55;observability;precision-facts;Hechos de precisión;single;practical;intermediate;Hosts Classic > host > More (…) > Settings > Host monitoring > Monitoring mode;https://docs.dynatrace.com/docs/platform/oneagent/monitoring-modes/enable-monitoring-modes
R-OBS-56;observability;precision-facts;Hechos de precisión;single;scenario;intermediate;Desactivar auto-injection también impide capacidades que dependen del code module, como AppSec o Live Debugger.;https://docs.dynatrace.com/docs/platform/oneagent/monitoring-modes/enable-monitoring-modes
R-OBS-57;observability;precision-facts;Hechos de precisión;single;scenario;intermediate;Sin OneAgent en los hosts no hay traces ni detalles de proceso de las aplicaciones;https://docs.dynatrace.com/docs/ingest-from/dynatrace-activegate | https://docs.dynatrace.com/docs/platform/oneagent/how-one-agent-works | https://docs.dynatrace.com/docs/platform/oneagent/monitoring-modes/monitoring-modes
G-028;observability;sup-activegate-routing;ActiveGate: tipos, puertos, fallback y network zones;single;precision;advanced;el Environment ActiveGate recibe conexiones en el puerto 9999 y el SaaS Cluster en el 443;https://docs.dynatrace.com/docs/ingest-from/dynatrace-activegate/supported-connectivity-schemes-for-activegates | https://docs.dynatrace.com/docs/platform/oneagent/how-one-agent-works
R-OBS-02;observability;sup-activegate-routing;ActiveGate: tipos, puertos, fallback y network zones;multiple;precision;advanced;"OneAgent prefiere los ActiveGates de su propia zona; si no hay ninguno disponible, prueba las alternative zones configuradas";https://docs.dynatrace.com/docs/manage/network-zones/network-zones-basic-info | https://docs.dynatrace.com/docs/ingest-from/dynatrace-activegate/supported-connectivity-schemes-for-activegates
R-OBS-04;observability;sup-activegate-routing;ActiveGate: tipos, puertos, fallback y network zones;multiple;scenario;intermediate;"usando un Environment ActiveGate con acceso de solo lectura a vCenter o a un host ESXi standalone; no se instala OneAgent en el hipervisor. OneAgent en cada máquina virtual aporta datos complementarios";https://docs.dynatrace.com/docs/observe/infrastructure-observability/vmware-vsphere-monitoring
R-OBS-18;observability;sup-activegate-routing;ActiveGate: tipos, puertos, fallback y network zones;single;scenario;basic;puede realizar tareas de monitorización usando API para consultar y monitorizar tecnologías donde no se instala OneAgent;https://docs.dynatrace.com/docs/ingest-from/dynatrace-activegate
R-OBS-21;observability;sup-activegate-routing;ActiveGate: tipos, puertos, fallback y network zones;single;troubleshooting;advanced;se conecta directamente al SaaS Cluster si no es posible ninguna conexión con un Environment ActiveGate;https://docs.dynatrace.com/docs/ingest-from/dynatrace-activegate/supported-connectivity-schemes-for-activegates | https://docs.dynatrace.com/docs/platform/oneagent/how-one-agent-works
R-OBS-25;observability;sup-activegate-routing;ActiveGate: tipos, puertos, fallback y network zones;single;scenario;advanced;None (el tráfico permanece dentro de la zona principal y las alternative zones);https://docs.dynatrace.com/docs/manage/network-zones/network-zones-basic-info
R-OBS-33;observability;sup-activegate-routing;ActiveGate: tipos, puertos, fallback y network zones;single;knowledge;basic;en SaaS solo se necesita un Environment ActiveGate;https://docs.dynatrace.com/docs/ingest-from/dynatrace-activegate | https://docs.dynatrace.com/docs/observe/infrastructure-observability/vmware-vsphere-monitoring
R-OBS-16;observability;sup-davis-problems;Cómo construye Dynatrace un Problem;single;scenario;intermediate;Dynatrace correlaciona todos los Davis events con la misma root cause en un único Problem;https://docs.dynatrace.com/docs/dynatrace-intelligence/root-cause-analysis/concepts
R-OBS-34;observability;sup-davis-problems;Cómo construye Dynatrace un Problem;single;precision;advanced;si un Problem dura más de 90 minutos, no se fusionan más Davis events después de ese punto y se abre un nuevo Problem;https://docs.dynatrace.com/docs/dynatrace-intelligence/root-cause-analysis/concepts
R-OBS-35;observability;sup-davis-problems;Cómo construye Dynatrace un Problem;single;scenario;intermediate;El impact analysis identifica qué entry-point services de las aplicaciones se ven afectados y el tamaño del blast radius;https://docs.dynatrace.com/docs/dynatrace-intelligence/root-cause-analysis/concepts
R-OBS-36;observability;sup-davis-problems;Cómo construye Dynatrace un Problem;single;scenario;advanced;"La vertical va del service al proceso y al host que lo ejecuta; la horizontal sigue las llamadas entre services.";https://docs.dynatrace.com/docs/dynatrace-intelligence/root-cause-analysis/concepts
G-039;observability;sup-dynakube-modes;Kubernetes con Dynatrace Operator: modos de DynaKube;single;precision;advanced;"Kubernetes platform monitoring usa la Kubernetes API y cAdvisor para obtener métricas de nodos y contenedores y eventos de Kubernetes; no incluye OneAgent ni monitorización de aplicación por defecto";https://docs.dynatrace.com/docs/ingest-from/setup-on-k8s/how-it-works/kubernetes-monitoring
R-OBS-06;observability;sup-dynakube-modes;Kubernetes con Dynatrace Operator: modos de DynaKube;multiple;precision;advanced;ActiveGate, que enruta los datos de observabilidad al cluster de Dynatrace y monitoriza la Kubernetes API;https://docs.dynatrace.com/docs/ingest-from/setup-on-k8s/how-it-works/cloud-native-fullstack
R-OBS-19;observability;sup-dynakube-modes;Kubernetes con Dynatrace Operator: modos de DynaKube;single;scenario;advanced;classicFullStack requiere acceso de escritura desde el Pod de OneAgent al sistema de archivos del nodo y no está soportado cuando se usa un platform token;https://docs.dynatrace.com/docs/ingest-from/setup-on-k8s/how-it-works/other-deployment-modes/classic-fullstack | https://docs.dynatrace.com/docs/ingest-from/setup-on-k8s/how-it-works/cloud-native-fullstack | https://docs.dynatrace.com/docs/ingest-from/setup-on-k8s/how-it-works/other-deployment-modes/host-monitoring
R-OBS-20;observability;sup-dynakube-modes;Kubernetes con Dynatrace Operator: modos de DynaKube;single;precision;intermediate;pero no monitoriza métricas de host y, sin Kubernetes platform monitoring, la topología se limita a Pods y contenedores;https://docs.dynatrace.com/docs/ingest-from/setup-on-k8s/how-it-works/application-monitoring
R-OBS-30;observability;sup-dynakube-modes;Kubernetes con Dynatrace Operator: modos de DynaKube;single;scenario;intermediate;hostMonitoring recoge métricas de host y datos de procesos de los nodos con OneAgent, sin monitorización a nivel de aplicación;https://docs.dynatrace.com/docs/ingest-from/setup-on-k8s/how-it-works/other-deployment-modes/host-monitoring | https://docs.dynatrace.com/docs/ingest-from/setup-on-k8s/how-it-works/application-monitoring | https://docs.dynatrace.com/docs/ingest-from/setup-on-k8s/how-it-works/cloud-native-fullstack
R-OBS-05;observability;sup-infra-apps;Databases, Infrastructure & Operations y Discovery & Coverage;multiple;troubleshooting;advanced;asignar uno o varios ActiveGate groups que conecten remotamente con los servidores de base de datos, instalar los componentes necesarios, como drivers JDBC, en esos ActiveGates;https://docs.dynatrace.com/docs/observe/infrastructure-observability/databases
R-OBS-08;observability;sup-infra-apps;Databases, Infrastructure & Operations y Discovery & Coverage;multiple;scenario;intermediate;"Install OneAgents (con prioridad según el tamaño del hueco de observabilidad; con filtros, el botón indica cuántos OneAgents se instalarán). En Service coverage, la columna Enable Full-Stack permite pasar a Full-Stack monitoring mode los OneAgents de los hosts descubiertos";https://docs.dynatrace.com/docs/ingest-from/discovery-coverage-app
R-OBS-11;observability;sup-infra-apps;Databases, Infrastructure & Operations y Discovery & Coverage;single;scenario;intermediate;crear un usuario de monitorización con permisos sobre system views y schemas. Así se monitoriza también una base de datos gestionada en la que no se pueden instalar agentes.;https://docs.dynatrace.com/docs/observe/infrastructure-observability/databases
R-OBS-17;observability;sup-infra-apps;Databases, Infrastructure & Operations y Discovery & Coverage;single;scenario;basic;Infrastructure & Operations simplifica la monitorización de salud de la infraestructura y facilita el root cause analysis de Problems, con vistas de Hosts, Containers, Processes y Network Devices y un Explorer;https://docs.dynatrace.com/docs/observe/infrastructure-observability/infrastructure-and-operations
R-OBS-28;observability;sup-infra-apps;Databases, Infrastructure & Operations y Discovery & Coverage;single;scenario;advanced;eBPF Discovery module (componente de OneAgent de bajo overhead que determina qué URLs se envían a un proceso, con qué frecuencia y si el origen es público);https://docs.dynatrace.com/docs/ingest-from/discovery-coverage-app
R-OBS-41;observability;sup-infra-apps;Databases, Infrastructure & Operations y Discovery & Coverage;single;knowledge;basic;La app Databases ofrece un health score compuesto que resume la salud de cada instancia de base de datos;https://docs.dynatrace.com/docs/observe/infrastructure-observability/databases
B-015;observability;sup-kubernetes-app;La app Kubernetes y Enhanced Object Visibility;single;scenario;advanced;Como las métricas, eventos y logs están en Grail, el mismo análisis puede hacerse con DQL y reutilizarse en Notebooks, Dashboards o Workflows.;https://docs.dynatrace.com/docs/observe/infrastructure-observability/kubernetes-app
C-007;observability;sup-kubernetes-app;La app Kubernetes y Enhanced Object Visibility;single;scenario;advanced;"para eventos críticos se genera un Health alert, que inicia una investigación de Problems; para situaciones no críticas, un Warning signal informa de un posible problema";https://docs.dynatrace.com/docs/observe/infrastructure-observability/kubernetes-app
D-006;observability;sup-kubernetes-app;La app Kubernetes y Enhanced Object Visibility;single;scenario;advanced;se considera unhealthy si cualquiera de sus custom alert configurations asociadas está unhealthy;https://docs.dynatrace.com/docs/observe/infrastructure-observability/kubernetes-app
D-007;observability;sup-kubernetes-app;La app Kubernetes y Enhanced Object Visibility;single;scenario;advanced;añade objetos como Ingress, NetworkPolicies, CRDs, PVCs, PVs y ConfigMaps, da acceso a sus definiciones YAML para depurar y validar configuraciones en tiempo real;https://docs.dynatrace.com/docs/observe/infrastructure-observability/kubernetes-app
FO-010;observability;sup-kubernetes-app;La app Kubernetes y Enhanced Object Visibility;single;scenario;advanced;"La nueva experiencia no está disponible para Managed ni para SaaS sin Grail; en esos entornos se sigue usando Kubernetes Classic.";https://docs.dynatrace.com/docs/observe/infrastructure-observability/kubernetes-app
FO-011;observability;sup-kubernetes-app;La app Kubernetes y Enhanced Object Visibility;single;scenario;advanced;se abre una vista de detalle con pestañas de health y utilization, logs, events, ownership y vulnerabilities;https://docs.dynatrace.com/docs/observe/infrastructure-observability/kubernetes-app
FO-012;observability;sup-kubernetes-app;La app Kubernetes y Enhanced Object Visibility;single;scenario;advanced;presenta alertas de buenas prácticas para clusters, nodes, namespaces, persistent volume claims y workloads, y resalta cuáles están active, partially active o inactive;https://docs.dynatrace.com/docs/observe/infrastructure-observability/kubernetes-app
FO-014;observability;sup-kubernetes-app;La app Kubernetes y Enhanced Object Visibility;single;scenario;advanced;permite consultar los YAML de todos los clusters y namespaces con DQL para detectar misconfigurations;https://docs.dynatrace.com/docs/observe/infrastructure-observability/kubernetes-app
G-034;observability;sup-kubernetes-app;La app Kubernetes y Enhanced Object Visibility;single;troubleshooting;advanced;Requiere ActiveGate 1.327 o superior. Con ActiveGates anteriores, el cluster funciona en modo de compatibilidad y aparece una pestaña adicional Explorer (Classic);https://docs.dynatrace.com/docs/observe/infrastructure-observability/kubernetes-app
R-OBS-27;observability;sup-mode-licensing;Cómo consume licencia cada modo en DPS;multiple;precision;advanced;Full-Stack Monitoring se mide en GiB-hours (memory-gibibyte-hours) según la memoria del host: la RAM se redondea al siguiente múltiplo de 0,25 GiB (256 MiB) y se aplica un mínimo de 4 GiB a hosts físicos y virtuales. Infrastructure Monitoring se mide en host hours, con independencia de la memoria del host;https://docs.dynatrace.com/docs/license/capabilities/app-infra-observability/full-stack-monitoring | https://docs.dynatrace.com/docs/license/capabilities/app-infra-observability/infrastructure-monitoring
A-016;observability;sup-oneagentctl;oneagentctl: parámetros y reinicios que exige cada cambio;single;troubleshooting;advanced;Cambiar el modo con --set-monitoring-mode requiere reiniciar OneAgent y también todos los services monitorizados;https://docs.dynatrace.com/docs/ingest-from/dynatrace-oneagent/oneagent-configuration-via-command-line-interface
G-037;observability;sup-oneagentctl;oneagentctl: parámetros y reinicios que exige cada cambio;single;precision;advanced;--set-proxy configura el proxy (con valor vacío lo elimina) y requiere reiniciar OneAgent;https://docs.dynatrace.com/docs/ingest-from/dynatrace-oneagent/oneagent-configuration-via-command-line-interface
R-OBS-07;observability;sup-oneagentctl;oneagentctl: parámetros y reinicios que exige cada cambio;multiple;practical;advanced;Cambiar el modo con --set-monitoring-mode requiere reiniciar OneAgent y también todos los services monitorizados, igual que --set-host-group;https://docs.dynatrace.com/docs/ingest-from/dynatrace-oneagent/oneagent-configuration-via-command-line-interface
R-OBS-09;observability;sup-oneagentctl;oneagentctl: parámetros y reinicios que exige cada cambio;single;troubleshooting;advanced;La causa es la auto-injection desactivada: actívala con --set-auto-injection-enabled=true y reinicia el proceso Java;https://docs.dynatrace.com/docs/ingest-from/dynatrace-oneagent/oneagent-configuration-via-command-line-interface | https://docs.dynatrace.com/docs/platform/oneagent/monitoring-modes/monitoring-modes | https://docs.dynatrace.com/docs/platform/oneagent/monitoring-modes/enable-monitoring-modes
R-OBS-12;observability;sup-oneagentctl;oneagentctl: parámetros y reinicios que exige cada cambio;single;troubleshooting;advanced;alfanuméricos, guiones, guiones bajos y puntos, sin empezar por dt. y con un máximo de 100 caracteres;https://docs.dynatrace.com/docs/observe/infrastructure-observability/hosts/configuration/organize-your-environment-using-host-groups | https://docs.dynatrace.com/docs/ingest-from/dynatrace-oneagent/oneagent-configuration-via-command-line-interface
R-OBS-23;observability;sup-oneagentctl;oneagentctl: parámetros y reinicios que exige cada cambio;single;troubleshooting;basic;por defecto /opt/dynatrace/oneagent/agent/tools en Linux y AIX, donde necesitas privilegios de root;https://docs.dynatrace.com/docs/ingest-from/dynatrace-oneagent/oneagent-configuration-via-command-line-interface
R-OBS-03;observability;sup-process-groups;Host groups, process groups y process group instances;multiple;precision;intermediate;Cada host pertenece como máximo a un host group.;https://docs.dynatrace.com/docs/observe/infrastructure-observability/hosts/configuration/organize-your-environment-using-host-groups | https://docs.dynatrace.com/docs/ingest-from/dynatrace-oneagent/oneagent-configuration-via-command-line-interface
R-OBS-14;observability;sup-process-groups;Host groups, process groups y process group instances;single;troubleshooting;advanced;Las reglas y ajustes de process group detection requieren reiniciar los procesos para afectar a cómo se identifican y agrupan;https://docs.dynatrace.com/docs/observe/infrastructure-observability/process-groups/configuration/pg-detection
R-OBS-15;observability;sup-process-groups;Host groups, process groups y process group instances;single;knowledge;basic;para aislar el nodo que consume más memoria se analiza su PGI, no el process group;https://docs.dynatrace.com/docs/observe/infrastructure-observability/process-groups/configuration/pg-detection
R-OBS-26;observability;sup-process-groups;Host groups, process groups y process group instances;single;practical;advanced;con DT_NODE_ID indicas qué procesos deben tratarse como process group instances separadas;https://docs.dynatrace.com/docs/observe/infrastructure-observability/process-groups/configuration/pg-detection
R-OBS-47;observability;topology;Entidades, Smartscape y Problems;single;precision;intermediate;así que un Problem puede reunir varios Davis events. A la inversa, la mayoría de los Davis events no indican un estado anormal;https://docs.dynatrace.com/docs/dynatrace-intelligence/root-cause-analysis/concepts
R-OBS-48;observability;topology;Entidades, Smartscape y Problems;single;scenario;basic;Smartscape muestra relaciones entre entidades monitorizadas y ayuda a navegar dependencias.;https://docs.dynatrace.com/docs/analyze-explore-automate/smartscape
R-NOT-08;notebooks;choose;Elegir herramienta;multiple;scenario;basic;Los Notebooks encajan en training y enablement, documentación, análisis ad hoc y troubleshooting, investigación de incidentes complejos que requieren un análisis más profundo;https://docs.dynatrace.com/docs/analyze-explore-automate/dashboards-and-notebooks/differences-dashboards-notebooks
R-NOT-16;notebooks;choose;Elegir herramienta;single;precision;intermediate;los datos de un Notebook se almacenan dentro del Notebook, mientras que los datos de un Dashboard se consultan cuando se abre el Dashboard;https://docs.dynatrace.com/docs/analyze-explore-automate/dashboards-and-notebooks/differences-dashboards-notebooks
R-NOT-35;notebooks;dashboard;Dashboard como vista operativa;multiple;knowledge;basic;el seguimiento regular del rendimiento frente a los SLOs;https://docs.dynatrace.com/docs/analyze-explore-automate/dashboards-and-notebooks/differences-dashboards-notebooks
R-NOT-43;notebooks;dashboard-operations;Dashboard operativo y drill-down;single;troubleshooting;intermediate;La primera vez que abres un Dashboard, su refresh rate está en Off;https://docs.dynatrace.com/docs/analyze-explore-automate/dashboards-and-notebooks/dashboards-new
R-NOT-50;notebooks;deep-analysis-recipe;Receta de análisis reproducible;single;troubleshooting;intermediate;las DQL best practices advierten que no se use limit antes de agregar;https://docs.dynatrace.com/docs/platform/grail/dynatrace-query-language/dql-best-practices
R-NOT-48;notebooks;deep-dashboard-model;Anatomía de un Dashboard, tiles y variables;single;troubleshooting;advanced;storage:spans:read para fetch spans;https://docs.dynatrace.com/docs/platform/grail/organize-data/assign-permissions-in-grail
R-NOT-49;notebooks;deep-document-sharing;Sharing, ownership y acceso a datos;single;troubleshooting;advanced;quien la ejecuta necesita en sus políticas storage:buckets:read (nivel bucket) y storage:logs:read (nivel tabla);https://docs.dynatrace.com/docs/platform/grail/organize-data/assign-permissions-in-grail | https://docs.dynatrace.com/docs/discover-dynatrace/get-started/dynatrace-ui/share
R-NOT-45;notebooks;deep-notebook-sections;Anatomía de un Notebook y tipos de secciones;single;scenario;intermediate;la documentación de Notebooks no describe variables, así que en un Notebook el contexto se ajusta con el timeframe y los segments de cada sección;https://docs.dynatrace.com/docs/analyze-explore-automate/dashboards-and-notebooks/notebooks | https://docs.dynatrace.com/docs/analyze-explore-automate/dashboards-and-notebooks/dashboards-new/components/dashboard-component-variable
R-NOT-46;notebooks;deep-notebook-sections;Anatomía de un Notebook y tipos de secciones;single;knowledge;basic;Prompt: una pregunta en lenguaje natural que la IA generativa traduce a una consulta DQL.;https://docs.dynatrace.com/docs/analyze-explore-automate/dashboards-and-notebooks/notebooks
R-NOT-47;notebooks;deep-notebook-sections;Anatomía de un Notebook y tipos de secciones;single;precision;intermediate;el atajo Ctrl+Space muestra las sugerencias de autocompletado;https://docs.dynatrace.com/docs/analyze-explore-automate/dashboards-and-notebooks/notebooks
R-NOT-38;notebooks;notebook-cells;Celdas, narrativa y reproducibilidad;single;scenario;intermediate;el parámetro timeframe de fetch acepta un intervalo ISO 8601;https://docs.dynatrace.com/docs/platform/grail/dynatrace-query-language/commands/data-source-commands | https://docs.dynatrace.com/docs/analyze-explore-automate/dashboards-and-notebooks/notebooks
R-NOT-51;notebooks;precision-facts;Hechos de precisión;single;precision;advanced;los custom links pueden usar placeholders como {{:from}}, {{:to}} o variables del Dashboard ({{$variable}});https://docs.dynatrace.com/docs/analyze-explore-automate/dashboards-and-notebooks/drilldowns-and-navigation
R-NOT-52;notebooks;precision-facts;Hechos de precisión;single;scenario;intermediate;El enlace no convierte el documento en público fuera del entorno.;https://docs.dynatrace.com/docs/discover-dynatrace/get-started/dynatrace-ui/share
R-NOT-53;notebooks;precision-facts;Hechos de precisión;single;precision;intermediate;Restaurar un Notebook eliminado requiere document:trash.documents:restore;https://docs.dynatrace.com/docs/analyze-explore-automate/dashboards-and-notebooks/notebooks
R-NOT-36;notebooks;quality;Calidad y compartición;single;troubleshooting;advanced;con samplingRatio: 100, un count() se calcula sobre 1/100 de los registros y no es el total real;https://docs.dynatrace.com/docs/platform/grail/dynatrace-query-language/commands/data-source-commands | https://docs.dynatrace.com/docs/platform/grail/dynatrace-query-language/dql-best-practices
R-NOT-37;notebooks;quality;Calidad y compartición;multiple;precision;intermediate;Sus valores admitidos son 1 (por defecto, sin muestreo), 10, 100, 1000 y 10000;https://docs.dynatrace.com/docs/platform/grail/dynatrace-query-language/commands/data-source-commands | https://docs.dynatrace.com/docs/platform/grail/dynatrace-query-language/dql-best-practices
R-NOT-44;notebooks;sharing-governance;Compartición, permisos y gobierno;single;troubleshooting;intermediate;document:documents:write, crearlos y actualizarlos (guardar cambios);https://docs.dynatrace.com/docs/analyze-explore-automate/dashboards-and-notebooks/notebooks
FN-018;notebooks;sup-annotations;Anotaciones sobre gráficos;single;scenario;advanced;En la DQL o el código de una anotación puedes usar variables del Dashboard igual que en los tiles, con el prefijo $;https://docs.dynatrace.com/docs/analyze-explore-automate/dashboards-and-notebooks/dashboards-new/components/dashboard-component-annotation
FN-019;notebooks;sup-annotations;Anotaciones sobre gráficos;single;precision;advanced;Con alertas, el mapeo por defecto es event.name para el nombre, event.description para la descripción y event.start y event.end para el intervalo.;https://docs.dynatrace.com/docs/analyze-explore-automate/dashboards-and-notebooks/dashboards-new/components/dashboard-component-annotation
G-046;notebooks;sup-annotations;Anotaciones sobre gráficos;single;precision;advanced;"name (texto que se muestra en el gráfico) y start (punto de anclaje) son obligatorios; description (tooltip) y end son opcionales, y end convierte el punto en un rango";https://docs.dynatrace.com/docs/analyze-explore-automate/dashboards-and-notebooks/dashboards-new/components/dashboard-component-annotation
G-059;notebooks;sup-annotations;Anotaciones sobre gráficos;single;scenario;intermediate;Se definen con una consulta DQL que devuelva timestamps y metadatos, con código JavaScript o seleccionando alertas del entorno. Existen en Dashboards y en Notebooks;https://docs.dynatrace.com/docs/analyze-explore-automate/dashboards-and-notebooks/notebooks
R-NOT-06;notebooks;sup-annotations;Anotaciones sobre gráficos;multiple;knowledge;intermediate;Solo se admiten en las visualizaciones Line, Area y Bar;https://docs.dynatrace.com/docs/analyze-explore-automate/dashboards-and-notebooks/dashboards-new/components/dashboard-component-annotation
R-NOT-20;notebooks;sup-annotations;Anotaciones sobre gráficos;single;scenario;intermediate;en un Notebook, las anotaciones son específicas de la sección a la que se añaden;https://docs.dynatrace.com/docs/analyze-explore-automate/dashboards-and-notebooks/notebooks
R-NOT-21;notebooks;sup-annotations;Anotaciones sobre gráficos;multiple;knowledge;intermediate;Se definen con una consulta DQL que devuelva timestamps y metadatos, con código JavaScript o seleccionando alertas del entorno.;https://docs.dynatrace.com/docs/analyze-explore-automate/dashboards-and-notebooks/dashboards-new/components/dashboard-component-annotation
FN-008;notebooks;sup-dashboard-json;El documento JSON de un Dashboard;single;precision;advanced;Los IDs de los tiles en tiles deben coincidir con los IDs en layouts: un tile sin una entrada en layouts con su mismo ID no queda colocado.;https://docs.dynatrace.com/docs/analyze-explore-automate/dashboards-and-notebooks/document-api/document-structure-dashboards
FN-009;notebooks;sup-dashboard-json;El documento JSON de un Dashboard;single;precision;advanced;Un data tile requiere title, query, visualization y los objetos visualizationSettings y querySettings, que pueden estar vacíos. Un tile markdown guarda su texto en content y no ejecuta DQL.;https://docs.dynatrace.com/docs/analyze-explore-automate/dashboards-and-notebooks/document-api/document-structure-dashboards
FN-010;notebooks;sup-dashboard-json;El documento JSON de un Dashboard;single;scenario;advanced;Si un solo tile necesita otra ventana de tiempo, se expresa en la propiedad timeframe del data tile;https://docs.dynatrace.com/docs/analyze-explore-automate/dashboards-and-notebooks/document-api/document-structure-dashboards
G-044;notebooks;sup-dashboard-json;El documento JSON de un Dashboard;single;knowledge;intermediate;Un Dashboard de Latest Dynatrace es un documento JSON que se gestiona de forma programática con la Document API.;https://docs.dynatrace.com/docs/analyze-explore-automate/dashboards-and-notebooks/document-api/document-structure-dashboards
R-NOT-05;notebooks;sup-dashboard-json;El documento JSON de un Dashboard;single;practical;intermediate;dos tiles con w: 12 en x: 0 y x: 12 de la misma fila quedan uno junto al otro, cada uno con la mitad del ancho;https://docs.dynatrace.com/docs/analyze-explore-automate/dashboards-and-notebooks/document-api/document-structure-dashboards
R-NOT-22;notebooks;sup-dashboard-json;El documento JSON de un Dashboard;multiple;precision;advanced;"Sus propiedades raíz obligatorias son version, variables, tiles y layouts; settings es opcional.";https://docs.dynatrace.com/docs/analyze-explore-automate/dashboards-and-notebooks/document-api/document-structure-dashboards
R-NOT-23;notebooks;sup-dashboard-json;El documento JSON de un Dashboard;single;troubleshooting;advanced;se expresa en la propiedad timeframe del data tile, que debe ser un objeto y no una cadena;https://docs.dynatrace.com/docs/analyze-explore-automate/dashboards-and-notebooks/document-api/document-structure-dashboards
A-039;notebooks;sup-dashboard-tiles-timeframe;Dashboards: tiles, timeframe, refresco y segments;single;scenario;intermediate;La consulta o el código de un tile se definen en su pestaña Data.;https://docs.dynatrace.com/docs/analyze-explore-automate/dashboards-and-notebooks/dashboards-new
A-042;notebooks;sup-dashboard-tiles-timeframe;Dashboards: tiles, timeframe, refresco y segments;single;troubleshooting;advanced;Si la misma DQL devuelve cifras distintas en un Notebook y en un Dashboard, comprueba primero el contexto de ejecución: el timeframe efectivo y los valores de variables, filtros y segments aplicados.;https://docs.dynatrace.com/docs/analyze-explore-automate/dashboards-and-notebooks/notebooks
B-019;notebooks;sup-dashboard-tiles-timeframe;Dashboards: tiles, timeframe, refresco y segments;single;scenario;advanced;Los segments se aplican automáticamente sobre las consultas de los tiles y conviene usarlos cuando quieres reutilizar el mismo filtro entre Dashboards.;https://docs.dynatrace.com/docs/analyze-explore-automate/dashboards-and-notebooks/dashboards-new
B-020;notebooks;sup-dashboard-tiles-timeframe;Dashboards: tiles, timeframe, refresco y segments;single;precision;advanced;Si necesitas más control sobre cómo se aplica el filtro, como elegir el operador (==, startsWith, in) o cómo depende de otros filtros, usa variables, que referencias explícitamente en la DQL.;https://docs.dynatrace.com/docs/analyze-explore-automate/dashboards-and-notebooks/dashboards-new
B-024;notebooks;sup-dashboard-tiles-timeframe;Dashboards: tiles, timeframe, refresco y segments;single;scenario;advanced;"las selecciones de segment del tile sustituyen (override) a las del Dashboard para ese tile; no se combinan.";https://docs.dynatrace.com/docs/analyze-explore-automate/dashboards-and-notebooks/dashboards-new
C-011;notebooks;sup-dashboard-tiles-timeframe;Dashboards: tiles, timeframe, refresco y segments;single;precision;advanced;"El timeframe por defecto que configuras en Settings se aplica solo a una nueva sesión con el Dashboard; la vista abierta conserva su selección.";https://docs.dynatrace.com/docs/analyze-explore-automate/dashboards-and-notebooks/dashboards-new
D-009;notebooks;sup-dashboard-tiles-timeframe;Dashboards: tiles, timeframe, refresco y segments;single;scenario;advanced;Si editas un Dashboard en el que no tienes permiso de escritura, los cambios son temporales: puedes guardarlos con Save as new, que crea una copia nueva con tus cambios, o descartarlos.;https://docs.dynatrace.com/docs/analyze-explore-automate/dashboards-and-notebooks/dashboards-new | https://docs.dynatrace.com/docs/discover-dynatrace/get-started/dynatrace-ui/share
D-010;notebooks;sup-dashboard-tiles-timeframe;Dashboards: tiles, timeframe, refresco y segments;single;precision;advanced;Cuando ejecutas un tile o una sección Code escritos por otra persona, Dynatrace ejecuta ese JavaScript con tu cuenta de usuario y tus permisos;https://docs.dynatrace.com/docs/analyze-explore-automate/dashboards-and-notebooks/dashboards-new
FN-007;notebooks;sup-dashboard-tiles-timeframe;Dashboards: tiles, timeframe, refresco y segments;single;scenario;advanced;Un tile Query admite cualquier DQL, por eso es la opción cuando necesitas una transformación que Explore no ofrece.;https://docs.dynatrace.com/docs/analyze-explore-automate/dashboards-and-notebooks/dashboards-new
G-041;notebooks;sup-dashboard-tiles-timeframe;Dashboards: tiles, timeframe, refresco y segments;single;knowledge;basic;Desde el menú Add de un Dashboard creas tiles Explore (exploración point-and-click de logs, métricas y business events, sin conocimientos de DQL ni de código), Query (DQL), Code (JavaScript ejecutado como Dynatrace function) y Markdown;https://docs.dynatrace.com/docs/analyze-explore-automate/dashboards-and-notebooks/dashboards-new
G-052;notebooks;sup-dashboard-tiles-timeframe;Dashboards: tiles, timeframe, refresco y segments;single;troubleshooting;advanced;acota el timeframe (una ventana más corta rinde mejor con los mismos datos), filtra lo antes posible con filter o search;https://docs.dynatrace.com/docs/platform/grail/dynatrace-query-language/dql-best-practices | https://docs.dynatrace.com/docs/analyze-explore-automate/dashboards-and-notebooks/dashboards-new
R-NOT-11;notebooks;sup-dashboard-tiles-timeframe;Dashboards: tiles, timeframe, refresco y segments;single;scenario;advanced;Un tile puede definir su propio Custom timeframe, que prevalece sobre el global para ese tile aunque cambies el selector del Dashboard. Si la DQL del tile define el timeframe;https://docs.dynatrace.com/docs/analyze-explore-automate/dashboards-and-notebooks/dashboards-new
R-NOT-13;notebooks;sup-dashboard-tiles-timeframe;Dashboards: tiles, timeframe, refresco y segments;single;scenario;intermediate;puedes acceder a las 50 versiones más recientes y cada versión está disponible hasta 30 días;https://docs.dynatrace.com/docs/analyze-explore-automate/dashboards-and-notebooks/dashboards-new
R-NOT-19;notebooks;sup-dashboard-tiles-timeframe;Dashboards: tiles, timeframe, refresco y segments;single;precision;intermediate;Si lo cambias, ese valor se recuerda la próxima vez que abras el Dashboard.;https://docs.dynatrace.com/docs/analyze-explore-automate/dashboards-and-notebooks/dashboards-new
R-NOT-25;notebooks;sup-dashboard-tiles-timeframe;Dashboards: tiles, timeframe, refresco y segments;single;practical;intermediate;Un tile de Dashboard se copia a un Notebook como sección con Add to notebook (nuevo o existente);https://docs.dynatrace.com/docs/analyze-explore-automate/dashboards-and-notebooks/dashboards-new | https://docs.dynatrace.com/docs/analyze-explore-automate/dashboards-and-notebooks/notebooks
R-NOT-29;notebooks;sup-dashboard-tiles-timeframe;Dashboards: tiles, timeframe, refresco y segments;single;troubleshooting;advanced;coloca sort al final de la consulta, porque ordenar justo después de fetch y seguir procesando reduce el rendimiento;https://docs.dynatrace.com/docs/platform/grail/dynatrace-query-language/dql-best-practices
R-NOT-34;notebooks;sup-dashboard-tiles-timeframe;Dashboards: tiles, timeframe, refresco y segments;single;scenario;intermediate;Make a copy crea un Dashboard nuevo a partir de esa versión y deja el original sin cambios;https://docs.dynatrace.com/docs/analyze-explore-automate/dashboards-and-notebooks/dashboards-new
A-038;notebooks;sup-dashboard-variables;Variables de Dashboard: tipos, claves y uso;single;practical;intermediate;Dynatrace deriva la clave de la variable a partir de su nombre sustituyendo cualquier carácter que no sea letra o número por _ (por ejemplo, Error Rate da Error_Rate), y la clave no puede empezar por el prefijo reservado dt_. En consultas, código, Markdown y títulos se referencia con el prefijo $;https://docs.dynatrace.com/docs/analyze-explore-automate/dashboards-and-notebooks/dashboards-new/components/dashboard-component-variable
A-041;notebooks;sup-dashboard-variables;Variables de Dashboard: tipos, claves y uso;multiple;precision;intermediate;Las variables sirven para filtrar el contenido del Dashboard o para actuar como valores en tiles Code.;https://docs.dynatrace.com/docs/analyze-explore-automate/dashboards-and-notebooks/dashboards-new/components/dashboard-component-variable | https://docs.dynatrace.com/docs/analyze-explore-automate/dashboards-and-notebooks/dashboards-new
C-009;notebooks;sup-dashboard-variables;Variables de Dashboard: tipos, claves y uso;single;troubleshooting;advanced;la clave no puede empezar por el prefijo reservado dt_;https://docs.dynatrace.com/docs/analyze-explore-automate/dashboards-and-notebooks/dashboards-new/components/dashboard-component-variable
C-010;notebooks;sup-dashboard-variables;Variables de Dashboard: tipos, claves y uso;single;scenario;advanced;Para ofrecer un conjunto fijo de valores y permitir elegir varios a la vez, usa una variable List con Multi-select activado.;https://docs.dynatrace.com/docs/analyze-explore-automate/dashboards-and-notebooks/dashboards-new/components/dashboard-component-variable
E-013;notebooks;sup-dashboard-variables;Variables de Dashboard: tipos, claves y uso;single;scenario;advanced;el valor de una variable se recalcula si su definición se refiere a otra variable que cambia;https://docs.dynatrace.com/docs/analyze-explore-automate/dashboards-and-notebooks/dashboards-new/components/dashboard-component-variable
E-014;notebooks;sup-dashboard-variables;Variables de Dashboard: tipos, claves y uso;single;precision;advanced;No se permiten bucles: si A depende de B, B no puede depender de A.;https://docs.dynatrace.com/docs/analyze-explore-automate/dashboards-and-notebooks/dashboards-new
E-016;notebooks;sup-dashboard-variables;Variables de Dashboard: tipos, claves y uso;single;scenario;advanced;DQL (el valor lo devuelve una consulta que escribes al definir la variable, útil para descubrir valores actuales como los servicios existentes);https://docs.dynatrace.com/docs/analyze-explore-automate/dashboards-and-notebooks/dashboards-new/components/dashboard-component-variable
FN-001;notebooks;sup-dashboard-variables;Variables de Dashboard: tipos, claves y uso;single;scenario;advanced;Display as filter on dashboard controla si la variable se muestra como filtro: al desactivarlo se oculta el selector, pero los tiles siguen usando la variable.;https://docs.dynatrace.com/docs/analyze-explore-automate/dashboards-and-notebooks/dashboards-new/components/dashboard-component-variable
FN-002;notebooks;sup-dashboard-variables;Variables de Dashboard: tipos, claves y uso;single;precision;advanced;Si no defines un Default value, se selecciona el primer valor disponible.;https://docs.dynatrace.com/docs/analyze-explore-automate/dashboards-and-notebooks/dashboards-new/components/dashboard-component-variable
G-042;notebooks;sup-dashboard-variables;Variables de Dashboard: tipos, claves y uso;single;troubleshooting;advanced;en tiles Code (por seguridad, solo dentro de la default function);https://docs.dynatrace.com/docs/analyze-explore-automate/dashboards-and-notebooks/dashboards-new/components/dashboard-component-variable
R-NOT-01;notebooks;sup-dashboard-variables;Variables de Dashboard: tipos, claves y uso;single;troubleshooting;advanced;en DQL hay que envolver la variable con array() y usar in(), por ejemplo filter in(host.name, array($Host));https://docs.dynatrace.com/docs/analyze-explore-automate/dashboards-and-notebooks/dashboards-new/components/dashboard-component-variable
R-NOT-04;notebooks;sup-dashboard-variables;Variables de Dashboard: tipos, claves y uso;multiple;precision;advanced;una multi-select oculta se resuelve a * (todas las opciones) y una single-select oculta, a la primera opción disponible. Una variable oculta no usa el Default value almacenado;https://docs.dynatrace.com/docs/analyze-explore-automate/dashboards-and-notebooks/dashboards-new/components/dashboard-component-variable
R-NOT-07;notebooks;sup-dashboard-variables;Variables de Dashboard: tipos, claves y uso;multiple;precision;intermediate;Se usan en tiles DQL, en tiles Code (por seguridad, solo dentro de la default function), en tiles Markdown y en títulos de tile;https://docs.dynatrace.com/docs/analyze-explore-automate/dashboards-and-notebooks/dashboards-new/components/dashboard-component-variable
R-NOT-12;notebooks;sup-dashboard-variables;Variables de Dashboard: tipos, claves y uso;single;troubleshooting;advanced;si los valores de las variables superan 30 KB no pueden almacenarse en la URL;https://docs.dynatrace.com/docs/analyze-explore-automate/dashboards-and-notebooks/dashboards-new/components/dashboard-component-variable
R-NOT-24;notebooks;sup-dashboard-variables;Variables de Dashboard: tipos, claves y uso;single;scenario;intermediate;Free Text (texto libre que escribe el lector, con un Default value opcional);https://docs.dynatrace.com/docs/analyze-explore-automate/dashboards-and-notebooks/dashboards-new/components/dashboard-component-variable
R-NOT-30;notebooks;sup-dashboard-variables;Variables de Dashboard: tipos, claves y uso;single;scenario;intermediate;Code (el valor lo devuelve código que escribes, por ejemplo tras llamar a una API externa);https://docs.dynatrace.com/docs/analyze-explore-automate/dashboards-and-notebooks/dashboards-new/components/dashboard-component-variable
FN-016;notebooks;sup-navigation-links;Open with, enlaces y navegación con contexto;single;scenario;advanced;Los Suggested app links aparecen sin configuración manual cuando los datos lo permiten: por ejemplo, si el resultado contiene un host ID se ofrece Go to Host.;https://docs.dynatrace.com/docs/analyze-explore-automate/dashboards-and-notebooks/drilldowns-and-navigation
FN-017;notebooks;sup-navigation-links;Open with, enlaces y navegación con contexto;single;precision;advanced;una ruta relativa (/ui/dashboards/...) abre en la misma pestaña y una URL absoluta (https://<environment>/ui/dashboards/...) abre una pestaña nueva;https://docs.dynatrace.com/docs/analyze-explore-automate/dashboards-and-notebooks/drilldowns-and-navigation
G-045;notebooks;sup-navigation-links;Open with, enlaces y navegación con contexto;single;scenario;advanced;"Ambos pasan el contexto de la selección (campos y entidades, timeframe y filtros aplicados); no reenvían la DQL del tile.";https://docs.dynatrace.com/docs/analyze-explore-automate/dashboards-and-notebooks/drilldowns-and-navigation
R-NOT-17;notebooks;sup-navigation-links;Open with, enlaces y navegación con contexto;single;troubleshooting;advanced;las visualizaciones de mapa (Choropleth, Dot, Connection y Bubble map) no admiten custom links. Las tablas admiten columnas Markdown con enlaces;https://docs.dynatrace.com/docs/analyze-explore-automate/dashboards-and-notebooks/drilldowns-and-navigation
R-NOT-28;notebooks;sup-navigation-links;Open with, enlaces y navegación con contexto;single;precision;advanced;seleccionar un punto de datos transmite un contexto más específico que seleccionar todo el tile;https://docs.dynatrace.com/docs/analyze-explore-automate/dashboards-and-notebooks/drilldowns-and-navigation
A-036;notebooks;sup-notebook-section-actions;Secciones de Notebook: acciones, resultados y análisis;single;scenario;intermediate;Query (muestra datos consultados en Grail con DQL), Code (muestra datos devueltos por JavaScript ejecutado como Dynatrace function, por ejemplo tras llamar a una API externa) y Markdown (contenido estático editado en Markdown, ideal para la narrativa);https://docs.dynatrace.com/docs/analyze-explore-automate/dashboards-and-notebooks/notebooks
B-021;notebooks;sup-notebook-section-actions;Secciones de Notebook: acciones, resultados y análisis;single;scenario;advanced;Explore (exploración point-and-click de logs, métricas y business events, sin escribir DQL), Query (muestra datos consultados en Grail con DQL);https://docs.dynatrace.com/docs/analyze-explore-automate/dashboards-and-notebooks/notebooks
B-023;notebooks;sup-notebook-section-actions;Secciones de Notebook: acciones, resultados y análisis;single;practical;advanced;Para enlazar desde Markdown a una sección concreta de otro Notebook se usa la ruta del Notebook seguida de # y el identificador de la sección.;https://docs.dynatrace.com/docs/analyze-explore-automate/dashboards-and-notebooks/notebooks
D-012;notebooks;sup-notebook-section-actions;Secciones de Notebook: acciones, resultados y análisis;single;scenario;advanced;Add to dashboard lleva la sección a un Dashboard;https://docs.dynatrace.com/docs/analyze-explore-automate/dashboards-and-notebooks/notebooks
FN-011;notebooks;sup-notebook-section-actions;Secciones de Notebook: acciones, resultados y análisis;single;scenario;advanced;Desde una sección Explore, Create DQL section crea una sección Query con la DQL equivalente para seguir trabajando con la consulta explícita.;https://docs.dynatrace.com/docs/analyze-explore-automate/dashboards-and-notebooks/notebooks
FN-013;notebooks;sup-notebook-section-actions;Secciones de Notebook: acciones, resultados y análisis;single;scenario;advanced;Cada sección tiene también su propio selector de segments: un segment aplicado en una sección solo filtra esa sección.;https://docs.dynatrace.com/docs/analyze-explore-automate/dashboards-and-notebooks/notebooks
FN-015;notebooks;sup-notebook-section-actions;Secciones de Notebook: acciones, resultados y análisis;single;precision;advanced;Clear result borra el resultado de la sección pero conserva su consulta, así que basta con volver a ejecutarla;https://docs.dynatrace.com/docs/analyze-explore-automate/dashboards-and-notebooks/notebooks
G-047;notebooks;sup-notebook-section-actions;Secciones de Notebook: acciones, resultados y análisis;single;scenario;intermediate;Hide input oculta la consulta o el código de la sección y deja visible solo el resultado, lo que permite presentar un informe sin mostrar la DQL.;https://docs.dynatrace.com/docs/analyze-explore-automate/dashboards-and-notebooks/notebooks
G-051;notebooks;sup-notebook-section-actions;Secciones de Notebook: acciones, resultados y análisis;single;knowledge;basic;Run all, en el menú x sections de la esquina superior derecha del Notebook, ejecuta todas las secciones del Notebook;https://docs.dynatrace.com/docs/analyze-explore-automate/dashboards-and-notebooks/notebooks
G-053;notebooks;sup-notebook-section-actions;Secciones de Notebook: acciones, resultados y análisis;single;knowledge;basic;Code (muestra datos devueltos por JavaScript ejecutado como Dynatrace function;https://docs.dynatrace.com/docs/analyze-explore-automate/dashboards-and-notebooks/notebooks
G-057;notebooks;sup-notebook-section-actions;Secciones de Notebook: acciones, resultados y análisis;single;practical;advanced;una sección Query puede empezar con el comando data, que genera datos de ejemplo en tiempo de consulta a partir de record() o de un JSON;https://docs.dynatrace.com/docs/platform/grail/dynatrace-query-language/commands/data-source-commands
R-NOT-10;notebooks;sup-notebook-section-actions;Secciones de Notebook: acciones, resultados y análisis;multiple;knowledge;basic;Download result con tres formatos: CSV (con las columnas visibles y su formato), CSV (raw) (todos los datos, sin formato) y JSON;https://docs.dynatrace.com/docs/analyze-explore-automate/dashboards-and-notebooks/notebooks
R-NOT-14;notebooks;sup-notebook-section-actions;Secciones de Notebook: acciones, resultados y análisis;single;scenario;intermediate;El analyzer Forecast (Prediction) predice la evolución de la serie, por ejemplo cuándo se llenará un disco;https://docs.dynatrace.com/docs/analyze-explore-automate/dashboards-and-notebooks/notebooks
R-NOT-15;notebooks;sup-notebook-section-actions;Secciones de Notebook: acciones, resultados y análisis;single;troubleshooting;advanced;El analyzer admite análisis de hasta 1000 series: con un split por miles de entidades hay que filtrar o reducir el split antes de analizar.;https://docs.dynatrace.com/docs/analyze-explore-automate/dashboards-and-notebooks/notebooks
G-056;notebooks;sup-sharing-methods;Métodos de sharing y niveles Can view y Can edit;single;precision;advanced;El email no contiene el contenido del report, sino un enlace público que no requiere credenciales.;https://docs.dynatrace.com/docs/shortlink/dashboard-reports
R-NOT-02;notebooks;sup-sharing-methods;Métodos de sharing y niveles Can view y Can edit;multiple;precision;intermediate;"Can view permite mostrar el documento, ajustar timeframe y filtros, refrescar, maximizar tiles, copiar tiles, guardar una copia y exportar la definición JSON; no permite guardar cambios en el original.";https://docs.dynatrace.com/docs/discover-dynatrace/get-started/dynatrace-ui/share
R-NOT-03;notebooks;sup-sharing-methods;Métodos de sharing y niveles Can view y Can edit;multiple;precision;intermediate;pero no puede compartir, cambiar el owner ni eliminar el documento;https://docs.dynatrace.com/docs/discover-dynatrace/get-started/dynatrace-ui/share
R-NOT-09;notebooks;sup-sharing-methods;Métodos de sharing y niveles Can view y Can edit;multiple;precision;intermediate;"Access for all (view-only), que da acceso de solo lectura a todo el entorno; Share access, para elegir usuarios o grupos con Can view o Can edit";https://docs.dynatrace.com/docs/discover-dynatrace/get-started/dynatrace-ui/share
R-NOT-18;notebooks;sup-sharing-methods;Métodos de sharing y niveles Can view y Can edit;single;precision;intermediate;al cambiar el owner del documento pierdes el acceso inmediatamente;https://docs.dynatrace.com/docs/analyze-explore-automate/dashboards-and-notebooks/notebooks
R-NOT-26;notebooks;sup-sharing-methods;Métodos de sharing y niveles Can view y Can edit;single;precision;intermediate;que los destinatarios pueden reenviar a otras personas del entorno, que reciben el mismo nivel de permiso;https://docs.dynatrace.com/docs/discover-dynatrace/get-started/dynatrace-ui/share
R-NOT-27;notebooks;sup-sharing-methods;Métodos de sharing y niveles Can view y Can edit;single;scenario;intermediate;Compartir queda reservado al owner salvo que active Allow editors to share, que permite compartir también a los editores.;https://docs.dynatrace.com/docs/discover-dynatrace/get-started/dynatrace-ui/share
G-058;notebooks;sup-visualization-types;Tipos de visualización y cuándo usarlos;single;precision;intermediate;Si el resultado tiene varias filas, Single value cambia a vista de cuadrícula y muestra hasta 25 valores individuales.;https://docs.dynatrace.com/docs/analyze-explore-automate/dashboards-and-notebooks/edit-visualizations/visualization-chart-single-value
R-NOT-31;notebooks;sup-visualization-types;Tipos de visualización y cuándo usarlos;single;scenario;intermediate;Honeycomb ofrece una vista compacta y de alta densidad de métricas sobre muchas entidades, ideal para monitorizar infraestructura y detectar hotspots;https://docs.dynatrace.com/docs/analyze-explore-automate/dashboards-and-notebooks/edit-visualizations/visualization-honeycomb
R-NOT-32;notebooks;sup-visualization-types;Tipos de visualización y cuándo usarlos;single;scenario;intermediate;Histogram visualiza la distribución de valores numéricos en bins, cada uno un rango continuo;https://docs.dynatrace.com/docs/analyze-explore-automate/dashboards-and-notebooks/edit-visualizations/visualization-histogram
R-NOT-33;notebooks;sup-visualization-types;Tipos de visualización y cuándo usarlos;single;precision;advanced;un trend, que calcula la diferencia entre el primer y el último elemento de la serie;https://docs.dynatrace.com/docs/analyze-explore-automate/dashboards-and-notebooks/edit-visualizations/visualization-chart-single-value
R-NOT-41;notebooks;variables-sharing;Variables, filtros y contexto compartido;single;troubleshooting;advanced;en los tiles Explore de un Dashboard, añadir variables solo funciona con variables single-select combinadas con el operador =;https://docs.dynatrace.com/docs/analyze-explore-automate/dashboards-and-notebooks/dashboards-new/components/dashboard-component-variable
R-NOT-42;notebooks;variables-sharing;Variables, filtros y contexto compartido;single;practical;advanced;El parámetro nonempty: true hace que se produzcan series vacías cuando no hay datos;https://docs.dynatrace.com/docs/platform/grail/dynatrace-query-language/commands/aggregation-commands
R-NOT-39;notebooks;visualizations;Visualizaciones y elección de salida;single;troubleshooting;intermediate;son excluyentes: si indicas uno no puedes indicar el otro;https://docs.dynatrace.com/docs/platform/grail/dynatrace-query-language/commands/aggregation-commands
R-NOT-40;notebooks;visualizations;Visualizaciones y elección de salida;single;practical;intermediate;el parámetro default (por ejemplo default: 0) define el valor con el que se rellenan esos intervalos vacíos;https://docs.dynatrace.com/docs/platform/grail/dynatrace-query-language/commands/aggregation-commands
R-BIZ-39;business-dem;business-events;Business Events y datos de negocio;single;knowledge;basic;Topology-aware: pueden relacionarse con entidades técnicas.;https://docs.dynatrace.com/docs/observe/business-observability/bo-basic-concepts
R-BIZ-40;business-dem;business-events;Business Events y datos de negocio;single;knowledge;basic;se convierte en Business Event cuando genera datos de negocio útiles;https://docs.dynatrace.com/docs/observe/business-observability/bo-basic-concepts
R-BIZ-48;business-dem;business-quality;Completitud, cardinalidad y privacidad;single;scenario;advanced;en Grail queda solo el valor enmascarado, no una copia cifrada del original;https://docs.dynatrace.com/docs/platform/openpipeline/concepts/processing | https://docs.dynatrace.com/docs/observe/business-observability/bo-event-processing
R-BIZ-49;business-dem;business-troubleshooting;Diagnosticar un KPI de negocio vacío;single;troubleshooting;basic;Los Business Events se guardan en Grail en la tabla bizevents y se consultan con fetch bizevents;https://docs.dynatrace.com/docs/observe/business-observability/bo-basic-concepts | https://docs.dynatrace.com/docs/observe/business-observability/bo-events-capturing/bo-events-capturing-oneagent
R-BIZ-50;business-dem;business-troubleshooting;Diagnosticar un KPI de negocio vacío;single;troubleshooting;intermediate;la política del usuario necesita el permiso de tabla storage:bizevents:read;https://docs.dynatrace.com/docs/platform/grail/organize-data/assign-permissions-in-grail
R-BIZ-41;business-dem;capture-process;Captura y procesamiento;multiple;practical;intermediate;y OpenKit en clientes propios sin navegador, como un quiosco;https://docs.dynatrace.com/docs/observe/business-observability/bo-events-capturing | https://docs.dynatrace.com/docs/observe/business-observability/bo-events-capturing/web-and-mobile-rum
R-BIZ-42;business-dem;capture-process;Captura y procesamiento;single;troubleshooting;intermediate;Una regla mal acotada puede eliminar datos, multiplicar cardinalidad o exponer información.;https://docs.dynatrace.com/docs/platform/openpipeline/concepts/processing | https://docs.dynatrace.com/docs/observe/business-observability/bo-event-processing
R-BIZ-53;business-dem;deep-business-capture;Captura, ingestión y enriquecimiento;single;troubleshooting;intermediate;Cuando el evento nace en un API externo, no asumas que tiene los mismos campos automáticos que uno capturado por RUM o OneAgent.;https://docs.dynatrace.com/docs/observe/business-observability/bo-events-enrichment | https://docs.dynatrace.com/docs/observe/business-observability/bo-events-capturing/bo-events-capturing-external-sources
R-BIZ-54;business-dem;deep-business-capture;Captura, ingestión y enriquecimiento;multiple;precision;advanced;dt.entity.process_group_instance, event.id, campos event.* y contexto de traza (span_id, trace_id;https://docs.dynatrace.com/docs/observe/business-observability/bo-events-enrichment
R-BIZ-51;business-dem;deep-business-event-model;Business Events y business-grade data;single;precision;intermediate;retención a largo plazo (long-term: hasta diez años, según la retención del bucket);https://docs.dynatrace.com/docs/observe/business-observability/bo-basic-concepts | https://docs.dynatrace.com/docs/platform/grail/organize-data
R-BIZ-52;business-dem;deep-business-event-model;Business Events y business-grade data;single;knowledge;intermediate;el stage Permission aplica el security context a los registros que cumplen su condición mediante el procesador Set dt.security_context;https://docs.dynatrace.com/docs/platform/openpipeline/concepts/processing
R-BIZ-58;business-dem;deep-business-journeys;Journeys, Business Flow y KPIs;single;practical;advanced;Comprueba retención y duplicados antes de concluir.;https://docs.dynatrace.com/docs/observe/business-observability/bo-basic-concepts
R-BIZ-59;business-dem;deep-business-journeys;Journeys, Business Flow y KPIs;single;scenario;intermediate;La conversión se calcula como el número de identificadores distintos que alcanzan el evento de éxito dividido entre el número de identificadores distintos que registraron el evento de inicio;https://docs.dynatrace.com/docs/observe/business-observability/business-flow/set-up-business-flow | https://docs.dynatrace.com/docs/observe/business-observability/bo-basic-concepts
R-BIZ-55;business-dem;deep-rum-session-semantics;RUM en Grail: tablas user.events vs user.sessions y lifecycle;single;precision;advanced;en Grail la tabla user.sessions guarda el motivo en el campo end_reason, cuyos valores documentados son timeout (la sesión expiró), duration (alcanzó la duración máxima) y synthetic_execution_finished;https://docs.dynatrace.com/docs/semantic-dictionary/model/rum/user-sessions
R-BIZ-56;business-dem;deep-rum-session-semantics;RUM en Grail: tablas user.events vs user.sessions y lifecycle;single;practical;intermediate;duration (alcanzó la duración máxima);https://docs.dynatrace.com/docs/semantic-dictionary/model/rum/user-sessions | https://docs.dynatrace.com/docs/observe/digital-experience/new-rum-experience/web-frontends/concepts/user-sessions-web
R-BIZ-57;business-dem;deep-synthetic-semantics;Synthetic Monitoring y scripting con api.fail();single;troubleshooting;intermediate;api.info(), api.warn() y api.error() solo escriben un mensaje en el log;https://docs.dynatrace.com/docs/observe/digital-experience/synthetic/synthetic-app/create-configure-browser-monitors/browser-clickpath-steps
R-BIZ-10;business-dem;dem-components;DEM: RUM, Synthetic y journeys;multiple;scenario;basic;Si el caso pide validar disponibilidad antes de que haya tráfico, Synthetic es la vía controlada.;https://docs.dynatrace.com/docs/observe/digital-experience/synthetic/synthetic-app/create-configure-browser-monitors | https://docs.dynatrace.com/docs/observe/digital-experience/new-rum-experience/concepts/data-model
R-BIZ-09;business-dem;event-model;Modelo de Business Event;single;troubleshooting;intermediate;Proveedor: quién origina el hecho. Tipo: qué hecho ocurrió.;https://docs.dynatrace.com/docs/observe/business-observability/bo-basic-concepts | https://docs.dynatrace.com/docs/observe/business-observability/bo-events-capturing/bo-events-capturing-oneagent
R-BIZ-44;business-dem;journeys;Journeys, propiedades y análisis;single;scenario;intermediate;Si el KPI requiere todos los eventos, no lo reemplaces por una métrica muestreada sin declarar la diferencia.;https://docs.dynatrace.com/docs/observe/business-observability/bo-basic-concepts
R-BIZ-45;business-dem;journeys;Journeys, propiedades y análisis;multiple;knowledge;basic;DQL consulta Business Events en Notebooks, Dashboards o apps como Business Flow.;https://docs.dynatrace.com/docs/observe/business-observability/bo-basic-concepts | https://docs.dynatrace.com/docs/observe/business-observability/bo-event-processing
R-BIZ-60;business-dem;precision-facts;Hechos de precisión;single;knowledge;basic;"El flujo de Business Observability es capture → process → analyze; la visualización y reporting consumen el resultado.";https://docs.dynatrace.com/docs/observe/business-observability/bo-basic-concepts
R-BIZ-61;business-dem;precision-facts;Hechos de precisión;single;knowledge;basic;Synthetic ejecuta HTTP, browser o NAM monitors desde localizaciones públicas o privadas;https://docs.dynatrace.com/docs/observe/digital-experience/synthetic | https://docs.dynatrace.com/docs/observe/digital-experience/synthetic/synthetic-app/create-a-nam-monitor-synthetic-app
R-BIZ-62;business-dem;precision-facts;Hechos de precisión;multiple;precision;basic;"""event.provider"" y ""event.type"" son campos obligatorios del modelo de business events; ""event.category"" es opcional.";https://docs.dynatrace.com/docs/observe/business-observability/bo-basic-concepts
R-BIZ-47;business-dem;rum-sessions;RUM, sessions y final de sesión;single;precision;basic;La guía oficial describe 30 minutos de inactividad, cierre del navegador, seis horas de duración o dtrum.endSession() como condiciones relevantes.;https://docs.dynatrace.com/docs/observe/digital-experience/new-rum-experience/web-frontends/concepts/user-sessions-web
R-BIZ-43;business-dem;rum-synthetic;RUM frente a Synthetic Monitoring;single;scenario;intermediate;Un monitor sintético no representa a todos los usuarios y RUM no garantiza una prueba proactiva de cada ruta.;https://docs.dynatrace.com/docs/observe/digital-experience/new-rum-experience/concepts/data-model | https://docs.dynatrace.com/docs/observe/digital-experience/synthetic
D-016;business-dem;sup-bizevents-api;Business events API y Workflows;single;precision;advanced;El campo event.kind se fija siempre en BIZ_EVENT, sea cual sea el valor recibido.;https://docs.dynatrace.com/docs/observe/business-observability/bo-events-enrichment
G-074;business-dem;sup-bizevents-api;Business events API y Workflows;single;precision;intermediate;Los sistemas externos sin OneAgent, como un ERP o una pasarela de pago, envían Business Events por POST a /api/v2/bizevents/ingest.;https://docs.dynatrace.com/docs/observe/business-observability/bo-events-capturing/bo-events-capturing-external-sources
R-BIZ-01;business-dem;sup-bizevents-api;Business events API y Workflows;single;troubleshooting;intermediate;Con un access token Classic, la autenticación exige el scope Ingest bizevents (bizevents.ingest);https://docs.dynatrace.com/docs/observe/business-observability/bo-events-capturing/bo-events-capturing-external-sources
R-BIZ-02;business-dem;sup-bizevents-api;Business events API y Workflows;single;precision;intermediate;En CloudEvents, source se convierte en event.provider, type en event.type e id en event.id.;https://docs.dynatrace.com/docs/observe/business-observability/bo-events-capturing/bo-events-capturing-external-sources
R-BIZ-03;business-dem;sup-bizevents-api;Business events API y Workflows;single;precision;advanced;La Business events API limita el payload a 5 MB por petición.;https://docs.dynatrace.com/docs/observe/business-observability/bo-events-capturing/bo-events-capturing-external-sources
R-BIZ-06;business-dem;sup-bizevents-api;Business events API y Workflows;single;troubleshooting;advanced;La acción necesita el permiso storage:events:write en los authorization settings del Workflow.;https://docs.dynatrace.com/docs/observe/business-observability/bo-events-capturing/bo-events-capturing-workflows-overview
R-BIZ-30;business-dem;sup-bizevents-api;Business events API y Workflows;single;precision;advanced;En JSON puro no hay campos obligatorios: si faltan, event.provider y event.type toman el valor Unknown;https://docs.dynatrace.com/docs/observe/business-observability/bo-events-capturing/bo-events-capturing-external-sources | https://docs.dynatrace.com/docs/observe/business-observability/bo-events-enrichment
R-BIZ-34;business-dem;sup-bizevents-api;Business events API y Workflows;single;precision;advanced;y lotes de CloudEvents (application/cloudevents-batch+json);https://docs.dynatrace.com/docs/observe/business-observability/bo-events-capturing/bo-events-capturing-external-sources
R-BIZ-38;business-dem;sup-bizevents-api;Business events API y Workflows;single;precision;advanced;pero convierte los objetos JSON complejos (por ejemplo, un objeto customer anidado) en strings;https://docs.dynatrace.com/docs/observe/business-observability/bo-events-capturing/bo-events-capturing-external-sources
G-068;business-dem;sup-bizevents-capture-sources;Capture rules, RUM y OpenPipeline como fuentes de Business Events;single;knowledge;intermediate;OneAgent captura Business Events de servicios backend (Java, .NET, Node.js, Go y webservers como Apache, NGINX o IIS) con capture rules, sin modificar el código.;https://docs.dynatrace.com/docs/observe/business-observability/bo-events-capturing/bo-events-capturing-oneagent
R-BIZ-04;business-dem;sup-bizevents-capture-sources;Capture rules, RUM y OpenPipeline como fuentes de Business Events;multiple;scenario;intermediate;Las capture rules de OneAgent y el procesador Business event de OpenPipeline obtienen Business Events sin modificar el código de la aplicación.;https://docs.dynatrace.com/docs/observe/business-observability/bo-events-capturing | https://docs.dynatrace.com/docs/observe/business-observability/bo-events-capturing/bo-events-capturing-oneagent | https://docs.dynatrace.com/docs/observe/business-observability/bo-events-capturing/bo-events-capturing-logs-and-spans
R-BIZ-05;business-dem;sup-bizevents-capture-sources;Capture rules, RUM y OpenPipeline como fuentes de Business Events;single;troubleshooting;intermediate;Hay que reiniciar el proceso de la aplicación antes de poder capturar Business Events de él;https://docs.dynatrace.com/docs/observe/business-observability/bo-events-capturing/bo-events-capturing-oneagent
R-BIZ-20;business-dem;sup-bizevents-capture-sources;Capture rules, RUM y OpenPipeline como fuentes de Business Events;multiple;precision;advanced;Los Business Events de RUM se enriquecen con dispositivo, navegador, aplicación, geolocalización (geo.country.name, geo.city.name…) y campos dt.rum.* como dt.rum.session.id;https://docs.dynatrace.com/docs/observe/business-observability/bo-events-enrichment
R-BIZ-25;business-dem;sup-bizevents-capture-sources;Capture rules, RUM y OpenPipeline como fuentes de Business Events;single;troubleshooting;advanced;En el caso de los spans hay que configurar además dynamic routing para que los spans correctos lleguen a ese pipeline;https://docs.dynatrace.com/docs/observe/business-observability/bo-events-capturing/bo-events-capturing-logs-and-spans
R-BIZ-26;business-dem;sup-bizevents-capture-sources;Capture rules, RUM y OpenPipeline como fuentes de Business Events;single;troubleshooting;advanced;Los Business Events de RUM solo se capturan en sesiones monitorizadas;https://docs.dynatrace.com/docs/observe/business-observability/bo-events-capturing/web-and-mobile-rum
R-BIZ-29;business-dem;sup-bizevents-capture-sources;Capture rules, RUM y OpenPipeline como fuentes de Business Events;single;troubleshooting;advanced;se combinan con lógica AND, de modo que deben cumplirse todas las condiciones;https://docs.dynatrace.com/docs/observe/business-observability/bo-events-capturing/bo-events-capturing-oneagent
R-BIZ-35;business-dem;sup-bizevents-capture-sources;Capture rules, RUM y OpenPipeline como fuentes de Business Events;single;troubleshooting;advanced;la captura de request/response body está limitada por defecto a unos 64 KiB;https://docs.dynatrace.com/docs/observe/business-observability/bo-events-capturing/bo-events-capturing-oneagent
D-015;business-dem;sup-bizevents-governance;Business-grade data, metadatos, buckets y privacidad;single;precision;advanced;"event.provider, obligatorio, que indica la fuente del evento (el componente o sistema que lo generó); event.type, obligatorio, el identificador único del tipo de evento";https://docs.dynatrace.com/docs/observe/business-observability/bo-basic-concepts
FB-011;business-dem;sup-bizevents-governance;Business-grade data, metadatos, buckets y privacidad;single;precision;advanced;event.category, opcional, una categorización estándar basada en ITIL;https://docs.dynatrace.com/docs/observe/business-observability/bo-basic-concepts
G-077;business-dem;sup-bizevents-governance;Business-grade data, metadatos, buckets y privacidad;single;knowledge;basic;real-time (los eventos están disponibles inmediatamente después de producirse);https://docs.dynatrace.com/docs/observe/business-observability/bo-basic-concepts
G-078;business-dem;sup-bizevents-governance;Business-grade data, metadatos, buckets y privacidad;single;precision;advanced;lo correcto es no capturarlo en la capture rule o editarlo y enmascararlo en la etapa de processing de OpenPipeline antes de que se almacene;https://docs.dynatrace.com/docs/observe/business-observability/bo-event-processing | https://docs.dynatrace.com/docs/platform/openpipeline/concepts/processing
R-BIZ-07;business-dem;sup-bizevents-governance;Business-grade data, metadatos, buckets y privacidad;single;scenario;advanced;Los buckets custom admiten retenciones de 1 a 3657 días (unos diez años) y el procesador Bucket assignment de OpenPipeline enruta los registros elegidos a ellos.;https://docs.dynatrace.com/docs/platform/grail/organize-data | https://docs.dynatrace.com/docs/observe/business-observability/bo-event-processing
R-BIZ-08;business-dem;sup-bizevents-governance;Business-grade data, metadatos, buckets y privacidad;single;practical;basic;event.provider, obligatorio, que indica la fuente del evento (el componente o sistema que lo generó);https://docs.dynatrace.com/docs/observe/business-observability/bo-basic-concepts
R-BIZ-22;business-dem;sup-bizevents-governance;Business-grade data, metadatos, buckets y privacidad;multiple;scenario;intermediate;"Los Business Events se guardan por defecto en el bucket default_bizevents, con 35 días de retención, y se consultan con fetch bizevents; los user events de RUM van al bucket default_user_events (también 35 días) y se consultan en user.events.";https://docs.dynatrace.com/docs/observe/digital-experience/new-rum-experience/concepts/data-model | https://docs.dynatrace.com/docs/observe/business-observability/bo-events-capturing/web-and-mobile-rum | https://docs.dynatrace.com/docs/platform/grail/organize-data
R-BIZ-23;business-dem;sup-bizevents-governance;Business-grade data, metadatos, buckets y privacidad;multiple;knowledge;basic;complete (todos los eventos se capturan sin sampling), fully accessible (se consultan sin extrapolación), real-time (los eventos están disponibles inmediatamente después de producirse), unconstrained (sin límite al número de eventos), granular (los eventos no se agregan con el tiempo);https://docs.dynatrace.com/docs/observe/business-observability/bo-basic-concepts
FB-012;business-dem;sup-business-flow;Business Flow: correlation ID, KPI y entidad BIZ_FLOW;single;scenario;advanced;Los eventos de distintos pasos se unen como una instancia del flujo mediante un correlation ID;https://docs.dynatrace.com/docs/observe/business-observability/business-flow/set-up-business-flow
FB-013;business-dem;sup-business-flow;Business Flow: correlation ID, KPI y entidad BIZ_FLOW;single;scenario;advanced;los correlation IDs locales opcionales lo sobrescriben en los pasos donde el identificador tiene otro nombre;https://docs.dynatrace.com/docs/observe/business-observability/business-flow/set-up-business-flow
FB-014;business-dem;sup-business-flow;Business Flow: correlation ID, KPI y entidad BIZ_FLOW;single;precision;advanced;solo se muestran los atributos de tipo long o double;https://docs.dynatrace.com/docs/observe/business-observability/business-flow/set-up-business-flow
FB-015;business-dem;sup-business-flow;Business Flow: correlation ID, KPI y entidad BIZ_FLOW;single;scenario;advanced;así el flujo se relaciona con entidades de topología y la app Problems puede mostrar el proceso de negocio afectado;https://docs.dynatrace.com/docs/observe/business-observability/business-flow/set-up-business-flow
FB-016;business-dem;sup-business-flow;Business Flow: correlation ID, KPI y entidad BIZ_FLOW;single;scenario;advanced;ese alcance se aplica a las consultas del modo de edición (selección de event types), a las consultas de análisis y al DQL de Anomaly Detection de las alertas KPI;https://docs.dynatrace.com/docs/observe/business-observability/business-flow/set-up-business-flow
G-071;business-dem;sup-business-flow;Business Flow: correlation ID, KPI y entidad BIZ_FLOW;single;knowledge;intermediate;La app Business Flow define los pasos de un proceso de negocio (por ejemplo Place order y Ship order) a partir de Business Events y permite analizar su avance;https://docs.dynatrace.com/docs/observe/business-observability/business-flow/set-up-business-flow
R-BIZ-21;business-dem;sup-business-flow;Business Flow: correlation ID, KPI y entidad BIZ_FLOW;multiple;precision;advanced;hace falta un flujo de al menos dos pasos con un correlation ID;https://docs.dynatrace.com/docs/observe/business-observability/business-flow/set-up-business-flow
R-BIZ-28;business-dem;sup-business-flow;Business Flow: correlation ID, KPI y entidad BIZ_FLOW;single;scenario;intermediate;En cada paso se pueden designar eventos como Business exception, por ejemplo un evento de falta de stock.;https://docs.dynatrace.com/docs/observe/business-observability/business-flow/set-up-business-flow
A-035;business-dem;sup-clickpath-steps;Pasos del clickpath, esperas, validaciones y JavaScript API;single;troubleshooting;advanced;si un cambio de frontend modifica el DOM, el locator deja de encontrar el elemento;https://docs.dynatrace.com/docs/observe/digital-experience/synthetic/synthetic-app/create-configure-browser-monitors/browser-clickpath-steps | https://docs.dynatrace.com/docs/observe/digital-experience/synthetic/synthetic-app/create-configure-browser-monitors/steps-waiting-time-validation-thresholds
D-013;business-dem;sup-clickpath-steps;Pasos del clickpath, esperas, validaciones y JavaScript API;single;scenario;advanced;"Keystroke guarda por defecto el texto como plain text; las contraseñas deben guardarse en Credential Vault";https://docs.dynatrace.com/docs/observe/digital-experience/synthetic/synthetic-app/create-configure-browser-monitors/browser-clickpath-steps
D-014;business-dem;sup-clickpath-steps;Pasos del clickpath, esperas, validaciones y JavaScript API;single;practical;advanced;api.fail(message) marca la ejecución como fallida con ese motivo;https://docs.dynatrace.com/docs/observe/digital-experience/synthetic/synthetic-app/create-configure-browser-monitors/browser-clickpath-steps
E-023;business-dem;sup-clickpath-steps;Pasos del clickpath, esperas, validaciones y JavaScript API;single;precision;advanced;En escritorio, pulsar un enlace dentro de la página crea un paso Click, no Navigate.;https://docs.dynatrace.com/docs/observe/digital-experience/synthetic/synthetic-app/create-configure-browser-monitors/browser-clickpath-steps
E-024;business-dem;sup-clickpath-steps;Pasos del clickpath, esperas, validaciones y JavaScript API;single;precision;advanced;Todo clickpath necesita al menos un paso Navigate y solo los pasos JavaScript pueden precederlo.;https://docs.dynatrace.com/docs/observe/digital-experience/synthetic/synthetic-app/create-configure-browser-monitors/browser-clickpath-steps
R-BIZ-16;business-dem;sup-clickpath-steps;Pasos del clickpath, esperas, validaciones y JavaScript API;single;practical;intermediate;"un Element que contiene un texto concreto o un texto en el DOM o en cualquier recurso; si no se cumple el criterio, el paso falla y la ejecución se aborta";https://docs.dynatrace.com/docs/observe/digital-experience/synthetic/synthetic-app/create-configure-browser-monitors/steps-waiting-time-validation-thresholds
R-BIZ-17;business-dem;sup-clickpath-steps;Pasos del clickpath, esperas, validaciones y JavaScript API;single;precision;basic;Select option, que registra la posición (Index, desde 0) y el valor de la opción elegida en una lista;https://docs.dynatrace.com/docs/observe/digital-experience/synthetic/synthetic-app/create-configure-browser-monitors/browser-clickpath-steps
R-BIZ-18;business-dem;sup-clickpath-steps;Pasos del clickpath, esperas, validaciones y JavaScript API;multiple;practical;advanced;"api.setValue(key, value) y api.getValue(key) guardan y recuperan valores entre pasos; y api.getCredential(id, type) lee un credential de Credential Vault";https://docs.dynatrace.com/docs/observe/digital-experience/synthetic/synthetic-app/create-configure-browser-monitors/browser-clickpath-steps
R-BIZ-33;business-dem;sup-clickpath-steps;Pasos del clickpath, esperas, validaciones y JavaScript API;single;scenario;advanced;Any of the elements from the next step appears espera a que aparezca, según su locator CSS o DOM, un elemento del paso siguiente, lo que encaja cuando un script lo inserta tarde;https://docs.dynatrace.com/docs/observe/digital-experience/synthetic/synthetic-app/create-configure-browser-monitors/steps-waiting-time-validation-thresholds
R-BIZ-36;business-dem;sup-clickpath-steps;Pasos del clickpath, esperas, validaciones y JavaScript API;single;scenario;intermediate;El browser monitor también permite bloquear requests por URL completa o patrón, por ejemplo http:*://*/*.png.;https://docs.dynatrace.com/docs/observe/digital-experience/synthetic/synthetic-app/create-configure-browser-monitors
A-029;business-dem;sup-rum-classic;RUM Classic: tipos de user action, Apdex y key user actions;single;precision;intermediate;Una load action es una carga real de página en el navegador, por ejemplo al introducir una URL, durante la que se cargan HTML, CSS e imágenes. Una XHR action se produce cuando la interacción del usuario lanza XMLHttpRequests o llamadas fetch();https://docs.dynatrace.com/docs/observe/digital-experience/rum-classic/rum-concepts/user-actions
A-033;business-dem;sup-rum-classic;RUM Classic: tipos de user action, Apdex y key user actions;single;scenario;intermediate;pueden marcarse como key user actions y recibir su propio umbral Apdex, distinto del global de la aplicación;https://docs.dynatrace.com/docs/observe/digital-experience/rum-classic/rum-concepts/user-actions
G-073;business-dem;sup-rum-classic;RUM Classic: tipos de user action, Apdex y key user actions;single;knowledge;intermediate;Apdex valora la satisfacción comparando la duración de cada user action con umbrales configurables;https://docs.dynatrace.com/docs/observe/digital-experience/rum-classic/rum-concepts/user-actions | https://docs.dynatrace.com/docs/observe/digital-experience/rum-classic/rum-concepts/scores-and-ratings/apdex-ratings
A-028;business-dem;sup-rum-data-model;Modelo de datos RUM: user events, views y user actions;single;precision;advanced;A diferencia de RUM Classic, las interacciones se capturan con independencia de que lancen una request.;https://docs.dynatrace.com/docs/observe/digital-experience/new-rum-experience/concepts/data-model
A-032;business-dem;sup-rum-data-model;Modelo de datos RUM: user events, views y user actions;single;scenario;advanced;Una user action es una interacción significativa iniciada por el usuario que conecta los eventos relacionados: interacciones, requests, navegaciones y errores.;https://docs.dynatrace.com/docs/observe/digital-experience/new-rum-experience/concepts/data-model
B-031;business-dem;sup-rum-data-model;Modelo de datos RUM: user events, views y user actions;single;precision;advanced;las session properties se agregan a nivel de sesión en el namespace session_properties de user.sessions;https://docs.dynatrace.com/docs/observe/digital-experience/new-rum-experience/concepts/data-model | https://docs.dynatrace.com/docs/semantic-dictionary/model/rum/user-sessions
C-013;business-dem;sup-rum-data-model;Modelo de datos RUM: user events, views y user actions;single;scenario;advanced;en web una nueva view puede aparecer sin una carga completa de página, como ocurre al cambiar de pantalla en una SPA;https://docs.dynatrace.com/docs/observe/digital-experience/new-rum-experience/concepts/data-model
C-014;business-dem;sup-rum-data-model;Modelo de datos RUM: user events, views y user actions;single;precision;advanced;los navigation events describen la transición de una view a otra o de una page a otra;https://docs.dynatrace.com/docs/observe/digital-experience/new-rum-experience/concepts/data-model
C-016;business-dem;sup-rum-data-model;Modelo de datos RUM: user events, views y user actions;single;scenario;advanced;El user identifier de la sesión se puebla con la RUM API o enriqueciéndolo en OpenPipeline a partir de una event property.;https://docs.dynatrace.com/docs/observe/digital-experience/new-rum-experience/concepts/data-model
E-021;business-dem;sup-rum-data-model;Modelo de datos RUM: user events, views y user actions;single;scenario;advanced;los error events recogen requests fallidas, excepciones no capturadas, violaciones CSP en web, y crashes y ANR en mobile;https://docs.dynatrace.com/docs/observe/digital-experience/new-rum-experience/concepts/data-model
FB-001;business-dem;sup-rum-data-model;Modelo de datos RUM: user events, views y user actions;single;scenario;advanced;Su duración va desde la interacción hasta el resultado visible para el usuario, aunque intervengan varias llamadas.;https://docs.dynatrace.com/docs/observe/digital-experience/new-rum-experience/concepts/data-model
FB-002;business-dem;sup-rum-data-model;Modelo de datos RUM: user events, views y user actions;single;precision;advanced;Los eventos de una misma acción se agrupan con user_action.instance_id, un identificador generado para cada instancia;https://docs.dynatrace.com/docs/observe/digital-experience/new-rum-experience/concepts/data-model
FB-003;business-dem;sup-rum-data-model;Modelo de datos RUM: user events, views y user actions;single;scenario;advanced;los request events describen llamadas HTTP con URL (url.full), método (http.request.method), código de estado (http.response.status_code);https://docs.dynatrace.com/docs/observe/digital-experience/new-rum-experience/concepts/data-model | https://docs.dynatrace.com/docs/semantic-dictionary/model/rum/user-events/requests
R-BIZ-19;business-dem;sup-rum-data-model;Modelo de datos RUM: user events, views y user actions;multiple;precision;intermediate;se guardan en la tabla user.events con atributos básicos y contexto como sistema operativo, geolocalización, dispositivo y navegador. Las user sessions, en la tabla user.sessions, resumen los user events del mismo usuario dentro de un periodo limitado.;https://docs.dynatrace.com/docs/observe/digital-experience/new-rum-experience/concepts/data-model
R-BIZ-27;business-dem;sup-rum-data-model;Modelo de datos RUM: user events, views y user actions;single;practical;intermediate;contar valores distintos de dt.rum.session.id sobre esos eventos da sesiones con al menos un error;https://docs.dynatrace.com/docs/semantic-dictionary/model/rum | https://docs.dynatrace.com/docs/observe/digital-experience/new-rum-experience/concepts/data-model
FB-007;business-dem;sup-rum-sessions-web;User sessions web: cierre, bounce, duración e identificadores;single;precision;advanced;"RUM no impone ningún límite al número de user actions o eventos por sesión; RUM Classic tenía un límite de 200 user actions por sesión.";https://docs.dynatrace.com/docs/observe/digital-experience/new-rum-experience/web-frontends/concepts/user-sessions-web
G-063;business-dem;sup-rum-sessions-web;User sessions web: cierre, bounce, duración e identificadores;single;precision;basic;Una user session web termina tras 30 minutos de inactividad del navegador;https://docs.dynatrace.com/docs/observe/digital-experience/new-rum-experience/web-frontends/concepts/user-sessions-web
G-064;business-dem;sup-rum-sessions-web;User sessions web: cierre, bounce, duración e identificadores;single;precision;basic;cuando la duración de la sesión alcanza 6 horas;https://docs.dynatrace.com/docs/observe/digital-experience/new-rum-experience/web-frontends/concepts/user-sessions-web
G-065;business-dem;sup-rum-sessions-web;User sessions web: cierre, bounce, duración e identificadores;single;precision;intermediate;de forma programática con dtrum.endSession(), que termina inmediatamente la sesión actual;https://docs.dynatrace.com/docs/observe/digital-experience/new-rum-experience/web-frontends/concepts/user-sessions-web
G-070;business-dem;sup-rum-sessions-web;User sessions web: cierre, bounce, duración e identificadores;single;precision;intermediate;Una sesión con una sola user action o navegación se marca como bounced.;https://docs.dynatrace.com/docs/observe/digital-experience/new-rum-experience/web-frontends/concepts/user-sessions-web
R-BIZ-31;business-dem;sup-rum-sessions-web;User sessions web: cierre, bounce, duración e identificadores;single;precision;intermediate;dt.rum.instance.id identifica el navegador del usuario y, salvo que se desactive Use persistent cookies for user tracking, se guarda en una cookie persistente;https://docs.dynatrace.com/docs/observe/digital-experience/new-rum-experience/web-frontends/concepts/user-sessions-web
R-BIZ-37;business-dem;sup-rum-sessions-web;User sessions web: cierre, bounce, duración e identificadores;multiple;precision;advanced;Para que una sesión se registre debe capturarse al menos un evento que indique actividad del usuario: una user action o una navegación. La duración de la sesión es el tiempo entre el primer evento y la última user action o navegación;https://docs.dynatrace.com/docs/observe/digital-experience/new-rum-experience/web-frontends/concepts/user-sessions-web
A-030;business-dem;sup-synthetic-monitors;Tipos de monitor, locations y control de ejecuciones;single;scenario;intermediate;el single-URL monitor prueba una sola página y el clickpath reproduce un recorrido de usuario con varios pasos;https://docs.dynatrace.com/docs/observe/digital-experience/synthetic/synthetic-app/create-configure-browser-monitors | https://docs.dynatrace.com/docs/observe/digital-experience/synthetic/synthetic-app/create-configure-browser-monitors/browser-clickpath-steps
FB-018;business-dem;sup-synthetic-monitors;Tipos de monitor, locations y control de ejecuciones;single;precision;advanced;Por seguridad, Dynatrace bloquea que los monitores envíen requests a localhost.;https://docs.dynatrace.com/docs/observe/digital-experience/synthetic/synthetic-app/create-configure-browser-monitors/browser-clickpath-steps
G-069;business-dem;sup-synthetic-monitors;Tipos de monitor, locations y control de ejecuciones;single;scenario;intermediate;Las private Synthetic locations ejecutan HTTP, browser y NAM monitors dentro de redes corporativas sin acceso público.;https://docs.dynatrace.com/docs/observe/digital-experience/synthetic/synthetic-app/private-locations
G-072;business-dem;sup-synthetic-monitors;Tipos de monitor, locations y control de ejecuciones;single;knowledge;intermediate;"Un HTTP monitor consiste en una o varias HTTP requests y funciona sin navegador; su tiempo de respuesta es la suma de DNS lookup time, TCP connect time, TLS handshake time, Waiting y Download. Un browser monitor usa un navegador";https://docs.dynatrace.com/docs/observe/digital-experience/synthetic/synthetic-app/synthetic-details-for-http-monitors | https://docs.dynatrace.com/docs/observe/digital-experience/synthetic/synthetic-app/create-configure-browser-monitors
G-076;business-dem;sup-synthetic-monitors;Tipos de monitor, locations y control de ejecuciones;single;scenario;intermediate;Una maintenance window con Disable synthetic monitor execution impide que se ejecuten los HTTP y browser monitors de su scope.;https://docs.dynatrace.com/docs/analyze-explore-automate/notifications-and-alerting/maintenance-windows/define-maintenance-window
G-079;business-dem;sup-synthetic-monitors;Tipos de monitor, locations y control de ejecuciones;single;knowledge;intermediate;Una on-demand execution lanza el monitor al momento, fuera de su programación, en las locations elegidas;https://docs.dynatrace.com/docs/observe/digital-experience/synthetic/synthetic-app/on-demand-executions
R-BIZ-11;business-dem;sup-synthetic-monitors;Tipos de monitor, locations y control de ejecuciones;single;scenario;intermediate;Los NAM monitors comprueban la disponibilidad de hosts, dispositivos y servicios sin interfaz HTTP mediante checks ICMP, TCP y DNS;https://docs.dynatrace.com/docs/observe/digital-experience/synthetic/synthetic-app/create-a-nam-monitor-synthetic-app
R-BIZ-12;business-dem;sup-synthetic-monitors;Tipos de monitor, locations y control de ejecuciones;single;scenario;intermediate;o con la frecuencia On demand only. Una on-demand execution lanza el monitor al momento, fuera de su programación, en las locations elegidas, desde la UI, por API o desde un pipeline de CI/CD;https://docs.dynatrace.com/docs/observe/digital-experience/synthetic/synthetic-app/create-configure-browser-monitors | https://docs.dynatrace.com/docs/observe/digital-experience/synthetic/synthetic-app/on-demand-executions
R-BIZ-13;business-dem;sup-synthetic-monitors;Tipos de monitor, locations y control de ejecuciones;single;precision;advanced;con Execution details only, las ejecuciones no cuentan en las estadísticas de disponibilidad y rendimiento ni en la detección de Problems;https://docs.dynatrace.com/docs/observe/digital-experience/synthetic/synthetic-app/on-demand-executions
R-BIZ-14;business-dem;sup-synthetic-monitors;Tipos de monitor, locations y control de ejecuciones;single;troubleshooting;advanced;"Global outage se dispara cuando fallan todas las locations; Local outage solo está disponible con al menos dos locations y alerta con fallos consecutivos en una o varias locations";https://docs.dynatrace.com/docs/observe/digital-experience/synthetic/synthetic-app/create-configure-browser-monitors
R-BIZ-15;business-dem;sup-synthetic-monitors;Tipos de monitor, locations y control de ejecuciones;single;troubleshooting;intermediate;El automatic retry está activado por defecto: una ejecución fallida se reintenta una vez de inmediato;https://docs.dynatrace.com/docs/observe/digital-experience/synthetic/synthetic-app/create-configure-browser-monitors
R-BIZ-24;business-dem;sup-synthetic-monitors;Tipos de monitor, locations y control de ejecuciones;multiple;knowledge;intermediate;Pueden ser classic locations, sobre ActiveGates con Synthetic habilitado, o containerized locations sobre Kubernetes u OpenShift.;https://docs.dynatrace.com/docs/observe/digital-experience/synthetic/synthetic-app/private-locations
R-BIZ-32;business-dem;sup-synthetic-monitors;Tipos de monitor, locations y control de ejecuciones;single;precision;intermediate;Un browser monitor se programa cada 5, 10, 15 o 30 minutos, o cada 1, 2 o 4 horas;https://docs.dynatrace.com/docs/observe/digital-experience/synthetic/synthetic-app/create-configure-browser-monitors | https://docs.dynatrace.com/docs/observe/digital-experience/synthetic/synthetic-app/create-a-nam-monitor-synthetic-app
R-BIZ-46;business-dem;user-events;Business Event frente a user event;single;scenario;intermediate;El evento debe representar el hecho que la organización quiere medir y contener los campos necesarios;https://docs.dynatrace.com/docs/observe/business-observability/bo-basic-concepts | https://docs.dynatrace.com/docs/observe/digital-experience/new-rum-experience/concepts/data-model
R-DAT-38;data-analysis;analysis-workflow;Flujo de análisis avanzado;multiple;scenario;advanced;"Metrics Classic guarda los datos de 28 a 400 días con resolución de 1 hora; y supera retención, porque default_spans conserva 10 días";https://docs.dynatrace.com/docs/manage/data-privacy-and-security/data-privacy/data-retention-periods | https://docs.dynatrace.com/docs/platform/grail/dynatrace-query-language/commands/data-source-commands
R-DAT-19;data-analysis;correlation;Observación frente a causalidad;multiple;scenario;intermediate;"Los spans de las requests lentas muestran dónde se consume el tiempo; Smartscape muestra qué entidad depende de cuál y permite comprobar qué señal empezó primero.";https://docs.dynatrace.com/docs/dynatrace-intelligence/root-cause-analysis | https://docs.dynatrace.com/docs/observe/application-observability/distributed-traces
R-DAT-20;data-analysis;data-types;Qué tipo de dato estás mirando;single;knowledge;basic;Trace/span · Operación en recorrido · ¿Dónde se consume el tiempo?;https://docs.dynatrace.com/docs/observe/application-observability/distributed-traces
R-DAT-43;data-analysis;deep-baselines-impact;Baselines, anomalías e impacto;single;troubleshooting;intermediate;los Davis events informativos (Info) no se envían como alertas ni abren Problems;https://docs.dynatrace.com/docs/dynatrace-intelligence/root-cause-analysis/event-analysis-and-correlation/event-categories
R-DAT-44;data-analysis;deep-baselines-impact;Baselines, anomalías e impacto;multiple;precision;intermediate;Impact analysis recorre la topología para identificar aplicaciones de entrada, servicios afectados, entidades, SLOs y posibles usuarios.;https://docs.dynatrace.com/docs/dynatrace-intelligence/root-cause-analysis/concepts
R-DAT-45;data-analysis;deep-baselines-impact;Baselines, anomalías e impacto;single;knowledge;intermediate;se construye con la información de dependencias conocida de Smartscape, OneAgent y las cloud integrations;https://docs.dynatrace.com/docs/dynatrace-intelligence/root-cause-analysis/concepts
R-DAT-42;data-analysis;deep-metric-design;Métricas, series temporales y timeseries default:0;single;practical;intermediate;se utiliza el parámetro `default:0` de la función de agregación (por ejemplo: `timeseries cpu = avg(dt.host.cpu.usage, default:0), interval:5m`);https://docs.dynatrace.com/docs/platform/grail/dynatrace-query-language/commands/metric-commands
R-DAT-06;data-analysis;deep-reporting-analysis;Reporting, exportación y reproducibilidad;single;practical;intermediate;GET /api/v2/metrics/query con un token con el scope metrics.read;https://docs.dynatrace.com/docs/dynatrace-api/environment-api/metric-v2/get-data-points | https://docs.dynatrace.com/docs/platform/grail/organize-data/assign-permissions-in-grail
R-DAT-07;data-analysis;deep-reporting-analysis;Reporting, exportación y reproducibilidad;single;troubleshooting;advanced;Si no indicas resolution, la API devuelve por defecto 120 data points por serie;https://docs.dynatrace.com/docs/dynatrace-api/environment-api/metric-v2/get-data-points | https://docs.dynatrace.com/docs/manage/data-privacy-and-security/data-privacy/data-retention-periods
R-DAT-30;data-analysis;deep-reporting-analysis;Reporting, exportación y reproducibilidad;multiple;practical;intermediate;El parámetro metricSelector admite hasta 10 métricas separadas por comas. La respuesta es JSON por defecto, o CSV si se pide con la cabecera Accept.;https://docs.dynatrace.com/docs/dynatrace-api/environment-api/metric-v2/get-data-points
A-061;data-analysis;deep-retention-reference;Retención en Grail, buckets del sistema y permisos de retención;single;scenario;advanced;un selector de 90 días sobre default_logs solo devuelve lo que sigue dentro de sus 35 días;https://docs.dynatrace.com/docs/platform/grail/organize-data
B-033;data-analysis;deep-retention-reference;Retención en Grail, buckets del sistema y permisos de retención;single;precision;advanced;puedes encontrar métricas (default_metrics, 15 meses) y no logs (default_logs, 35 días) de la misma fecha;https://docs.dynatrace.com/docs/platform/grail/organize-data
G-082;data-analysis;deep-retention-reference;Retención en Grail, buckets del sistema y permisos de retención;single;precision;basic;El bucket integrado `default_logs` tiene una retención de 35 días que no se puede modificar;https://docs.dynatrace.com/docs/platform/grail/organize-data
R-DAT-39;data-analysis;deep-signal-semantics;Métricas, logs, trazas, eventos y sesiones;single;practical;intermediate;una consulta de logs puede requerir `parse`;https://docs.dynatrace.com/docs/platform/grail/dynatrace-query-language/commands/extraction-and-parsing-commands | https://docs.dynatrace.com/docs/platform/grail/dynatrace-query-language/commands/aggregation-commands
R-DAT-40;data-analysis;deep-signal-semantics;Métricas, logs, trazas, eventos y sesiones;single;knowledge;intermediate;Lo que une spans generados en servicios distintos es la propagación del trace context;https://docs.dynatrace.com/docs/observe/application-observability/distributed-traces/concepts
R-DAT-41;data-analysis;deep-signal-semantics;Métricas, logs, trazas, eventos y sesiones;single;knowledge;intermediate;un Problem representa el incidente y correlaciona en un único Problem todos los Davis events con la misma root cause;https://docs.dynatrace.com/docs/dynatrace-intelligence/root-cause-analysis/concepts | https://docs.dynatrace.com/docs/dynatrace-intelligence/root-cause-analysis/event-analysis-and-correlation/event-categories
R-DAT-08;data-analysis;key-requests;Key Requests y niveles históricos;single;scenario;intermediate;Los dashboard tiles de una key request incluyen solo los datos recogidos después de marcarla.;https://docs.dynatrace.com/docs/observe/application-observability/services-classic/monitor-key-requests
R-DAT-09;data-analysis;key-requests;Key Requests y niveles históricos;multiple;precision;intermediate;le da métricas dedicadas (gestionables desde la UI o la API), tiles propios en los dashboards, custom thresholds y alerting siempre activo, incluso cuando aporta menos del 1 % del throughput;https://docs.dynatrace.com/docs/observe/application-observability/services-classic/monitor-key-requests
FD-012;data-analysis;metric-retention;Métricas: Grail frente a Classic;single;scenario;advanced;Metrics powered by Grail mantiene 1 minuto durante todo el historial;https://docs.dynatrace.com/docs/analyze-explore-automate/metrics/limits
G-085;data-analysis;metric-retention;Métricas: Grail frente a Classic;single;precision;advanced;En Metrics Classic la granularidad disminuye con la antigüedad: 1 minuto de 0 a 14 días, 5 minutos de 14 a 28 días, 1 hora de 28 a 400 días y 1 día de 400 días a 5 años. Metrics powered by Grail mantiene 1 minuto durante todo el historial;https://docs.dynatrace.com/docs/manage/data-privacy-and-security/data-privacy/data-retention-periods | https://docs.dynatrace.com/docs/analyze-explore-automate/metrics/limits
G-098;data-analysis;metric-retention;Métricas: Grail frente a Classic;single;scenario;advanced;un interval:1h en un Dashboard cambia la agregación consultada, no los datos almacenados;https://docs.dynatrace.com/docs/platform/grail/dynatrace-query-language/commands/metric-commands | https://docs.dynatrace.com/docs/analyze-explore-automate/metrics/limits
R-DAT-15;data-analysis;metric-retention;Métricas: Grail frente a Classic;single;precision;advanced;5 minutos de 14 a 28 días, 1 hora de 28 a 400 días;https://docs.dynatrace.com/docs/manage/data-privacy-and-security/data-privacy/data-retention-periods | https://docs.dynatrace.com/docs/analyze-explore-automate/metrics/limits
R-DAT-16;data-analysis;metric-retention;Métricas: Grail frente a Classic;single;scenario;advanced;el historial Classic no se migra a Grail y sigue disponible en Data Explorer y en Dashboards Classic;https://docs.dynatrace.com/docs/analyze-explore-automate/metrics/faq | https://docs.dynatrace.com/docs/platform/grail/organize-data
R-DAT-22;data-analysis;metric-retention;Métricas: Grail frente a Classic;multiple;precision;intermediate;"Data Explorer Classic usa metric selectors, mientras que Notebooks y Dashboards usan DQL; los metric keys siguen otra convención de nombres en Grail, a menudo con correspondencia uno a uno.";https://docs.dynatrace.com/docs/analyze-explore-automate/metrics/faq
R-DAT-46;data-analysis;precision-facts;Hechos de precisión;single;scenario;intermediate;"Retención incluida general: 15 meses con granularidad de 1 minuto por defecto; puede ampliarse hasta 10 años.";https://docs.dynatrace.com/docs/analyze-explore-automate/metrics/faq | https://docs.dynatrace.com/docs/platform/grail/organize-data
R-DAT-47;data-analysis;precision-facts;Hechos de precisión;single;precision;advanced;"Detailed code-level data: 10 días; aggregated code-level data: 35 días; long-term metric history: 5 años.";https://docs.dynatrace.com/docs/observe/application-observability/services-classic/monitor-key-requests
R-DAT-48;data-analysis;precision-facts;Hechos de precisión;single;precision;basic;Support archives y analysis results de OneAgent tienen 30 días de retención general.;https://docs.dynatrace.com/docs/manage/data-privacy-and-security/data-privacy/data-retention-periods
R-DAT-49;data-analysis;precision-facts;Hechos de precisión;single;scenario;advanced;"`default_securityevents`: 1 año; `default_securityevents_builtin`: 3 años";https://docs.dynatrace.com/docs/manage/data-privacy-and-security/data-privacy/data-retention-periods
R-DAT-04;data-analysis;reporting;Reportes, KPIs y comunicación;single;troubleshooting;intermediate;Para que el enlace se abra sin credenciales hay que activar Allow anonymous access en Settings > Dashboards > General settings;https://docs.dynatrace.com/docs/shortlink/dashboard-reports
R-DAT-05;data-analysis;reporting;Reportes, KPIs y comunicación;multiple;knowledge;intermediate;Los dashboard reports de Dashboards Classic se envían weekly (cada lunes por la mañana), monthly (el primer lunes de cada mes) o con ambas frecuencias. Cada email contiene un enlace público al report, con el timeframe de la frecuencia elegida;https://docs.dynatrace.com/docs/shortlink/dashboard-reports
R-DAT-32;data-analysis;reporting;Reportes, KPIs y comunicación;single;scenario;basic;"Los Notebooks encajan en el análisis ad hoc, el troubleshooting, la investigación de incidentes complejos que combinan métricas, logs y traces, la documentación y la colaboración; los Dashboards, en la monitorización continua en tiempo real, el seguimiento de KPIs y SLOs";https://docs.dynatrace.com/docs/analyze-explore-automate/dashboards-and-notebooks/differences-dashboards-notebooks
R-DAT-33;data-analysis;reporting;Reportes, KPIs y comunicación;single;precision;intermediate;los datos de un notebook se almacenan dentro del notebook, mientras que los datos de un dashboard se consultan al abrirlo;https://docs.dynatrace.com/docs/analyze-explore-automate/dashboards-and-notebooks/differences-dashboards-notebooks
R-DAT-36;data-analysis;retention-model;Retención, datastore y granularidad;single;scenario;intermediate;creas un bucket personalizado de spans (los buckets personalizados admiten de 1 día a 10 años) y diriges a él los datos;https://docs.dynatrace.com/docs/platform/grail/organize-data | https://docs.dynatrace.com/docs/manage/data-privacy-and-security/data-privacy/data-retention-periods
R-DAT-37;data-analysis;retention-model;Retención, datastore y granularidad;multiple;scenario;intermediate;"Metrics powered by Grail, 15 meses a 1 minuto; Davis problems y events, 14 meses; default_logs, 35 días; default_spans, 10 días";https://docs.dynatrace.com/docs/manage/data-privacy-and-security/data-privacy/data-retention-periods
R-DAT-10;data-analysis;sampling-completeness;Muestreo, completitud y sesgo;single;scenario;advanced;Con samplingRatio:100 se devuelve aproximadamente 1/100 de los registros de todo el timeframe, así que un count() no es el total real.;https://docs.dynatrace.com/docs/platform/grail/dynatrace-query-language/commands/data-source-commands
R-DAT-11;data-analysis;sampling-completeness;Muestreo, completitud y sesgo;single;troubleshooting;advanced;scanLimitGBytes limita la cantidad de datos sin comprimir que lee fetch: su valor por defecto es 500 GB;https://docs.dynatrace.com/docs/platform/grail/dynatrace-query-language/commands/data-source-commands
R-DAT-21;data-analysis;sampling-completeness;Muestreo, completitud y sesgo;multiple;precision;advanced;El ratio aplicado queda en el campo oculto dt.system.sampling_ratio, que solo se ve si lo seleccionas con fields. El parámetro bucket acepta un nombre, una lista o un patrón con comodín *;https://docs.dynatrace.com/docs/platform/grail/dynatrace-query-language/commands/data-source-commands
G-097;data-analysis;sessions-problems;Sesiones, user events, Problems y Davis events;single;knowledge;basic;default_user_events y default_user_sessions, las user replays y los buckets de Synthetic conservan 35 días;https://docs.dynatrace.com/docs/platform/grail/organize-data
G-099;data-analysis;sessions-problems;Sesiones, user events, Problems y Davis events;single;knowledge;intermediate;Davis problems y Davis events se conservan 14 meses;https://docs.dynatrace.com/docs/manage/data-privacy-and-security/data-privacy/data-retention-periods
R-DAT-01;data-analysis;sessions-problems;Sesiones, user events, Problems y Davis events;multiple;knowledge;intermediate;La sesión termina tras 30 minutos de inactividad del navegador, cuando el usuario cierra el navegador, al alcanzar 6 horas de duración o cuando el código llama a dtrum.endSession() desde la RUM JavaScript API.;https://docs.dynatrace.com/docs/observe/digital-experience/rum/web-frontends/concepts/user-sessions-web
R-DAT-02;data-analysis;sessions-problems;Sesiones, user events, Problems y Davis events;single;troubleshooting;advanced;"una user session se registra cuando se captura al menos un evento que indique actividad del usuario, como una user action o una navigation; las request events por sí solas no bastan";https://docs.dynatrace.com/docs/observe/digital-experience/rum/web-frontends/concepts/user-sessions-web
R-DAT-03;data-analysis;sessions-problems;Sesiones, user events, Problems y Davis events;single;precision;basic;Una sesión con una sola user action o navigation se etiqueta como bounced.;https://docs.dynatrace.com/docs/observe/digital-experience/rum/web-frontends/concepts/user-sessions-web
A-063;data-analysis;sup-bucket-lifecycle;Permisos y ciclo de vida de un bucket;single;troubleshooting;advanced;Acortar la retención de un bucket elimina los datos que superan el nuevo periodo.;https://docs.dynatrace.com/docs/platform/grail/organize-data
A-065;data-analysis;sup-bucket-lifecycle;Permisos y ciclo de vida de un bucket;single;scenario;advanced;Cuando dos equipos necesitan retenciones y permisos distintos, el diseño correcto es separar sus flujos en buckets personalizados y conceder permisos sobre cada bucket y sobre la tabla;https://docs.dynatrace.com/docs/platform/grail/organize-data
B-036;data-analysis;sup-bucket-lifecycle;Permisos y ciclo de vida de un bucket;single;scenario;advanced;Truncate borra de forma permanente todos los registros de un bucket sin eliminar el bucket, que puede seguir recibiendo datos;https://docs.dynatrace.com/docs/platform/grail/organize-data
B-039;data-analysis;sup-bucket-lifecycle;Permisos y ciclo de vida de un bucket;single;troubleshooting;advanced;storage:bucket-definitions:read permite ver las definiciones, storage:bucket-definitions:write crear buckets y cambiar su retención, storage:bucket-definitions:truncate vaciarlos;https://docs.dynatrace.com/docs/platform/grail/organize-data | https://docs.dynatrace.com/docs/platform/grail/organize-data/assign-permissions-in-grail
B-040;data-analysis;sup-bucket-lifecycle;Permisos y ciclo de vida de un bucket;single;troubleshooting;advanced;Si un processor de OpenPipeline todavía referencia el bucket, la petición de borrado devuelve un estado 409 conflict con la lista de processors afectados y no se elimina nada.;https://docs.dynatrace.com/docs/platform/grail/organize-data
C-020;data-analysis;sup-bucket-lifecycle;Permisos y ciclo de vida de un bucket;single;troubleshooting;advanced;El borrado es una tarea asíncrona: mientras se vacían los datos el estado es deleting, y puede seguirse en el campo status de GET bucket definitions.;https://docs.dynatrace.com/docs/platform/grail/organize-data
R-DAT-13;data-analysis;sup-bucket-lifecycle;Permisos y ciclo de vida de un bucket;multiple;precision;intermediate;Para consultar registros necesitas dos permisos a la vez: acceso al bucket (storage:buckets:read) y acceso a la tabla (storage:logs:read para logs;https://docs.dynatrace.com/docs/platform/grail/organize-data/assign-permissions-in-grail
R-DAT-14;data-analysis;sup-bucket-lifecycle;Permisos y ciclo de vida de un bucket;single;troubleshooting;advanced;"el usuario ve solo los logs de default_logs cuyo dt.security_context es TeamA; los de otros buckets quedan fuera";https://docs.dynatrace.com/docs/platform/grail/organize-data/assign-permissions-in-grail
A-062;data-analysis;sup-grail-buckets;Buckets, tablas y vistas en Grail;single;scenario;intermediate;fetch logs recupera los registros de todos los buckets de logs a los que tienes acceso, sean default_logs o buckets personalizados, en una única salida;https://docs.dynatrace.com/docs/platform/grail/organize-data
A-064;data-analysis;sup-grail-buckets;Buckets, tablas y vistas en Grail;single;precision;intermediate;Las vistas son tablas virtuales definidas por consultas sobre tablas existentes: ofrecen una perspectiva filtrada o transformada, pero no copian datos, así que los registros siguen sujetos a la retención y a los permisos de sus buckets.;https://docs.dynatrace.com/docs/platform/grail/organize-data
A-066;data-analysis;sup-grail-buckets;Buckets, tablas y vistas en Grail;single;knowledge;intermediate;"el default pipeline procesa los datos no asignados y los guarda en el bucket predeterminado de su tipo; para logs, default_logs, cuya retención es la de ese bucket";https://docs.dynatrace.com/docs/platform/grail/organize-data
B-034;data-analysis;sup-grail-buckets;Buckets, tablas y vistas en Grail;single;scenario;advanced;"default_logs · 35 días · Logs
default_spans · 10 días · Spans (distributed traces)";https://docs.dynatrace.com/docs/platform/grail/organize-data
B-035;data-analysis;sup-grail-buckets;Buckets, tablas y vistas en Grail;single;precision;advanced;Para guardar logs y Business Events con la misma retención hacen falta dos buckets, uno de logs y otro de bizevents.;https://docs.dynatrace.com/docs/platform/grail/organize-data
B-037;data-analysis;sup-grail-buckets;Buckets, tablas y vistas en Grail;single;precision;advanced;"El nombre del bucket no se puede editar ni cambiar después de crearlo; el display name es un campo aparte para describir el bucket.";https://docs.dynatrace.com/docs/platform/grail/organize-data
B-038;data-analysis;sup-grail-buckets;Buckets, tablas y vistas en Grail;single;precision;advanced;"Los buckets personalizados se pueden crear para events, security events, bizevents, logs y spans; metrics no figura en esa lista";https://docs.dynatrace.com/docs/platform/grail/organize-data
C-018;data-analysis;sup-grail-buckets;Buckets, tablas y vistas en Grail;multiple;precision;advanced;"En un bucket personalizado defines el tipo de registro y la retención, que puede ir de 1 día a 10 años (más una semana adicional). Para guardar logs y Business Events con la misma retención hacen falta dos buckets, uno de logs y otro de bizevents. El nombre del bucket no se puede editar ni cambiar después de crearlo; el display name es un campo aparte para describir el bucket.";https://docs.dynatrace.com/docs/platform/grail/organize-data
C-019;data-analysis;sup-grail-buckets;Buckets, tablas y vistas en Grail;single;scenario;advanced;El límite predeterminado es de 250 buckets personalizados por entorno, sin contar los buckets integrados como default_logs;https://docs.dynatrace.com/docs/platform/grail/organize-data
FD-019;data-analysis;sup-grail-buckets;Buckets, tablas y vistas en Grail;single;practical;advanced;Para inventariar los buckets y su retención real se consulta la tabla dt.system.buckets.;https://docs.dynatrace.com/docs/platform/grail/organize-data
FD-020;data-analysis;sup-grail-buckets;Buckets, tablas y vistas en Grail;single;precision;advanced;Los buckets integrados (los que empiezan por default_ y los de sistema que empiezan por dt_) no se pueden modificar: si necesitas otra retención o separar accesos, creas buckets personalizados;https://docs.dynatrace.com/docs/platform/grail/organize-data
FD-011;data-analysis;sup-metric-limits;Límites, cardinalidad y coste de las métricas;single;precision;advanced;Una consulta de Metrics powered by Grail puede leer hasta 500 millones de data points, frente a 20 millones en Metrics Classic.;https://docs.dynatrace.com/docs/analyze-explore-automate/metrics/limits
FD-013;data-analysis;sup-metric-limits;Límites, cardinalidad y coste de las métricas;single;precision;advanced;El prefijo dt. está reservado para métricas controladas por Dynatrace y los datos ingeridos con ese prefijo se descartan.;https://docs.dynatrace.com/docs/analyze-explore-automate/metrics/limits
FD-014;data-analysis;sup-metric-limits;Límites, cardinalidad y coste de las métricas;single;precision;advanced;hasta 100.000 claves de métricas personalizadas, por lo que crear una clave por pedido o por usuario agota ese espacio y el identificador debería evaluarse como dimensión con control de cardinalidad;https://docs.dynatrace.com/docs/analyze-explore-automate/metrics/limits
FD-015;data-analysis;sup-metric-limits;Límites, cardinalidad y coste de las métricas;single;scenario;advanced;Cada combinación única de clave de métrica y valores de dimensión forma una serie;https://docs.dynatrace.com/docs/analyze-explore-automate/metrics/best-practices-metrics
FD-016;data-analysis;sup-metric-limits;Límites, cardinalidad y coste de las métricas;single;precision;advanced;El consumo de métricas se factura por los data points realmente ingeridos y almacenados, no por cada combinación posible ni por serie activa;https://docs.dynatrace.com/docs/analyze-explore-automate/metrics/best-practices-metrics
G-091;data-analysis;sup-metric-limits;Límites, cardinalidad y coste de las métricas;single;knowledge;intermediate;usar timestamps o IDs únicos como valor de dimensión dispara las series, y Dynatrace puede restringir o rechazar esas configuraciones;https://docs.dynatrace.com/docs/analyze-explore-automate/metrics/limits
R-DAT-17;data-analysis;sup-metric-limits;Límites, cardinalidad y coste de las métricas;single;scenario;advanced;La palanca más eficaz es eliminar dimensiones volátiles (user IDs, request IDs, UUIDs) en origen, por ejemplo con el transform processor del OTel Collector, o con el processor Remove fields de OpenPipeline;https://docs.dynatrace.com/docs/analyze-explore-automate/metrics/best-practices-metrics | https://docs.dynatrace.com/docs/platform/grail/organize-data
R-DAT-31;data-analysis;sup-metric-limits;Límites, cardinalidad y coste de las métricas;single;precision;advanced;Las métricas recogidas con más frecuencia que un minuto se agregan en intervalos fijos, de modo que se factura como máximo un data point por minuto y serie.;https://docs.dynatrace.com/docs/analyze-explore-automate/metrics/best-practices-metrics
E-029;data-analysis;sup-metrics-exploration;Explorar métricas frente a graficarlas;single;scenario;advanced;El rango temporal de metrics llega como máximo a los últimos 10 días;https://docs.dynatrace.com/docs/platform/grail/dynatrace-query-language/commands/metric-commands
E-030;data-analysis;sup-metrics-exploration;Explorar métricas frente a graficarlas;single;scenario;advanced;"no timestamps ni valores, así que no sirve para graficar; para eso se usa timeseries, que devuelve los valores agregados por intervalo";https://docs.dynatrace.com/docs/platform/grail/dynatrace-query-language/commands/metric-commands
FD-010;data-analysis;sup-metrics-exploration;Explorar métricas frente a graficarlas;single;troubleshooting;advanced;cada consulta está limitada a 100.000 series de métrica, de modo que en un entorno muy grande un inventario puede quedar incompleto;https://docs.dynatrace.com/docs/platform/grail/dynatrace-query-language/commands/metric-commands
G-088;data-analysis;sup-metrics-exploration;Explorar métricas frente a graficarlas;single;precision;intermediate;para eso se usa timeseries, que devuelve los valores agregados por intervalo;https://docs.dynatrace.com/docs/platform/grail/dynatrace-query-language/commands/metric-commands
R-DAT-12;data-analysis;sup-metrics-exploration;Explorar métricas frente a graficarlas;single;practical;intermediate;Para dibujar en el tiempo datos de registros como logs o events se usa makeTimeseries después de fetch;https://docs.dynatrace.com/docs/platform/grail/dynatrace-query-language/commands/aggregation-commands | https://docs.dynatrace.com/docs/platform/grail/dynatrace-query-language/commands/metric-commands
D-017;data-analysis;sup-timeseries-params;Parámetros de timeseries que cambian el resultado;single;precision;advanced;default:0 rellena con 0 los slots vacíos de una serie que existe, pero no crea series;https://docs.dynatrace.com/docs/platform/grail/dynatrace-query-language/commands/metric-commands
D-018;data-analysis;sup-timeseries-params;Parámetros de timeseries que cambian el resultado;single;scenario;advanced;nonempty:true devuelve resultado aunque no existan datos, y combinado con default:0 permite representar 0 en lugar de una salida vacía;https://docs.dynatrace.com/docs/platform/grail/dynatrace-query-language/commands/metric-commands
D-019;data-analysis;sup-timeseries-params;Parámetros de timeseries que cambian el resultado;single;practical;advanced;rate normaliza con la fórmula (valor / intervalo) × rate: 300 solicitudes en un slot de 5 minutos con rate:1s dan 1 solicitud por segundo;https://docs.dynatrace.com/docs/platform/grail/dynatrace-query-language/commands/metric-commands
D-020;data-analysis;sup-timeseries-params;Parámetros de timeseries que cambian el resultado;single;scenario;advanced;timeseries p99 = percentile(dt.service.request.response_time, 99), by:{dt.entity.service};https://docs.dynatrace.com/docs/platform/grail/dynatrace-query-language/commands/metric-commands
E-025;data-analysis;sup-timeseries-params;Parámetros de timeseries que cambian el resultado;single;scenario;advanced;union:true aplica un OUTER JOIN y conserva las series presentes en cualquiera de ellas;https://docs.dynatrace.com/docs/platform/grail/dynatrace-query-language/commands/metric-commands
E-026;data-analysis;sup-timeseries-params;Parámetros de timeseries que cambian el resultado;single;scenario;advanced;scalar:true calcula un único valor que abarca todo el timeframe.;https://docs.dynatrace.com/docs/platform/grail/dynatrace-query-language/commands/metric-commands
E-027;data-analysis;sup-timeseries-params;Parámetros de timeseries que cambian el resultado;single;precision;advanced;percentRank(metric, umbral) devuelve la fracción (de 0,0 a 1,0) de valores que quedan por debajo del umbral;https://docs.dynatrace.com/docs/platform/grail/dynatrace-query-language/commands/metric-commands
E-028;data-analysis;sup-timeseries-params;Parámetros de timeseries que cambian el resultado;single;precision;advanced;count(metric) calcula el número de series distintas de la métrica en cada slot (cardinalidad), no la suma de valores ni el número de muestras;https://docs.dynatrace.com/docs/platform/grail/dynatrace-query-language/commands/metric-commands
FD-001;data-analysis;sup-timeseries-params;Parámetros de timeseries que cambian el resultado;single;precision;advanced;todas las series de la respuesta comparten los timestamps de inicio y fin, el intervalo y el número de elementos;https://docs.dynatrace.com/docs/platform/grail/dynatrace-query-language/commands/metric-commands
FD-002;data-analysis;sup-timeseries-params;Parámetros de timeseries que cambian el resultado;single;scenario;advanced;Si no indicas interval ni bins, el intervalo se calcula automáticamente dividiendo el timeframe en slots adecuados para graficar.;https://docs.dynatrace.com/docs/platform/grail/dynatrace-query-language/commands/metric-commands
FD-003;data-analysis;sup-timeseries-params;Parámetros de timeseries que cambian el resultado;single;precision;advanced;interval (duración de cada slot) y bins (número de slots) son parámetros mutuamente excluyentes;https://docs.dynatrace.com/docs/platform/grail/dynatrace-query-language/commands/metric-commands
FD-004;data-analysis;sup-timeseries-params;Parámetros de timeseries que cambian el resultado;single;scenario;advanced;dentro de una agregación limita solo esa serie, lo que permite calcular en la misma consulta un numerador filtrado (por ejemplo, solo errores 5xx) y un denominador sin filtrar;https://docs.dynatrace.com/docs/platform/grail/dynatrace-query-language/commands/metric-commands
FD-005;data-analysis;sup-timeseries-params;Parámetros de timeseries que cambian el resultado;single;precision;advanced;"Ambas se aplican a métricas histogram; para métricas gauge o count exigen el parámetro rollup.";https://docs.dynatrace.com/docs/platform/grail/dynatrace-query-language/commands/metric-commands
G-092;data-analysis;sup-timeseries-params;Parámetros de timeseries que cambian el resultado;single;precision;intermediate;"Con by:{...} obtienes una serie por cada valor de la dimensión, cada una con su array temporal; los slots sin datos aparecen como null y no excluyen esa serie.";https://docs.dynatrace.com/docs/platform/grail/dynatrace-query-language/commands/metric-commands
R-DAT-18;data-analysis;sup-timeseries-params;Parámetros de timeseries que cambian el resultado;single;practical;intermediate;"shift desplaza el timeframe de una serie para compararla con otro periodo y la mapea a los timestamps originales; shift:-7d dibuja la misma ventana de la semana anterior";https://docs.dynatrace.com/docs/platform/grail/dynatrace-query-language/commands/metric-commands
R-DAT-23;data-analysis;sup-user-behavior;Comportamiento de usuario y sesiones en RUM Classic;single;troubleshooting;intermediate;Solo se consultan user sessions cerradas, así que las live sessions no aparecen.;https://docs.dynatrace.com/docs/observe/digital-experience/session-segmentation/custom-queries-segmentation-and-aggregation-of-session-data
R-DAT-24;data-analysis;sup-user-behavior;Comportamiento de usuario y sesiones en RUM Classic;multiple;precision;intermediate;consulta tablas como usersession y useraction (además de userevent y usererror) con la estructura SELECT … FROM … WHERE … GROUP BY … ORDER BY. Solo se consultan user sessions cerradas, así que las live sessions no aparecen. Por defecto devuelve 50 resultados y con LIMIT llega a 5.000;https://docs.dynatrace.com/docs/observe/digital-experience/session-segmentation/custom-queries-segmentation-and-aggregation-of-session-data
R-DAT-25;data-analysis;sup-user-behavior;Comportamiento de usuario y sesiones en RUM Classic;single;knowledge;intermediate;Un usuario se considera returning gracias a una cookie persistente en el navegador, válida durante 2 años.;https://docs.dynatrace.com/docs/observe/digital-experience/rum-classic/web-applications/analyze-and-use/user-behavior-analysis
R-DAT-26;data-analysis;sup-user-behavior;Comportamiento de usuario y sesiones en RUM Classic;single;scenario;intermediate;"la exit action, la última page load o XHR action; revisar las exit actions ayuda a ver si problemas de rendimiento hacen que los usuarios abandonen";https://docs.dynatrace.com/docs/observe/digital-experience/rum-classic/web-applications/analyze-and-use/user-behavior-analysis
R-DAT-27;data-analysis;sup-user-behavior;Comportamiento de usuario y sesiones en RUM Classic;single;precision;basic;Una sesión convertida es la que cumple al menos uno de los conversion goals definidos.;https://docs.dynatrace.com/docs/observe/digital-experience/rum-classic/web-applications/analyze-and-use/user-behavior-analysis
R-DAT-28;data-analysis;sup-user-behavior;Comportamiento de usuario y sesiones en RUM Classic;single;scenario;advanced;por total time consumed (duración × número de acciones), de modo que una acción algo lenta y muy frecuente puede superar a otra muy lenta y rara;https://docs.dynatrace.com/docs/observe/digital-experience/rum-classic/web-applications/analyze-and-use/performance-analysis
R-DAT-29;data-analysis;sup-user-behavior;Comportamiento de usuario y sesiones en RUM Classic;single;precision;intermediate;la métrica principal de una load action es Visually complete y la de una XHR action, Response end;https://docs.dynatrace.com/docs/observe/digital-experience/rum-classic/web-applications/analyze-and-use/performance-analysis
R-DAT-34;data-analysis;timeframes;Timeframe, dimensiones y granularidad;single;scenario;intermediate;"una dimensión demasiado detallada puede fragmentar la señal y dificultar la lectura; una dimensión demasiado amplia puede ocultar una población afectada";https://docs.dynatrace.com/docs/analyze-explore-automate/metrics/best-practices-metrics
R-DAT-35;data-analysis;timeframes;Timeframe, dimensiones y granularidad;single;troubleshooting;intermediate;si en timeseries no indicas interval ni bins, el comando divide el timeframe en intervalos iguales;https://docs.dynatrace.com/docs/platform/grail/dynatrace-query-language/commands/metric-commands | https://docs.dynatrace.com/docs/analyze-explore-automate/metrics/faq
R-DQL-40;dql;aggregation;summarize frente a timeseries;single;scenario;intermediate;timeseries responde “¿cómo evoluciona esta medida a lo largo del tiempo?”, con intervalos y dimensiones opcionales;https://docs.dynatrace.com/docs/platform/grail/dynatrace-query-language/commands/metric-commands | https://docs.dynatrace.com/docs/platform/grail/dynatrace-query-language/commands/aggregation-commands
R-DQL-41;dql;aggregation;summarize frente a timeseries;single;practical;intermediate;summarize devuelve una fila por cada combinación distinta de sus valores;https://docs.dynatrace.com/docs/platform/grail/dynatrace-query-language/commands/aggregation-commands | https://docs.dynatrace.com/docs/platform/grail/dynatrace-query-language/functions/time-functions
R-DQL-38;dql;commands;Comandos fundamentales;single;precision;basic;summarize · Agregaciones agrupadas · Quieres una tabla de resumen;https://docs.dynatrace.com/docs/platform/grail/dynatrace-query-language/commands/aggregation-commands | https://docs.dynatrace.com/docs/platform/grail/dynatrace-query-language/commands/metric-commands | https://docs.dynatrace.com/docs/platform/grail/dynatrace-query-language/commands/selection-and-modification-commands
R-DQL-39;dql;commands;Comandos fundamentales;multiple;knowledge;basic;filter · Subset de registros · Quieres restringir condiciones;https://docs.dynatrace.com/docs/platform/grail/dynatrace-query-language/commands/filtering-commands | https://docs.dynatrace.com/docs/platform/grail/dynatrace-query-language/commands/selection-and-modification-commands | https://docs.dynatrace.com/docs/platform/grail/dynatrace-query-language/commands/ordering-commands
A-018;dql;deep-dql-aggregation;`summarize` frente a `timeseries`;single;scenario;intermediate;timeseries está diseñado para métricas y devuelve una estructura de series con timeframe e interval;https://docs.dynatrace.com/docs/platform/grail/dynatrace-query-language/commands/metric-commands | https://docs.dynatrace.com/docs/platform/grail/dynatrace-query-language/commands/aggregation-commands
R-DQL-53;dql;deep-dql-command-contract;Contrato de los comandos esenciales y arrays en DQL;single;troubleshooting;basic;Otro es filtrar un campo después de eliminarlo con fields;https://docs.dynatrace.com/docs/platform/grail/dynatrace-query-language/commands/selection-and-modification-commands | https://docs.dynatrace.com/docs/platform/grail/dynatrace-query-language/commands/filtering-commands
R-DQL-54;dql;deep-dql-command-contract;Contrato de los comandos esenciales y arrays en DQL;single;precision;intermediate;arrayIndexOf(array, value) comprueban si un elemento está presente (la segunda devuelve -1 si no lo encuentra);https://docs.dynatrace.com/docs/platform/grail/dynatrace-query-language/functions/array-functions | https://docs.dynatrace.com/docs/platform/grail/dynatrace-query-language/functions/general-functions
R-DQL-55;dql;deep-dql-command-contract;Contrato de los comandos esenciales y arrays en DQL;multiple;practical;intermediate;Multiplica las filas del dataset: una fila por cada elemento del array;https://docs.dynatrace.com/docs/platform/grail/dynatrace-query-language/commands/structuring-commands | https://docs.dynatrace.com/docs/platform/grail/dynatrace-query-language/functions/array-functions
R-DQL-21;dql;deep-dql-dpl;DQL y DPL no son el mismo lenguaje;single;knowledge;basic;"el comando parse, el campo content y el resto de la consulta son DQL; solo el string del patrón es DPL";https://docs.dynatrace.com/docs/platform/grail/dynatrace-query-language/commands/extraction-and-parsing-commands | https://docs.dynatrace.com/docs/platform/grail/dynatrace-pattern-language
R-DQL-58;dql;deep-dql-performance;Buenas prácticas, coste y límites;single;scenario;intermediate;pero no convierten una consulta en gratis ni sustituyen la política de acceso;https://docs.dynatrace.com/docs/platform/grail/dynatrace-query-language/commands/data-source-commands | https://docs.dynatrace.com/docs/platform/grail/dynatrace-query-language/dql-best-practices | https://docs.dynatrace.com/docs/platform/grail/organize-data/assign-permissions-in-grail
R-DQL-59;dql;deep-dql-performance;Buenas prácticas, coste y límites;single;practical;intermediate;Si ya conoces los valores, no hagas join con una subconsulta data que los devuelva;https://docs.dynatrace.com/docs/platform/grail/dynatrace-query-language/dql-best-practices | https://docs.dynatrace.com/docs/platform/grail/dynatrace-query-language/functions/general-functions
G-101;dql;deep-dql-pipeline;Modelo mental de DQL y filtros temporales explícitos;single;precision;advanced;se debe fijar el timeframe de forma explícita en el primer comando mediante from: (y, opcionalmente, to:), por ejemplo from:now()-2h, to:now();https://docs.dynatrace.com/docs/platform/grail/dynatrace-query-language/commands/data-source-commands
G-102;dql;deep-dql-pipeline;Modelo mental de DQL y filtros temporales explícitos;single;knowledge;intermediate;se filtran atributos semánticos estándar como k8s.container.name y k8s.pod.name;https://docs.dynatrace.com/docs/semantic-dictionary/fields
R-DQL-56;dql;deep-dql-types-records;Tipos, arrays y records;multiple;knowledge;basic;Los tipos complejos incluyen array y record.;https://docs.dynatrace.com/docs/platform/grail/dynatrace-query-language/data-types
R-DQL-57;dql;deep-dql-types-records;Tipos, arrays y records;multiple;practical;intermediate;Los índices de un array empiezan en 0: array[0] es el primer elemento, array[2] el tercero;https://docs.dynatrace.com/docs/platform/grail/dynatrace-query-language/data-types
R-DQL-44;dql;dql-troubleshooting;Diagnóstico de consultas;single;troubleshooting;basic;Comprueba primero que el dataset y timeframe contienen registros.;https://docs.dynatrace.com/docs/platform/grail/dynatrace-query-language/commands/data-source-commands | https://docs.dynatrace.com/docs/platform/grail/dynatrace-query-language/dql-best-practices
R-DQL-45;dql;dql-troubleshooting;Diagnóstico de consultas;single;scenario;intermediate;si existe pero no es visible, el problema puede ser ingestión, procesamiento o autorización;https://docs.dynatrace.com/docs/platform/grail/dynatrace-query-language/commands/data-source-commands | https://docs.dynatrace.com/docs/platform/grail/organize-data/assign-permissions-in-grail
R-DQL-50;dql;functions-null;Funciones, null y agregaciones;single;scenario;basic;count() de registros no equivale a contar usuarios, sesiones o requests únicos;https://docs.dynatrace.com/docs/platform/grail/dynatrace-query-language/functions/aggregation-functions
R-DQL-46;dql;metric-commands;Métricas: comando metrics frente a timeseries;single;troubleshooting;intermediate;no devuelve timestamps ni valores de series temporales (timeseries values), así que no sirve para charting ni para cálculos;https://docs.dynatrace.com/docs/platform/grail/dynatrace-query-language/commands/metric-commands
R-DQL-47;dql;metric-commands;Métricas: comando metrics frente a timeseries;multiple;precision;basic;La categoría Metric commands de la referencia DQL incluye dos comandos: timeseries y metrics.;https://docs.dynatrace.com/docs/platform/grail/dynatrace-query-language/commands/metric-commands | https://docs.dynatrace.com/docs/platform/grail/dynatrace-query-language/commands/aggregation-commands
R-DQL-48;dql;parse-fields;Parsing, fields y datos estructurados;single;troubleshooting;intermediate;El orden importa: filtrar por un campo antes de crearlo no puede funcionar.;https://docs.dynatrace.com/docs/platform/grail/dynatrace-query-language/commands/extraction-and-parsing-commands | https://docs.dynatrace.com/docs/platform/grail/dynatrace-pattern-language
R-DQL-49;dql;parse-fields;Parsing, fields y datos estructurados;single;practical;intermediate;por cada registro de entrada produce tantos registros como elementos tiene el array;https://docs.dynatrace.com/docs/platform/grail/dynatrace-query-language/commands/structuring-commands | https://docs.dynatrace.com/docs/platform/grail/dynatrace-query-language/functions/aggregation-functions
R-DQL-51;dql;permissions-performance;Permisos, rendimiento y coste;single;scenario;intermediate;de record (por ejemplo con condiciones sobre dt.security_context) y de field;https://docs.dynatrace.com/docs/platform/grail/organize-data/assign-permissions-in-grail
R-DQL-52;dql;permissions-performance;Permisos, rendimiento y coste;single;precision;intermediate;Un usuario puede ejecutar la consulta pero no ver todos los campos o record types.;https://docs.dynatrace.com/docs/platform/grail/organize-data/assign-permissions-in-grail
R-DQL-36;dql;pipeline;Modelo de pipeline;single;practical;basic;"fetch selecciona el dataset y el periodo; filter reduce registros; fields limita o calcula campos; sort ordena; limit controla la salida";https://docs.dynatrace.com/docs/platform/grail/dynatrace-query-language/dql-reference | https://docs.dynatrace.com/docs/platform/grail/dynatrace-query-language/commands/ordering-commands
R-DQL-37;dql;pipeline;Modelo de pipeline;multiple;knowledge;intermediate;El orden puede cambiar coste, legibilidad y resultado.;https://docs.dynatrace.com/docs/platform/grail/dynatrace-query-language/dql-guide | https://docs.dynatrace.com/docs/platform/grail/dynatrace-query-language/dql-best-practices
R-DQL-60;dql;precision-facts;Hechos de precisión;single;knowledge;basic;No equivale a ingestar esos datos en Grail.;https://docs.dynatrace.com/docs/platform/grail/dynatrace-query-language/commands/data-source-commands
R-DQL-61;dql;precision-facts;Hechos de precisión;single;troubleshooting;intermediate;Tras summarize solo quedan los campos de agrupación de by: y los campos de agregación;https://docs.dynatrace.com/docs/platform/grail/dynatrace-query-language/commands/aggregation-commands | https://docs.dynatrace.com/docs/platform/grail/dynatrace-query-language/commands/filtering-commands
R-DQL-62;dql;precision-facts;Hechos de precisión;multiple;precision;intermediate;storage:buckets:read (nivel bucket) y storage:metrics:read (nivel tabla);https://docs.dynatrace.com/docs/platform/grail/dynatrace-query-language/commands/metric-commands | https://docs.dynatrace.com/docs/platform/grail/organize-data/assign-permissions-in-grail
R-DQL-63;dql;precision-facts;Hechos de precisión;single;scenario;basic;si no se especifica timeframe, se usa el de la UI;https://docs.dynatrace.com/docs/platform/grail/dynatrace-query-language/dql-guide | https://docs.dynatrace.com/docs/platform/grail/dynatrace-query-language/commands/data-source-commands
A-019;dql;sup-dql-aggregation-functions;Funciones de agregación y agrupación temporal;single;precision;intermediate;Si el campo de agrupación no existe en todos los registros, summarize añade un grupo null al resultado;https://docs.dynatrace.com/docs/platform/grail/dynatrace-query-language/commands/aggregation-commands
G-118;dql;sup-dql-aggregation-functions;Funciones de agregación y agrupación temporal;single;precision;advanced;countDistinctExact calcula la cardinalidad exacta, hasta 1 millón de valores distintos;https://docs.dynatrace.com/docs/platform/grail/dynatrace-query-language/functions/aggregation-functions
R-DQL-02;dql;sup-dql-aggregation-functions;Funciones de agregación y agrupación temporal;multiple;practical;intermediate;timeseries, un comando de inicio que carga y agrega datos de métricas, no registros de logs: para contar logs por intervalo se usa fetch logs seguido de makeTimeseries;https://docs.dynatrace.com/docs/platform/grail/dynatrace-query-language/commands/aggregation-commands
R-DQL-09;dql;sup-dql-aggregation-functions;Funciones de agregación y agrupación temporal;single;practical;intermediate;countIf(condición) cuenta los registros que cumplen la condición dentro de cada grupo, sin filtrar el resto;https://docs.dynatrace.com/docs/platform/grail/dynatrace-query-language/functions/aggregation-functions | https://docs.dynatrace.com/docs/platform/grail/dynatrace-query-language/commands/aggregation-commands
R-DQL-16;dql;sup-dql-aggregation-functions;Funciones de agregación y agrupación temporal;single;practical;intermediate;entityName(expresión) devuelve el nombre, por ejemplo fieldsAdd entityName(dt.entity.host);https://docs.dynatrace.com/docs/platform/grail/dynatrace-query-language/functions/general-functions
R-DQL-20;dql;sup-dql-aggregation-functions;Funciones de agregación y agrupación temporal;single;scenario;intermediate;percentile(expresión, percentil) devuelve el valor bajo el que queda ese porcentaje y revela colas que la media oculta;https://docs.dynatrace.com/docs/platform/grail/dynatrace-query-language/functions/aggregation-functions
R-DQL-24;dql;sup-dql-aggregation-functions;Funciones de agregación y agrupación temporal;single;practical;intermediate;getHour(timestamp) extrae la hora: en 7 días produce 24 grupos;https://docs.dynatrace.com/docs/platform/grail/dynatrace-query-language/functions/time-functions
R-DQL-31;dql;sup-dql-aggregation-functions;Funciones de agregación y agrupación temporal;single;precision;advanced;en ese caso count() vale 0 y agregaciones como sum() valen null;https://docs.dynatrace.com/docs/platform/grail/dynatrace-query-language/commands/aggregation-commands
A-017;dql;sup-dql-best-practices;Buenas prácticas oficiales de DQL;single;practical;advanced;Para quedarte con los N grupos mayores, filtra, agrega con summarize, ordena el resultado y aplica limit al final;https://docs.dynatrace.com/docs/platform/grail/dynatrace-query-language/dql-best-practices | https://docs.dynatrace.com/docs/platform/grail/dynatrace-query-language/commands/ordering-commands
A-022;dql;sup-dql-best-practices;Buenas prácticas oficiales de DQL;single;scenario;intermediate;seleccionar pronto los campos con fields, fieldsKeep o fieldsRemove;https://docs.dynatrace.com/docs/platform/grail/dynatrace-query-language/dql-best-practices | https://docs.dynatrace.com/docs/platform/grail/dynatrace-query-language/commands/selection-and-modification-commands
A-025;dql;sup-dql-best-practices;Buenas prácticas oficiales de DQL;single;practical;advanced;un limit antes de summarize hace que la agregación cuente solo los registros que limit deja pasar;https://docs.dynatrace.com/docs/platform/grail/dynatrace-query-language/commands/ordering-commands | https://docs.dynatrace.com/docs/platform/grail/dynatrace-query-language/dql-best-practices
R-DQL-07;dql;sup-dql-best-practices;Buenas prácticas oficiales de DQL;multiple;scenario;advanced;"acota el timeframe con el selector o directamente en fetch (fetch bizevents, from:-10m), limita los buckets (fetch logs, bucket:{""default_logs"", ""logs_365_*""})";https://docs.dynatrace.com/docs/platform/grail/dynatrace-query-language/dql-best-practices | https://docs.dynatrace.com/docs/platform/grail/dynatrace-query-language/commands/data-source-commands
R-DQL-26;dql;sup-dql-best-practices;Buenas prácticas oficiales de DQL;multiple;scenario;advanced;"en lugar de filter matchesValue(lower(k8s.namespace.name), ""astro*""), usa filter k8s.namespace.name ~ ""astro*""";https://docs.dynatrace.com/docs/platform/grail/dynatrace-query-language/dql-best-practices
D-021;dql;sup-dql-fields;Selección y modificación de campos, dedup y sort;single;precision;intermediate;fieldsRename usa la sintaxis fieldName = originalName: primero el nombre nuevo y después el original, y el campo original deja de existir;https://docs.dynatrace.com/docs/platform/grail/dynatrace-query-language/commands/selection-and-modification-commands
D-024;dql;sup-dql-fields;Selección y modificación de campos, dedup y sort;single;scenario;advanced;fieldsMove reúne los campos de nivel raíz que coinciden con include: (menos los de exclude:) en un campo nuevo de tipo record anidado;https://docs.dynatrace.com/docs/platform/grail/dynatrace-query-language/commands/selection-and-modification-commands
E-035;dql;sup-dql-fields;Selección y modificación de campos, dedup y sort;single;scenario;advanced;dedup elimina duplicados según la combinación de campos indicada y conserva un registro completo por combinación;https://docs.dynatrace.com/docs/platform/grail/dynatrace-query-language/commands/filtering-commands | https://docs.dynatrace.com/docs/platform/grail/dynatrace-query-language/commands/aggregation-commands
FQ-011;dql;sup-dql-fields;Selección y modificación de campos, dedup y sort;single;scenario;advanced;Sin el parámetro sort:, el registro que se conserva de cada grupo es aleatorio;https://docs.dynatrace.com/docs/platform/grail/dynatrace-query-language/commands/filtering-commands
FQ-012;dql;sup-dql-fields;Selección y modificación de campos, dedup y sort;single;scenario;intermediate;fieldsSummary calcula la cardinalidad de los valores de los campos indicados;https://docs.dynatrace.com/docs/platform/grail/dynatrace-query-language/commands/aggregation-commands | https://docs.dynatrace.com/docs/platform/grail/dynatrace-query-language/commands/selection-and-modification-commands
FQ-013;dql;sup-dql-fields;Selección y modificación de campos, dedup y sort;single;scenario;intermediate;fieldsFlatten hace lo contrario: extrae los campos de un record anidado a campos de nivel raíz;https://docs.dynatrace.com/docs/platform/grail/dynatrace-query-language/commands/structuring-commands | https://docs.dynatrace.com/docs/platform/grail/dynatrace-query-language/commands/selection-and-modification-commands
G-106;dql;sup-dql-fields;Selección y modificación de campos, dedup y sort;single;knowledge;intermediate;fieldsAdd evalúa una expresión y añade o reemplaza un campo, conservando todos los demás (| fieldsAdd uid = upper(k8s.pod.uid)). fieldsKeep conserva los campos seleccionados;https://docs.dynatrace.com/docs/platform/grail/dynatrace-query-language/commands/selection-and-modification-commands
R-DQL-13;dql;sup-dql-fields;Selección y modificación de campos, dedup y sort;single;practical;basic;"fieldsKeep conserva los campos seleccionados y, a diferencia de fields, no crea campos nuevos; admite patrones con comodín";https://docs.dynatrace.com/docs/platform/grail/dynatrace-query-language/commands/selection-and-modification-commands
R-DQL-14;dql;sup-dql-fields;Selección y modificación de campos, dedup y sort;single;precision;advanced;Por eso sort server asc sobre apache, Nginx y envoy devuelve Nginx, apache, envoy;https://docs.dynatrace.com/docs/platform/grail/dynatrace-query-language/commands/ordering-commands
A-020;dql;sup-dql-filtering;Filtros, búsqueda y lógica con null;single;precision;intermediate;"recomienda == o != cuando conoces el valor exacto (filter k8s.container.name == ""coredns"")";https://docs.dynatrace.com/docs/platform/grail/dynatrace-query-language/dql-best-practices
E-034;dql;sup-dql-filtering;Filtros, búsqueda y lógica con null;single;precision;advanced;filterOut x conserva un registro con x = null, mientras que filter not x lo elimina;https://docs.dynatrace.com/docs/platform/grail/dynatrace-query-language/commands/filtering-commands
FQ-009;dql;sup-dql-filtering;Filtros, búsqueda y lógica con null;single;scenario;advanced;"search content ~ ""error"" limita la búsqueda al campo content";https://docs.dynatrace.com/docs/platform/grail/dynatrace-query-language/commands/filtering-commands
G-104;dql;sup-dql-filtering;Filtros, búsqueda y lógica con null;single;precision;advanced;"filter in(""production"", tags) conserva los registros cuyo array tags contiene ""production""";https://docs.dynatrace.com/docs/platform/grail/dynatrace-query-language/functions/general-functions | https://docs.dynatrace.com/docs/platform/grail/dynatrace-query-language/functions/array-functions
G-112;dql;sup-dql-filtering;Filtros, búsqueda y lógica con null;single;precision;advanced;search conserva los registros que coinciden con una condición de búsqueda, con coincidencia de strings insensible a mayúsculas y basada en tokens;https://docs.dynatrace.com/docs/platform/grail/dynatrace-query-language/commands/filtering-commands
R-DQL-01;dql;sup-dql-filtering;Filtros, búsqueda y lógica con null;multiple;troubleshooting;advanced;"filterOut x == ""a"" · La condición no es true · Conservado filter isTrueOrNull(x != ""a"") · isTrueOrNull devuelve true · Conservado";https://docs.dynatrace.com/docs/platform/grail/dynatrace-query-language/operators | https://docs.dynatrace.com/docs/platform/grail/dynatrace-query-language/commands/filtering-commands
R-DQL-04;dql;sup-dql-filtering;Filtros, búsqueda y lógica con null;single;precision;advanced;"""HelloWorld"" ~ ""world"" es false porque no hay separador entre tokens. Con comodines basta con que un token coincida con el patrón, así que ""*timeout*"" encuentra ""connectionTimeout""";https://docs.dynatrace.com/docs/platform/grail/dynatrace-query-language/operators
R-DQL-08;dql;sup-dql-filtering;Filtros, búsqueda y lógica con null;single;practical;intermediate;"coalesce(a, b, …) devuelve el primer argumento no null, útil para sustituir un null por un valor como ""unknown""";https://docs.dynatrace.com/docs/platform/grail/dynatrace-query-language/functions/conditional-functions
R-DQL-10;dql;sup-dql-filtering;Filtros, búsqueda y lógica con null;multiple;precision;basic;"filter in(loglevel, ""ERROR"", ""FATAL"") equivale a filter loglevel == ""ERROR"" or loglevel == ""FATAL""";https://docs.dynatrace.com/docs/platform/grail/dynatrace-query-language/functions/general-functions | https://docs.dynatrace.com/docs/platform/grail/dynatrace-query-language/operators
R-DQL-32;dql;sup-dql-filtering;Filtros, búsqueda y lógica con null;single;precision;advanced;devuelve else cuando la condición es false o null;https://docs.dynatrace.com/docs/platform/grail/dynatrace-query-language/functions/conditional-functions | https://docs.dynatrace.com/docs/platform/grail/dynatrace-query-language/operators
R-DQL-33;dql;sup-dql-filtering;Filtros, búsqueda y lógica con null;single;practical;intermediate;isNull(expresión) devuelve true para valores null y campos ausentes;https://docs.dynatrace.com/docs/platform/grail/dynatrace-query-language/functions/boolean-functions | https://docs.dynatrace.com/docs/platform/grail/dynatrace-query-language/operators
R-DQL-35;dql;sup-dql-filtering;Filtros, búsqueda y lógica con null;single;troubleshooting;intermediate;contains(expresión, substring, caseSensitive) distingue mayúsculas por defecto (caseSensitive es true por defecto);https://docs.dynatrace.com/docs/platform/grail/dynatrace-query-language/functions/string-functions
B-046;dql;sup-dql-join;join, lookup, joinNested y append;single;scenario;intermediate;lookup enriquece cada registro de origen con los campos de un registro coincidente de una subconsulta y conserva todas las filas de origen;https://docs.dynatrace.com/docs/platform/grail/dynatrace-query-language/commands/correlation-and-join-commands
C-024;dql;sup-dql-join;join, lookup, joinNested y append;single;scenario;advanced;añade los resultados coincidentes de la subconsulta como un array de records anidados en un campo nuevo;https://docs.dynatrace.com/docs/platform/grail/dynatrace-query-language/commands/correlation-and-join-commands
D-023;dql;sup-dql-join;join, lookup, joinNested y append;single;precision;intermediate;append combina los registros de dos fuentes de forma similar a UNION ALL de SQL: añade los registros de la subconsulta a los del stream sin emparejarlos por clave;https://docs.dynatrace.com/docs/platform/grail/dynatrace-query-language/commands
FQ-001;dql;sup-dql-join;join, lookup, joinNested y append;single;scenario;advanced;kind admite inner (valor por defecto), leftOuter y outer. inner devuelve solo los registros que coinciden en ambos lados;https://docs.dynatrace.com/docs/platform/grail/dynatrace-query-language/commands/correlation-and-join-commands
FQ-003;dql;sup-dql-join;join, lookup, joinNested y append;single;scenario;advanced;outer devuelve los registros coincidentes y los no coincidentes de cualquiera de los dos lados;https://docs.dynatrace.com/docs/platform/grail/dynatrace-query-language/commands/correlation-and-join-commands
FQ-004;dql;sup-dql-join;join, lookup, joinNested y append;single;precision;advanced;Cuando las claves de ambos lados son null, los registros no se emparejan, sea cual sea el kind;https://docs.dynatrace.com/docs/platform/grail/dynatrace-query-language/commands/correlation-and-join-commands
FQ-005;dql;sup-dql-join;join, lookup, joinNested y append;single;scenario;advanced;Si hay varias coincidencias, solo se recupera el primer registro coincidente;https://docs.dynatrace.com/docs/platform/grail/dynatrace-query-language/commands/correlation-and-join-commands
FQ-006;dql;sup-dql-join;join, lookup, joinNested y append;single;precision;advanced;Los prefijos por defecto son, por tanto, right. en join y lookup. en lookup;https://docs.dynatrace.com/docs/platform/grail/dynatrace-query-language/commands/correlation-and-join-commands
FQ-007;dql;sup-dql-join;join, lookup, joinNested y append;single;scenario;advanced;Varias condiciones separadas por comas se combinan con AND;https://docs.dynatrace.com/docs/platform/grail/dynatrace-query-language/commands/correlation-and-join-commands
R-DQL-17;dql;sup-dql-join;join, lookup, joinNested y append;single;precision;advanced;si los nombres son distintos se indica el lado de cada campo: on:{left[dt.entity.host] == right[id]};https://docs.dynatrace.com/docs/platform/grail/dynatrace-query-language/commands/correlation-and-join-commands
R-DQL-30;dql;sup-dql-join;join, lookup, joinNested y append;single;precision;advanced;Necesita sourceField (campo de la tabla de origen) y lookupField (campo de la subconsulta);https://docs.dynatrace.com/docs/platform/grail/dynatrace-query-language/commands/correlation-and-join-commands
E-031;dql;sup-dql-smartscape;Consultas Smartscape: smartscapeNodes, smartscapeEdges y traverse;single;practical;advanced;smartscapeNodes PROCESS | traverse runs_on, HOST va de los procesos a los hosts en los que se ejecutan;https://docs.dynatrace.com/docs/platform/grail/dynatrace-query-language/commands/smartscape-commands
E-032;dql;sup-dql-smartscape;Consultas Smartscape: smartscapeNodes, smartscapeEdges y traverse;single;scenario;intermediate;smartscapeEdges carga aristas, es decir, relaciones entre nodos, filtradas por su tipo, por ejemplo smartscapeEdges runs_on;https://docs.dynatrace.com/docs/platform/grail/dynatrace-query-language/commands/smartscape-commands
E-033;dql;sup-dql-smartscape;Consultas Smartscape: smartscapeNodes, smartscapeEdges y traverse;single;precision;advanced;Para conservar en ese historial campos del nodo de origen se usa el parámetro fieldsKeep:;https://docs.dynatrace.com/docs/platform/grail/dynatrace-query-language/commands/smartscape-commands
R-DQL-23;dql;sup-dql-smartscape;Consultas Smartscape: smartscapeNodes, smartscapeEdges y traverse;single;practical;advanced;smartscapeNodes HOST | traverse runs_on, PROCESS, direction: backward recorre runs_on en sentido contrario y devuelve los procesos;https://docs.dynatrace.com/docs/platform/grail/dynatrace-query-language/commands/smartscape-commands
R-DQL-25;dql;sup-dql-smartscape;Consultas Smartscape: smartscapeNodes, smartscapeEdges y traverse;multiple;precision;advanced;el tipo se escribe sin comillas cuando es concreto (smartscapeNodes HOST), entre comillas dobles cuando es un patrón con comodines;https://docs.dynatrace.com/docs/platform/grail/dynatrace-query-language/commands/smartscape-commands
A-023;dql;sup-dql-sources;Comandos de inicio, data objects y permisos;multiple;precision;intermediate;Comandos como filter, fields o summarize procesan los registros que reciben por el pipe: no cargan datos y no pueden ser el primer comando;https://docs.dynatrace.com/docs/platform/grail/dynatrace-query-language/commands
B-041;dql;sup-dql-sources;Comandos de inicio, data objects y permisos;single;scenario;advanced;samplingRatio admite 1 (valor por defecto, sin muestreo), 10, 100, 1000 o 10000 y devuelve 1/samplingRatio de los registros, así que el resultado es aproximado;https://docs.dynatrace.com/docs/platform/grail/dynatrace-query-language/commands/data-source-commands | https://docs.dynatrace.com/docs/platform/grail/dynatrace-query-language/dql-best-practices
FQ-014;dql;sup-dql-sources;Comandos de inicio, data objects y permisos;single;precision;intermediate;describe devuelve la definición de esquema de un data object, con sus campos y tipos, sin cargar sus registros;https://docs.dynatrace.com/docs/platform/grail/dynatrace-query-language/commands/data-source-commands
G-116;dql;sup-dql-sources;Comandos de inicio, data objects y permisos;single;precision;intermediate;scanLimitGBytes limita los datos escaneados: 500 GB por defecto;https://docs.dynatrace.com/docs/platform/grail/dynatrace-query-language/commands/data-source-commands | https://docs.dynatrace.com/docs/platform/grail/dynatrace-query-language/dql-best-practices
R-DQL-18;dql;sup-dql-sources;Comandos de inicio, data objects y permisos;single;troubleshooting;intermediate;Si no especificas limit, la consulta muestra 1000 resultados;https://docs.dynatrace.com/docs/platform/grail/dynatrace-query-language/commands/ordering-commands
R-DQL-22;dql;sup-dql-sources;Comandos de inicio, data objects y permisos;single;scenario;basic;data genera registros de ejemplo en tiempo de consulta a partir de expresiones record o de un string JSON;https://docs.dynatrace.com/docs/platform/grail/dynatrace-query-language/commands/data-source-commands
R-DQL-27;dql;sup-dql-sources;Comandos de inicio, data objects y permisos;multiple;knowledge;basic;carga registros de un data object de Grail, por ejemplo fetch logs, fetch events, fetch bizevents o fetch spans;https://docs.dynatrace.com/docs/platform/grail/dynatrace-query-language/commands/data-source-commands | https://docs.dynatrace.com/docs/platform/grail/dynatrace-query-language/dql-best-practices
R-DQL-28;dql;sup-dql-sources;Comandos de inicio, data objects y permisos;multiple;troubleshooting;intermediate;Hacen falta dos niveles: el permiso de bucket storage:buckets:read y el permiso de tabla del data object, como storage:logs:read para logs;https://docs.dynatrace.com/docs/platform/grail/organize-data/assign-permissions-in-grail
A-021;dql;sup-dql-structure-parse;expand, parse y jsonExtract;single;scenario;intermediate;parse aplica un patrón DPL a un campo de texto y coloca los resultados en uno o varios campos;https://docs.dynatrace.com/docs/platform/grail/dynatrace-query-language/commands/extraction-and-parsing-commands
B-045;dql;sup-dql-structure-parse;expand, parse y jsonExtract;single;scenario;intermediate;expand crea un registro independiente por cada elemento de un array;https://docs.dynatrace.com/docs/platform/grail/dynatrace-query-language/commands/structuring-commands
D-022;dql;sup-dql-structure-parse;expand, parse y jsonExtract;single;scenario;advanced;jsonExtract analiza un string JSON y extrae sus claves de nivel raíz como campos de nivel raíz del registro;https://docs.dynatrace.com/docs/platform/grail/dynatrace-query-language/commands/extraction-and-parsing-commands
R-DQL-03;dql;sup-dql-structure-parse;expand, parse y jsonExtract;single;troubleshooting;intermediate;Si el patrón no coincide, el registro se conserva y los campos del patrón quedan null;https://docs.dynatrace.com/docs/platform/grail/dynatrace-query-language/commands/extraction-and-parsing-commands | https://docs.dynatrace.com/docs/platform/grail/dynatrace-pattern-language
R-DQL-12;dql;sup-dql-structure-parse;expand, parse y jsonExtract;multiple;precision;advanced;Si el array está vacío, no se produce ningún registro, de modo que esa fila desaparece del resultado;https://docs.dynatrace.com/docs/platform/grail/dynatrace-query-language/commands/structuring-commands
A-026;dql;sup-dql-timeseries;timeseries en detalle y el comando metrics;single;scenario;intermediate;by:{dt.entity.host} devuelve una serie por valor de la dimensión;https://docs.dynatrace.com/docs/platform/grail/dynatrace-query-language/commands/metric-commands
G-113;dql;sup-dql-timeseries;timeseries en detalle y el comando metrics;single;precision;advanced;interval: fija la duración de cada time slot y bins: el número de slots;https://docs.dynatrace.com/docs/platform/grail/dynatrace-query-language/commands/metric-commands
G-119;dql;sup-dql-timeseries;timeseries en detalle y el comando metrics;single;scenario;advanced;Admite varias agregaciones separadas por comas en el mismo comando;https://docs.dynatrace.com/docs/platform/grail/dynatrace-query-language/commands/metric-commands
R-DQL-05;dql;sup-dql-timeseries;timeseries en detalle y el comando metrics;single;practical;intermediate;shift: desplaza el timeframe (valores negativos hacia el pasado), útil para comparar con la semana anterior mediante append;https://docs.dynatrace.com/docs/platform/grail/dynatrace-query-language/commands/metric-commands
R-DQL-06;dql;sup-dql-timeseries;timeseries en detalle y el comando metrics;single;knowledge;intermediate;Está limitado a los últimos diez días y a 100.000 metric series por consulta;https://docs.dynatrace.com/docs/platform/grail/dynatrace-query-language/commands/metric-commands
R-DQL-15;dql;sup-dql-timeseries;timeseries en detalle y el comando metrics;single;troubleshooting;intermediate;Los slots sin datos valen null salvo que la agregación indique default:;https://docs.dynatrace.com/docs/platform/grail/dynatrace-query-language/commands/metric-commands
R-DQL-19;dql;sup-dql-timeseries;timeseries en detalle y el comando metrics;multiple;practical;advanced;Para obtener un único valor por serie se aplica una array function como arrayMax(cpu) al array, o el parámetro scalar:true de la agregación;https://docs.dynatrace.com/docs/platform/grail/dynatrace-query-language/commands/metric-commands | https://docs.dynatrace.com/docs/platform/grail/dynatrace-query-language/functions/array-functions
R-DQL-29;dql;sup-dql-timeseries;timeseries en detalle y el comando metrics;single;practical;intermediate;filter: aplica una condición sobre los registros de origen antes de la agregación;https://docs.dynatrace.com/docs/platform/grail/dynatrace-query-language/commands/metric-commands
R-DQL-34;dql;sup-dql-timeseries;timeseries en detalle y el comando metrics;multiple;precision;intermediate;La salida es homogénea: todas las series tienen el mismo inicio y fin, el mismo intervalo y el mismo número de elementos. Cada agregación es una columna de tipo array con un valor por time slot;https://docs.dynatrace.com/docs/platform/grail/dynatrace-query-language/commands/metric-commands
FQ-015;dql;sup-dql-types-conversion;Acceso a records, identificadores y conversiones;multiple;practical;advanced;Un timeframe expone sus límites con tf[start] y tf[end], y las time functions getStart(timeframe) y getEnd(timeframe) devuelven los mismos timestamps;https://docs.dynatrace.com/docs/platform/grail/dynatrace-query-language/data-types | https://docs.dynatrace.com/docs/platform/grail/dynatrace-query-language/functions/time-functions
G-103;dql;sup-dql-types-conversion;Acceso a records, identificadores y conversiones;single;precision;basic;arraySize(array) devuelve el número de elementos;https://docs.dynatrace.com/docs/platform/grail/dynatrace-query-language/functions/array-functions
G-110;dql;sup-dql-types-conversion;Acceso a records, identificadores y conversiones;single;troubleshooting;advanced;para sumar bytes extraídos como string se usa sum(toLong(bytes));https://docs.dynatrace.com/docs/platform/grail/dynatrace-query-language/functions/conversion-and-casting-functions | https://docs.dynatrace.com/docs/platform/grail/dynatrace-query-language/data-types
G-114;dql;sup-dql-types-conversion;Acceso a records, identificadores y conversiones;single;precision;intermediate;Los campos de un record se leen con corchetes: person[name], y los anidados con person[address][pcode];https://docs.dynatrace.com/docs/platform/grail/dynatrace-query-language/data-types
R-DQL-11;dql;sup-dql-types-conversion;Acceso a records, identificadores y conversiones;single;precision;intermediate;deben ir entre backticks, es decir, con un acento grave delante y otro detrás del nombre;https://docs.dynatrace.com/docs/platform/grail/dynatrace-query-language/dql-reference
R-DQL-42;dql;types;Tipos, arrays y records;single;troubleshooting;intermediate;Distingue un record anidado de un string JSON.;https://docs.dynatrace.com/docs/platform/grail/dynatrace-query-language/data-types | https://docs.dynatrace.com/docs/platform/grail/dynatrace-query-language/commands/extraction-and-parsing-commands
R-DQL-43;dql;types;Tipos, arrays y records;single;practical;basic;Cuando el esquema no es evidente, empieza con limit y fields para inspeccionar valores.;https://docs.dynatrace.com/docs/platform/grail/dynatrace-query-language/data-types | https://docs.dynatrace.com/docs/platform/grail/dynatrace-query-language/commands/selection-and-modification-commands
R-SEC-52;security;advisor-investigations;Security Advisor e Investigations;single;precision;intermediate;ordena el consejo por severidad según el DSS;https://docs.dynatrace.com/docs/secure/application-security/vulnerability-analytics/third-party-vulnerabilities/davis-security-advisor | https://docs.dynatrace.com/docs/dynatrace-api/environment-api/application-security/davis-security-advice
R-SEC-50;security;code-thirdparty;Código propio frente a terceros;single;scenario;intermediate;Dependencia transitiva · ¿Qué paquete la introduce? · Trazar cadena y evaluar upgrade;https://docs.dynatrace.com/docs/secure/application-security/vulnerability-analytics/vulnerability-evaluation | https://docs.dynatrace.com/docs/secure/vulnerabilities/concepts
R-SEC-51;security;code-thirdparty;Código propio frente a terceros;single;knowledge;basic;El código propio se remedia cambiando la aplicación, configuración o pipeline que lo produce;https://docs.dynatrace.com/docs/secure/application-security/vulnerability-analytics/vulnerability-evaluation | https://docs.dynatrace.com/docs/secure/application-security/vulnerability-analytics/third-party-vulnerabilities/davis-security-advisor | https://docs.dynatrace.com/docs/secure/application-security/application-protection
R-SEC-59;security;deep-investigations;Investigations como flujo de evidencia;multiple;precision;advanced;un máximo de 100 nodos y 1 GB de tamaño por investigación;https://docs.dynatrace.com/docs/secure/investigations/concepts
R-SEC-60;security;deep-investigations;Investigations como flujo de evidencia;single;troubleshooting;basic;para investigar logs hay que configurar antes su log ingestion;https://docs.dynatrace.com/docs/secure/investigations | https://docs.dynatrace.com/docs/secure/investigations/concepts
G-123;security;deep-security-capabilities;Mapa de Application Security y consulta de security.events;single;practical;intermediate;"las vulnerabilidades detectadas por Dynatrace se consultan con `fetch security.events`, filtrando `event.provider == ""Dynatrace""` y `event.type == ""VULNERABILITY_STATE_REPORT_EVENT""`";https://docs.dynatrace.com/docs/secure/threat-observability/dql-examples | https://docs.dynatrace.com/docs/semantic-dictionary/model/security-events/vulnerability
R-SEC-56;security;deep-security-modes;Application Security y modos de OneAgent;single;troubleshooting;intermediate;si OneAgent se ejecuta como contenedor con Infrastructure Monitoring, la process injection no se realiza;https://docs.dynatrace.com/docs/platform/oneagent/monitoring-modes/enable-monitoring-modes | https://docs.dynatrace.com/docs/platform/oneagent/monitoring-modes/monitoring-modes
R-SEC-57;security;deep-security-modes;Application Security y modos de OneAgent;single;knowledge;basic;La tabla de monitoring modes marca Application Security como opt-in en Full Stack, Infrastructure y Discovery;https://docs.dynatrace.com/docs/platform/oneagent/monitoring-modes/monitoring-modes | https://docs.dynatrace.com/docs/secure/application-security/getting-started/monitoring-modes
R-SEC-58;security;deep-security-modes;Application Security y modos de OneAgent;single;scenario;intermediate;En Infrastructure, auto-injection puede aportar runtime metrics de backing services, pero no convierte el modo en trazabilidad Full Stack;https://docs.dynatrace.com/docs/platform/oneagent/monitoring-modes/monitoring-modes | https://docs.dynatrace.com/docs/platform/oneagent/monitoring-modes/enable-monitoring-modes | https://docs.dynatrace.com/docs/secure/application-security/getting-started/monitoring-modes
G-122;security;deep-security-prioritization;Priorización contextual con Dynatrace Security Score (DSS);multiple;precision;advanced;lo ajusta con el contexto del entorno: Public internet exposure (si el proceso afectado está expuesto a internet) y Reachable data assets (si tiene acceso a bases de datos). Public exploit availability y Vulnerable functions se muestran como factores de riesgo informativos, pero no entran en el cálculo del DSS;https://docs.dynatrace.com/docs/secure/vulnerabilities/concepts
G-130;security;deep-security-prioritization;Priorización contextual con Dynatrace Security Score (DSS);single;scenario;intermediate;En un CVSS 9.8 con impacto alto en confidencialidad e integridad, la falta de ambos factores reduce el DSS;https://docs.dynatrace.com/docs/secure/vulnerabilities/concepts | https://docs.dynatrace.com/docs/secure/application-security/vulnerability-analytics/vulnerability-evaluation
A-052;security;deep-third-party-code-level;Third-party vs Code-level vulnerabilities;single;scenario;advanced;"Una code-level vulnerability se reporta aunque nadie la haya atacado; detectar o bloquear ataques reales es tarea de Runtime Application Protection";https://docs.dynatrace.com/docs/secure/application-security/vulnerability-analytics
R-SEC-61;security;precision-facts;Hechos de precisión;single;precision;intermediate;Muted (Open) cuando todas las entidades afectadas de una vulnerabilidad activa están silenciadas;https://docs.dynatrace.com/docs/secure/vulnerabilities/concepts
R-SEC-62;security;precision-facts;Hechos de precisión;single;precision;basic;Las apps Classic de Third-Party Vulnerabilities y Code-Level Vulnerabilities pueden estar deprecadas frente a la experiencia unificada Latest;https://docs.dynatrace.com/docs/secure/application-security/vulnerability-analytics/third-party-vulnerabilities | https://docs.dynatrace.com/docs/secure/vulnerabilities
R-SEC-63;security;precision-facts;Hechos de precisión;single;precision;intermediate;El DSS nunca supera el CVSS base.;https://docs.dynatrace.com/docs/secure/vulnerabilities/concepts
R-SEC-54;security;rva;Runtime Vulnerability Analytics;multiple;precision;intermediate;el componente está cargado y participa en el flujo observado;https://docs.dynatrace.com/docs/secure/application-security/vulnerability-analytics/vulnerability-evaluation | https://docs.dynatrace.com/docs/secure/application-security/vulnerability-analytics/get-started-with-vulnerability-analytics
R-SEC-55;security;security-evidence;Límites, fuentes y evidencia;multiple;scenario;intermediate;La remediación se verifica cuando ningún proceso carga ya la versión vulnerable y la vulnerabilidad pasa a Resolved;https://docs.dynatrace.com/docs/secure/application-security/vulnerability-analytics/third-party-vulnerabilities/davis-security-advisor | https://docs.dynatrace.com/docs/secure/vulnerabilities/concepts | https://docs.dynatrace.com/docs/secure/application-security/vulnerability-analytics/vulnerability-evaluation
R-SEC-49;security;security-model;Qué es una vulnerabilidad en contexto;single;knowledge;basic;se registran como security events en la tabla security.events;https://docs.dynatrace.com/docs/secure/threat-observability/concepts | https://docs.dynatrace.com/docs/semantic-dictionary/model/security-events/vulnerability
R-SEC-53;security;security-permissions;Permisos y ciclo de remediación;single;troubleshooting;intermediate;requiere settings:objects:write, que incluye Admin User pero no Standard User ni Pro User;https://docs.dynatrace.com/docs/manage/identity-access-management/use-cases/built-in-policies | https://docs.dynatrace.com/docs/secure/vulnerabilities | https://docs.dynatrace.com/docs/secure/application-security/vulnerability-analytics/third-party-vulnerabilities/define-monitoring-rules-tpv
C-027;security;sup-code-level-details;Code-level vulnerabilities: tipos, tecnologías y detalle;single;scenario;advanced;para priorizarlas se mira el contexto de las entidades relacionadas: public internet exposure y reachable data assets;https://docs.dynatrace.com/docs/secure/application-security/vulnerability-analytics/vulnerability-evaluation
E-042;security;sup-code-level-details;Code-level vulnerabilities: tipos, tecnologías y detalle;single;precision;advanced;La puntuación de una code-level vulnerability es siempre 10 y su riesgo Critical, porque se considera explotable en cualquier momento;https://docs.dynatrace.com/docs/secure/vulnerabilities/concepts
G-127;security;sup-code-level-details;Code-level vulnerabilities: tipos, tecnologías y detalle;single;precision;advanced;improper input validation (por ejemplo, una JNDI lookup con datos no confiables);https://docs.dynatrace.com/docs/secure/vulnerabilities/concepts
G-134;security;sup-code-level-details;Code-level vulnerabilities: tipos, tecnologías y detalle;single;scenario;intermediate;La code location muestra desde dónde se llama a la función vulnerable;https://docs.dynatrace.com/docs/secure/vulnerabilities/concepts
R-SEC-09;security;sup-code-level-details;Code-level vulnerabilities: tipos, tecnologías y detalle;multiple;knowledge;intermediate;SQL injection, command injection, improper input validation (por ejemplo, una JNDI lookup con datos no confiables) y SSRF;https://docs.dynatrace.com/docs/secure/vulnerabilities/concepts
R-SEC-10;security;sup-code-level-details;Code-level vulnerabilities: tipos, tecnologías y detalle;multiple;precision;advanced;la code-level, en Java 8+, .NET (.NET Framework 4.5+ y .NET Core 3.0+, procesos de 64 bits) y Go;https://docs.dynatrace.com/docs/secure/application-security/vulnerability-analytics
R-SEC-48;security;sup-code-level-details;Code-level vulnerabilities: tipos, tecnologías y detalle;single;precision;advanced;el nombre de la JNDI lookup (improper input validation) o la request URL (SSRF);https://docs.dynatrace.com/docs/secure/vulnerabilities/concepts
FS-006;security;sup-dss-assessment;DSS y Dynatrace Assessment en detalle;single;scenario;advanced;Dynatrace analiza si las peticiones entrantes a servicios web y las llamadas a web services del último día proceden de una IP pública;https://docs.dynatrace.com/docs/secure/application-security/vulnerability-analytics/vulnerability-evaluation
FS-007;security;sup-dss-assessment;DSS y Dynatrace Assessment en detalle;single;scenario;advanced;si el servicio del proceso vulnerable llama directamente a una base de datos, cuenta;https://docs.dynatrace.com/docs/secure/application-security/vulnerability-analytics/vulnerability-evaluation
FS-014;security;sup-dss-assessment;DSS y Dynatrace Assessment en detalle;single;precision;advanced;Medium 4.0–6.9, High 7.0–8.9 y Critical 9.0–10.0;https://docs.dynatrace.com/docs/secure/vulnerabilities/concepts
FS-015;security;sup-dss-assessment;DSS y Dynatrace Assessment en detalle;single;scenario;advanced;"dentro del segmento seleccionado y se toma el más alto; la app clásica Third-Party Vulnerabilities agrega los factores de riesgo de las entidades afectadas dentro de la management zone";https://docs.dynatrace.com/docs/secure/vulnerabilities/concepts
G-128;security;sup-dss-assessment;DSS y Dynatrace Assessment en detalle;single;precision;advanced;Reduced, cuando al menos una no está en Full-Stack y la evaluación detallada se limita;https://docs.dynatrace.com/docs/secure/vulnerabilities/concepts | https://docs.dynatrace.com/docs/secure/application-security/getting-started/monitoring-modes
R-SEC-23;security;sup-dss-assessment;DSS y Dynatrace Assessment en detalle;single;precision;advanced;Critical 10.0, High 8.9, Medium 6.9, Low 3.9 y Other 0.0;https://docs.dynatrace.com/docs/secure/vulnerabilities/concepts
R-SEC-24;security;sup-dss-assessment;DSS y Dynatrace Assessment en detalle;single;precision;advanced;Como los runtimes .NET, Java y Node.js se evalúan con NVD, su DSS parte previsiblemente de v3;https://docs.dynatrace.com/docs/secure/vulnerabilities/concepts | https://docs.dynatrace.com/docs/secure/application-security/vulnerability-analytics/vulnerability-evaluation
R-SEC-41;security;sup-dss-assessment;DSS y Dynatrace Assessment en detalle;multiple;precision;advanced;con CVSS v3, Modified Confidentiality (MC) y Modified Integrity (MI);https://docs.dynatrace.com/docs/secure/vulnerabilities/concepts
D-027;security;sup-investigations-details;Investigations: query tree, evidencia, tiempo y enriquecimiento;single;scenario;advanced;Las evidence lists guardan fragmentos de logs y direcciones IP relevantes para usarlos después al buscar y filtrar;https://docs.dynatrace.com/docs/secure/investigations
FS-018;security;sup-investigations-details;Investigations: query tree, evidencia, tiempo y enriquecimiento;single;scenario;advanced;una query branch es la cadena de nodos que forma un camino de investigación, a la que puedes volver;https://docs.dynatrace.com/docs/secure/investigations/concepts
FS-020;security;sup-investigations-details;Investigations: query tree, evidencia, tiempo y enriquecimiento;single;scenario;advanced;Set as reference time (clic derecho en un timestamp) añade una columna virtual con el offset entre cada evento y la referencia;https://docs.dynatrace.com/docs/secure/investigations/define-timeframes | https://docs.dynatrace.com/docs/secure/investigations/concepts
FS-021;security;sup-investigations-details;Investigations: query tree, evidencia, tiempo y enriquecimiento;single;scenario;advanced;IP enrichment añade datos de reputación externa a las direcciones IP con fuentes de threat intelligence como AbuseIPDB o VirusTotal;https://docs.dynatrace.com/docs/secure/investigations/concepts
G-137;security;sup-investigations-details;Investigations: query tree, evidencia, tiempo y enriquecimiento;single;precision;advanced;Con DPL Architect se extraen campos concretos de los logs (por ejemplo IP, usuarios o comandos);https://docs.dynatrace.com/docs/secure/investigations
R-SEC-26;security;sup-investigations-details;Investigations: query tree, evidencia, tiempo y enriquecimiento;single;troubleshooting;intermediate;si no indicas periodo, se aplica el timeframe por defecto -2h (las últimas dos horas);https://docs.dynatrace.com/docs/secure/investigations/define-timeframes
R-SEC-27;security;sup-investigations-details;Investigations: query tree, evidencia, tiempo y enriquecimiento;single;scenario;intermediate;permiten correlacionar eventos con patrones conocidos, comportamiento de usuarios o metadatos de activos;https://docs.dynatrace.com/docs/secure/investigations/concepts
R-SEC-28;security;sup-investigations-details;Investigations: query tree, evidencia, tiempo y enriquecimiento;single;practical;intermediate;Add to custom timeframes crea un timeframe con el mínimo y el máximo seleccionados;https://docs.dynatrace.com/docs/secure/investigations/define-timeframes
R-SEC-29;security;sup-investigations-details;Investigations: query tree, evidencia, tiempo y enriquecimiento;multiple;knowledge;basic;El timeframe se define con los parámetros timeframe o from/to de fetch (que prevalecen sobre la selección manual), con el timeframe selector junto al botón Run;https://docs.dynatrace.com/docs/secure/investigations/define-timeframes
R-SEC-33;security;sup-investigations-details;Investigations: query tree, evidencia, tiempo y enriquecimiento;single;knowledge;basic;Investigations es una app para investigaciones basadas en evidencia en seguridad, operaciones, compliance y fraude, con DQL sobre datos de Grail;https://docs.dynatrace.com/docs/secure/investigations
G-131;security;sup-monitoring-rules;Monitoring rules de third-party y de code-level;single;knowledge;intermediate;Las code-level monitoring rules usan resource attributes como dt.entity.process_group o aws.region para aplicar Monitor o Do not monitor;https://docs.dynatrace.com/docs/secure/application-security/vulnerability-analytics/code-level-vulnerabilities/define-monitoring-rules-clv
R-SEC-18;security;sup-monitoring-rules;Monitoring rules de third-party y de code-level;single;scenario;advanced;sobrescriben el control global de code-level vulnerability detection de la tecnología seleccionada. Están ordenadas y se aplica la primera regla que coincide;https://docs.dynatrace.com/docs/secure/application-security/vulnerability-analytics/code-level-vulnerabilities/define-monitoring-rules-clv
R-SEC-36;security;sup-monitoring-rules;Monitoring rules de third-party y de code-level;single;scenario;advanced;"las vulnerabilidades existentes que solo afectan a esos procesos se resuelven; si la regla se elimina o deja de aplicarse, se reabren";https://docs.dynatrace.com/docs/secure/application-security/vulnerability-analytics/third-party-vulnerabilities/define-monitoring-rules-tpv
R-SEC-37;security;sup-monitoring-rules;Monitoring rules de third-party y de code-level;multiple;precision;advanced;Reinicio · No requiere reinicio · Reiniciar los procesos;https://docs.dynatrace.com/docs/secure/application-security/vulnerability-analytics/third-party-vulnerabilities/define-monitoring-rules-tpv | https://docs.dynatrace.com/docs/secure/application-security/vulnerability-analytics/code-level-vulnerabilities/define-monitoring-rules-clv
R-SEC-38;security;sup-monitoring-rules;Monitoring rules de third-party y de code-level;single;troubleshooting;advanced;en cuanto una regla coincide con una entidad, las reglas posteriores ya no se consideran para ella, así que las reglas específicas deben ir antes que las generales;https://docs.dynatrace.com/docs/secure/application-security/vulnerability-analytics/third-party-vulnerabilities/define-monitoring-rules-tpv
R-SEC-47;security;sup-monitoring-rules;Monitoring rules de third-party y de code-level;single;knowledge;intermediate;Se recomienda basarlas en resource attributes (host name, process group ID, Kubernetes namespace;https://docs.dynatrace.com/docs/secure/application-security/vulnerability-analytics/third-party-vulnerabilities/define-monitoring-rules-tpv
R-SEC-11;security;sup-rap;Runtime Application Protection;single;scenario;basic;Para empezar en producción sin riesgo de bloquear peticiones legítimas se usa Monitor;https://docs.dynatrace.com/docs/secure/application-security/application-protection
R-SEC-12;security;sup-rap;Runtime Application Protection;single;troubleshooting;intermediate;Los exploit attempts que muestra la app Vulnerabilities requieren configurar Runtime Application Protection;https://docs.dynatrace.com/docs/secure/vulnerabilities/prioritize | https://docs.dynatrace.com/docs/secure/application-security/application-protection
R-SEC-39;security;sup-rap;Runtime Application Protection;multiple;precision;advanced;.NET y Go detectan SQL injection y command injection, y JNDI injection y SSRF están limitados a Java;https://docs.dynatrace.com/docs/secure/application-security/application-protection
R-SEC-40;security;sup-rap;Runtime Application Protection;single;scenario;intermediate;Está soportada en los tres monitoring modes (Full-Stack, Infrastructure y Discovery) para detectar y bloquear ataques;https://docs.dynatrace.com/docs/secure/application-security/getting-started/monitoring-modes | https://docs.dynatrace.com/docs/secure/application-security/application-protection
G-135;security;sup-rva-setup;Prerrequisitos de Runtime Vulnerability Analytics por tecnología y modo;single;troubleshooting;intermediate;Tras activar code-level detection o cambiar OneAgent features hay que reiniciar los procesos;https://docs.dynatrace.com/docs/secure/application-security/vulnerability-analytics/get-started-with-vulnerability-analytics
R-SEC-13;security;sup-rva-setup;Prerrequisitos de Runtime Vulnerability Analytics por tecnología y modo;single;troubleshooting;advanced;"faltan datos ambientales como reachable data assets o public internet exposure, y la información de entidades relacionadas (bases de datos, servicios) es limitada; por eso el DSS no puede adaptarse al entorno";https://docs.dynatrace.com/docs/secure/application-security/getting-started/monitoring-modes | https://docs.dynatrace.com/docs/secure/vulnerabilities/concepts
R-SEC-14;security;sup-rva-setup;Prerrequisitos de Runtime Vulnerability Analytics por tecnología y modo;single;scenario;intermediate;En Discovery mode, tras activarlo hay que habilitar también code-module injection (y reiniciar los procesos para cargar el módulo);https://docs.dynatrace.com/docs/secure/application-security/getting-started/monitoring-modes | https://docs.dynatrace.com/docs/secure/application-security/vulnerability-analytics/get-started-with-vulnerability-analytics
R-SEC-15;security;sup-rva-setup;Prerrequisitos de Runtime Vulnerability Analytics por tecnología y modo;single;troubleshooting;advanced;Para Python hay que activar Monitor Python (Settings > Collect and capture > General monitoring settings > Monitoring technologies) y Python software component reporting;https://docs.dynatrace.com/docs/secure/application-security/vulnerability-analytics/get-started-with-vulnerability-analytics
R-SEC-16;security;sup-rva-setup;Prerrequisitos de Runtime Vulnerability Analytics por tecnología y modo;single;troubleshooting;advanced;En Java, vulnerable functions es opcional y requiere activar Java vulnerable function reporting;https://docs.dynatrace.com/docs/secure/application-security/vulnerability-analytics/get-started-with-vulnerability-analytics | https://docs.dynatrace.com/docs/secure/vulnerabilities/concepts
R-SEC-17;security;sup-rva-setup;Prerrequisitos de Runtime Vulnerability Analytics por tecnología y modo;single;troubleshooting;advanced;la detección de SSRF code-level requiere activar Java SSRF code-level vulnerability and attack evaluation;https://docs.dynatrace.com/docs/secure/application-security/vulnerability-analytics/get-started-with-vulnerability-analytics
R-SEC-19;security;sup-rva-setup;Prerrequisitos de Runtime Vulnerability Analytics por tecnología y modo;single;troubleshooting;advanced;Para .NET, Go y Python el deep monitoring automático está deshabilitado por defecto y hay que activarlo manualmente;https://docs.dynatrace.com/docs/secure/application-security/vulnerability-analytics/get-started-with-vulnerability-analytics
R-SEC-42;security;sup-rva-setup;Prerrequisitos de Runtime Vulnerability Analytics por tecnología y modo;single;precision;advanced;en hosts Linux en Discovery mode, la public internet exposure se detecta vía eBPF, con los estados Public network y Not detected;https://docs.dynatrace.com/docs/secure/application-security/getting-started/monitoring-modes
G-132;security;sup-security-advisor;Davis Security Advisor y APIs de seguridad;single;precision;intermediate;Ambos endpoints requieren un token con el scope securityProblems.read;https://docs.dynatrace.com/docs/dynatrace-api/environment-api/application-security/vulnerabilities/get-vulnerabilities | https://docs.dynatrace.com/docs/dynatrace-api/environment-api/application-security/davis-security-advice
R-SEC-30;security;sup-security-advisor;Davis Security Advisor y APIs de seguridad;single;knowledge;intermediate;/api/v2/davis/securityAdvices lista las recomendaciones de Davis sobre vulnerabilidades abiertas y no silenciadas, agrupadas por tecnología y componente vulnerable (adviceType UPGRADE);https://docs.dynatrace.com/docs/dynatrace-api/environment-api/application-security/davis-security-advice
R-SEC-34;security;sup-security-advisor;Davis Security Advisor y APIs de seguridad;single;scenario;intermediate;"Evalúa todas las third-party vulnerabilities abiertas y no silenciadas; las resueltas o silenciadas no se tienen en cuenta";https://docs.dynatrace.com/docs/secure/application-security/vulnerability-analytics/third-party-vulnerabilities/davis-security-advisor | https://docs.dynatrace.com/docs/dynatrace-api/environment-api/application-security/davis-security-advice
R-SEC-35;security;sup-security-advisor;Davis Security Advisor y APIs de seguridad;single;precision;advanced;ignora la versión concreta de la librería y recomienda actualizar a la última versión cualquier librería con vulnerabilidades conocidas;https://docs.dynatrace.com/docs/secure/application-security/vulnerability-analytics/third-party-vulnerabilities/davis-security-advisor
R-SEC-02;security;sup-security-events-grail;security.events en Grail: tipos de evento, buckets y permisos;single;troubleshooting;advanced;Como cada snapshot es un registro, contar sin deduplicar multiplica el resultado;https://docs.dynatrace.com/docs/secure/threat-observability/dql-examples | https://docs.dynatrace.com/docs/secure/threat-observability/concepts
R-SEC-03;security;sup-security-events-grail;security.events en Grail: tipos de evento, buckets y permisos;single;precision;intermediate;el evento que registra cuándo se resolvió o se silenció una vulnerabilidad es STATUS_CHANGE;https://docs.dynatrace.com/docs/semantic-dictionary/model/security-events/vulnerability | https://docs.dynatrace.com/docs/secure/threat-observability/concepts
R-SEC-04;security;sup-security-events-grail;security.events en Grail: tipos de evento, buckets y permisos;single;troubleshooting;intermediate;"Un filtro event.provider==""Dynatrace"" excluye los findings de Snyk u otras herramientas";https://docs.dynatrace.com/docs/semantic-dictionary/model/security-events/vulnerability | https://docs.dynatrace.com/docs/secure/threat-observability/concepts
R-SEC-05;security;sup-security-events-grail;security.events en Grail: tipos de evento, buckets y permisos;single;troubleshooting;basic;storage:security.events:read da acceso de lectura a la tabla security.events;https://docs.dynatrace.com/docs/secure/threat-observability/concepts | https://docs.dynatrace.com/docs/manage/identity-access-management/use-cases/built-in-policies
R-SEC-06;security;sup-security-events-grail;security.events en Grail: tipos de evento, buckets y permisos;multiple;precision;intermediate;"Los generados por Dynatrace a partir del entorno monitorizado van al bucket default_securityevents_builtin y se retienen tres años; los ingeridos desde fuentes de terceros van al bucket default_securityevents y se retienen un año";https://docs.dynatrace.com/docs/manage/data-privacy-and-security/data-privacy/data-retention-periods | https://docs.dynatrace.com/docs/secure/threat-observability/concepts
R-SEC-07;security;sup-security-events-grail;security.events en Grail: tipos de evento, buckets y permisos;multiple;practical;intermediate;"filtra vulnerability.resolution.status==""OPEN"" (valores OPEN o RESOLVED) y vulnerability.mute.status!=""MUTED""";https://docs.dynatrace.com/docs/secure/threat-observability/dql-examples | https://docs.dynatrace.com/docs/semantic-dictionary/model/security-events/vulnerability
R-SEC-08;security;sup-security-events-grail;security.events en Grail: tipos de evento, buckets y permisos;single;precision;advanced;event.level vale ENTITY (estado de la vulnerabilidad en una entidad afectada, con campos affected_entity.*);https://docs.dynatrace.com/docs/secure/threat-observability/concepts | https://docs.dynatrace.com/docs/secure/threat-observability/dql-examples
R-SEC-43;security;sup-security-events-grail;security.events en Grail: tipos de evento, buckets y permisos;single;troubleshooting;advanced;Los findings y escaneos ingeridos de terceros no se clasifican así: no tienen event.level ni event.group_label;https://docs.dynatrace.com/docs/secure/threat-observability/concepts | https://docs.dynatrace.com/docs/semantic-dictionary/model/security-events/vulnerability
R-SEC-45;security;sup-security-events-grail;security.events en Grail: tipos de evento, buckets y permisos;single;practical;intermediate;el endpoint de ingesta por defecto es /platform/ingest/v1/security.events;https://docs.dynatrace.com/docs/secure/threat-observability/concepts
R-SEC-46;security;sup-security-events-grail;security.events en Grail: tipos de evento, buckets y permisos;single;troubleshooting;intermediate;storage:logs:read es necesario cuando se consultan logs ingeridos que se usan como datos de seguridad;https://docs.dynatrace.com/docs/secure/threat-observability/concepts | https://docs.dynatrace.com/docs/manage/identity-access-management/use-cases/built-in-policies
A-051;security;sup-third-party-evaluation;Cómo se evalúan las third-party vulnerabilities;single;precision;advanced;Un JAR que solo está en disco, en una imagen de contenedor, en un manifiesto o en el inventario de paquetes del host, pero que ningún proceso carga, no genera una third-party vulnerability;https://docs.dynatrace.com/docs/secure/application-security/vulnerability-analytics/vulnerability-evaluation
B-050;security;sup-third-party-evaluation;Cómo se evalúan las third-party vulnerabilities;single;precision;advanced;las librerías, que OneAgent reporta cuando un proceso las carga, y los paquetes runtime de Kubernetes que usa el clúster;https://docs.dynatrace.com/docs/secure/application-security/vulnerability-analytics/vulnerability-evaluation
B-055;security;sup-third-party-evaluation;Cómo se evalúan las third-party vulnerabilities;single;precision;advanced;una code-level vulnerability se resuelve cuando el proceso vulnerable se ha reiniciado y OneAgent ya no detecta flujos de datos que puedan conducir a la vulnerabilidad;https://docs.dynatrace.com/docs/secure/application-security/vulnerability-analytics/vulnerability-evaluation
C-025;security;sup-third-party-evaluation;Cómo se evalúan las third-party vulnerabilities;single;precision;advanced;La evaluación no comprueba configuraciones, runtime information ni sistemas operativos;https://docs.dynatrace.com/docs/secure/application-security/vulnerability-analytics/vulnerability-evaluation
C-026;security;sup-third-party-evaluation;Cómo se evalúan las third-party vulnerabilities;multiple;precision;advanced;el NVD feed cubre los runtimes .NET, Java y Node.js;https://docs.dynatrace.com/docs/secure/application-security/vulnerability-analytics/vulnerability-evaluation
FS-008;security;sup-third-party-evaluation;Cómo se evalúan las third-party vulnerabilities;single;precision;advanced;cuando ningún process group ha reportado el componente vulnerable durante más de dos horas, la vulnerabilidad se marca como Resolved;https://docs.dynatrace.com/docs/secure/application-security/vulnerability-analytics/vulnerability-evaluation
FS-009;security;sup-third-party-evaluation;Cómo se evalúan las third-party vulnerabilities;single;scenario;advanced;pero también a que el proceso está detenido o aún no ha cargado la librería por falta de tráfico, así que Resolved no confirma por sí solo la versión instalada;https://docs.dynatrace.com/docs/secure/application-security/vulnerability-analytics/vulnerability-evaluation | https://docs.dynatrace.com/docs/secure/vulnerabilities/concepts
G-139;security;sup-third-party-evaluation;Cómo se evalúan las third-party vulnerabilities;single;knowledge;intermediate;Vulnerable functions es un dato exclusivo de third-party: muestra qué funciones de la librería afectada están implicadas y si la aplicación las usa;https://docs.dynatrace.com/docs/secure/vulnerabilities/concepts | https://docs.dynatrace.com/docs/secure/application-security/vulnerability-analytics/get-started-with-vulnerability-analytics
R-SEC-25;security;sup-third-party-evaluation;Cómo se evalúan las third-party vulnerabilities;single;scenario;advanced;los feeds actualizados se importan al Dynatrace Cluster en un plazo de dos horas;https://docs.dynatrace.com/docs/secure/application-security/vulnerability-analytics/vulnerability-evaluation
D-026;security;sup-vulnerabilities-app;La app Vulnerabilities: entidades, mute y priorización;multiple;precision;advanced;el grupo vulnerability-service necesita las políticas Read Entities y Read Security Events;https://docs.dynatrace.com/docs/secure/vulnerabilities
FS-016;security;sup-vulnerabilities-app;La app Vulnerabilities: entidades, mute y priorización;single;precision;advanced;una entidad silenciada que se cerró automáticamente porque la causa raíz desapareció no pasa a Resolved, sino a Muted (Resolved);https://docs.dynatrace.com/docs/secure/vulnerabilities/concepts
FS-017;security;sup-vulnerabilities-app;La app Vulnerabilities: entidades, mute y priorización;single;precision;advanced;La app Vulnerabilities muestra vulnerabilidades de dos fuentes: Dynatrace Runtime Vulnerability Analytics y findings ingeridos de herramientas de seguridad externas;https://docs.dynatrace.com/docs/secure/vulnerabilities
G-124;security;sup-vulnerabilities-app;La app Vulnerabilities: entidades, mute y priorización;single;scenario;intermediate;Muted (Affected): la entidad sigue afectada, pero se silenció a petición;https://docs.dynatrace.com/docs/secure/vulnerabilities/concepts
R-SEC-20;security;sup-vulnerabilities-app;La app Vulnerabilities: entidades, mute y priorización;single;knowledge;basic;Las vulnerabilidades del CISA KEV catalog cuya fecha límite de remediación ha pasado muestran la etiqueta Overdue;https://docs.dynatrace.com/docs/secure/vulnerabilities/prioritize
R-SEC-21;security;sup-vulnerabilities-app;La app Vulnerabilities: entidades, mute y priorización;single;scenario;basic;La vista de coverage muestra cómo de bien monitoriza Runtime Vulnerability Analytics los procesos y hosts del entorno;https://docs.dynatrace.com/docs/secure/vulnerabilities/prioritize | https://docs.dynatrace.com/docs/secure/vulnerabilities
R-SEC-22;security;sup-vulnerabilities-app;La app Vulnerabilities: entidades, mute y priorización;multiple;precision;intermediate;Las entidades afectadas son los procesos, process groups o Kubernetes nodes que contienen directamente la vulnerabilidad;https://docs.dynatrace.com/docs/secure/vulnerabilities/concepts
R-SEC-31;security;sup-vulnerabilities-app;La app Vulnerabilities: entidades, mute y priorización;single;scenario;intermediate;Mayor DSS + exposición + activos de datos + CISA KEV Overdue = candidata clara a remediar primero;https://docs.dynatrace.com/docs/secure/vulnerabilities/prioritize | https://docs.dynatrace.com/docs/secure/vulnerabilities/concepts
R-SEC-32;security;sup-vulnerabilities-app;La app Vulnerabilities: entidades, mute y priorización;single;precision;intermediate;Muted (Affected): la entidad sigue afectada, pero se silenció a petición;https://docs.dynatrace.com/docs/secure/vulnerabilities/concepts
R-SEC-44;security;sup-vulnerabilities-app;La app Vulnerabilities: entidades, mute y priorización;single;precision;intermediate;Los eventos de vulnerability evolution se guardan un año y solo pueden consultarse hasta el timestamp de la primera detección;https://docs.dynatrace.com/docs/secure/vulnerabilities/prioritize
R-AUT-32;automation;actor-permissions;Actor, owner y permisos;single;troubleshooting;intermediate;El actor puede ser la persona configurada o un service user, y no puede superar los permisos disponibles;https://docs.dynatrace.com/docs/analyze-explore-automate/workflows/security
R-AUT-33;automation;actor-permissions;Actor, owner y permisos;multiple;knowledge;basic;El owner controla inicialmente la visibilidad y el acceso del workflow.;https://docs.dynatrace.com/docs/analyze-explore-automate/workflows/security
R-AUT-34;automation;actor-permissions;Actor, owner y permisos;single;troubleshooting;advanced;solo puede leerla si la configuración de esa credencial permite el acceso al actor del workflow;https://docs.dynatrace.com/docs/analyze-explore-automate/workflows/default-workflow-actions/http-request-workflow-action | https://docs.dynatrace.com/docs/analyze-explore-automate/workflows/security
R-AUT-37;automation;debug-workflow;Depurar una ejecución;multiple;troubleshooting;intermediate;distingue draft de workflow live, trigger habilitado de trigger deshabilitado y ejecución manual de ejecución automática;https://docs.dynatrace.com/docs/analyze-explore-automate/workflows/build/trigger | https://docs.dynatrace.com/docs/analyze-explore-automate/workflows/build/trigger/schedules
R-AUT-38;automation;debug-workflow;Depurar una ejecución;single;scenario;intermediate;No resuelvas un error de autorización dando permisos globales por defecto. Identifica el permiso mínimo;https://docs.dynatrace.com/docs/analyze-explore-automate/workflows/security | https://docs.dynatrace.com/docs/analyze-explore-automate/workflows/build/trigger/event-trigger
A-059;automation;deep-actor-permissions;Actor, Service Users y permisos IAM en Workflows;single;scenario;intermediate;Dynatrace recomienda service users con permisos mínimos para workflows colaborativos de producción, porque no dependen de la cuenta de una persona;https://docs.dynatrace.com/docs/analyze-explore-automate/workflows/security
B-061;automation;deep-actor-permissions;Actor, Service Users y permisos IAM en Workflows;single;precision;intermediate;El actor es la identidad en cuyo contexto se ejecutan las tasks y determina qué permisos pueden usar sus actions;https://docs.dynatrace.com/docs/analyze-explore-automate/workflows/security
B-063;automation;deep-actor-permissions;Actor, Service Users y permisos IAM en Workflows;single;precision;intermediate;Con iam:service-users:use puedes seleccionar como actor los service users que se te han concedido;https://docs.dynatrace.com/docs/analyze-explore-automate/workflows/security
C-029;automation;deep-actor-permissions;Actor, Service Users y permisos IAM en Workflows;single;scenario;advanced;al actualizar el workflow quien lo modifica pasa automáticamente a ser el actor, salvo que el cambio se haga en admin mode o que el actor sea un service user;https://docs.dynatrace.com/docs/analyze-explore-automate/workflows/security
G-153;automation;deep-execution-states;Ejecución, tasks, retries y loops;single;precision;intermediate;Waiting for approval, que indica que la task está en pausa esperando que un usuario la apruebe o la rechace manualmente;https://docs.dynatrace.com/docs/analyze-explore-automate/workflows/running
R-AUT-05;automation;deep-execution-states;Ejecución, tasks, retries y loops;single;troubleshooting;intermediate;Error (al menos una task fallida sin gestionar);https://docs.dynatrace.com/docs/analyze-explore-automate/workflows/running
E-048;automation;deep-jinja-dql;Jinja, DQL y datos entre tasks;single;practical;advanced;"Las claves que contienen puntos se leen con corchetes: `{{ event()[""event.type""] }}`";https://docs.dynatrace.com/docs/analyze-explore-automate/workflows/reference | https://docs.dynatrace.com/docs/analyze-explore-automate/workflows/build/trigger/event-trigger
G-157;automation;deep-jinja-dql;Jinja, DQL y datos entre tasks;single;precision;advanced;"{{ result(""query_task"")[""records""] | length > 0 }}";https://docs.dynatrace.com/docs/analyze-explore-automate/workflows/default-workflow-actions/dql-query-workflow-action
R-AUT-27;automation;deep-jinja-dql;Jinja, DQL y datos entre tasks;single;troubleshooting;intermediate;"Execute DQL Query devuelve por defecto como máximo 1.000 records; para obtener más se usa el comando limit con un valor mayor";https://docs.dynatrace.com/docs/analyze-explore-automate/workflows/default-workflow-actions/dql-query-workflow-action
R-AUT-31;automation;deep-jinja-dql;Jinja, DQL y datos entre tasks;single;practical;intermediate;md_table convierte el resultado de una consulta DQL o una lista de objetos en una tabla markdown;https://docs.dynatrace.com/docs/analyze-explore-automate/workflows/reference
R-AUT-39;automation;deep-workflow-anatomy;Anatomía de un Workflow y tipos de acciones;single;troubleshooting;advanced;Run JavaScript no admite expresiones en su input, para evitar la inyección de código;https://docs.dynatrace.com/docs/analyze-explore-automate/workflows/default-workflow-actions/run-javascript-workflow-action
R-AUT-40;automation;deep-workflow-anatomy;Anatomía de un Workflow y tipos de acciones;single;troubleshooting;intermediate;hay que añadirlo en Settings > General > External requests;https://docs.dynatrace.com/docs/analyze-explore-automate/workflows/default-workflow-actions/http-request-workflow-action | https://docs.dynatrace.com/docs/analyze-explore-automate/workflows/default-workflow-actions/run-javascript-workflow-action
R-AUT-41;automation;deep-workflow-limits;Event Triggers: límites de 1.000 caracteres y Simple Workflows;single;scenario;intermediate;Límite horario de Event Trigger: hasta 1.000 ejecuciones por hora y por workflow.;https://docs.dynatrace.com/docs/analyze-explore-automate/workflows/build/trigger/event-trigger
R-AUT-42;automation;deep-workflow-limits;Event Triggers: límites de 1.000 caracteres y Simple Workflows;single;precision;intermediate;un workflow result que no es JSON válido o que supera 10 MB hace fallar la ejecución del workflow;https://docs.dynatrace.com/docs/analyze-explore-automate/workflows/running
FA-003;automation;event-trigger-precision;Event trigger: coincidencia y límites;single;precision;advanced;las funciones de agregación y las consultas multievento (por ejemplo, contar cinco eventos en diez minutos) no están soportadas en el filtro;https://docs.dynatrace.com/docs/analyze-explore-automate/workflows/build/trigger/event-trigger
FA-004;automation;event-trigger-precision;Event trigger: coincidencia y límites;multiple;scenario;advanced;storage:events:read, storage:bizevents:read, storage:security.events:read o storage:system:read, y además storage:buckets:read restringido al bucket que contiene esos eventos;https://docs.dynatrace.com/docs/analyze-explore-automate/workflows/build/trigger/event-trigger
FA-005;automation;event-trigger-precision;Event trigger: coincidencia y límites;multiple;precision;advanced;"Cada workflow admite como máximo 1.000 ejecuciones event-triggered por hora. Si se supera, las ejecuciones se limitan (throttling, HTTP 429) durante hasta una hora; si se supera tres veces en siete días, el trigger se desactiva automáticamente";https://docs.dynatrace.com/docs/analyze-explore-automate/workflows/build/trigger/event-trigger
FA-007;automation;event-trigger-precision;Event trigger: coincidencia y límites;single;precision;advanced;La expresión de coincidencia completa, compilada a partir de todos los campos del trigger (filtros de entidad, nombre del evento y Additional custom filter query), está limitada a 1.000 caracteres;https://docs.dynatrace.com/docs/analyze-explore-automate/workflows/build/trigger/event-trigger
FA-012;automation;event-trigger-precision;Event trigger: coincidencia y límites;single;troubleshooting;advanced;el evento que lo activó puede no estar persistido aún en Grail, y una task que lo busque con fetch events puede no encontrarlo;https://docs.dynatrace.com/docs/analyze-explore-automate/workflows/default-workflow-actions/dql-query-workflow-action
R-AUT-04;automation;event-trigger-precision;Event trigger: coincidencia y límites;single;practical;advanced;pasar el evento directamente a la consulta con `data` y `{{ event()|to_json }}`;https://docs.dynatrace.com/docs/analyze-explore-automate/workflows/default-workflow-actions/dql-query-workflow-action
R-AUT-10;automation;event-trigger-precision;Event trigger: coincidencia y límites;multiple;precision;intermediate;"puede escuchar events, bizevents, security.events y dt.system.events; logs y spans no están entre los tipos admitidos";https://docs.dynatrace.com/docs/analyze-explore-automate/workflows/build/trigger/event-trigger
R-AUT-23;automation;event-trigger-precision;Event trigger: coincidencia y límites;single;scenario;intermediate;usa Query past events para estimar cuántos eventos de tu entorno coinciden con el filtro;https://docs.dynatrace.com/docs/analyze-explore-automate/workflows/build/trigger/event-trigger
R-AUT-35;automation;execution-limits;Resultados, límites y observabilidad;single;troubleshooting;advanced;El resultado de cada action execution no puede superar 6 MB menos el tamaño de sus logs;https://docs.dynatrace.com/docs/analyze-explore-automate/workflows/running
R-AUT-36;automation;execution-limits;Resultados, límites y observabilidad;single;scenario;intermediate;Diseña outputs mínimos y útiles: IDs, estados, timestamps, enlaces o un resumen;https://docs.dynatrace.com/docs/platform/automationengine | https://docs.dynatrace.com/docs/analyze-explore-automate/workflows/running
R-AUT-43;automation;precision-facts;Hechos de precisión;single;scenario;intermediate;"Un workflow result inválido o mayor de 10 MB hace fallar la ejecución; los simple workflows no tienen workflow result";https://docs.dynatrace.com/docs/analyze-explore-automate/workflows/build/simple-workflow | https://docs.dynatrace.com/docs/analyze-explore-automate/workflows/running
R-AUT-44;automation;precision-facts;Hechos de precisión;single;precision;intermediate;storage:system:read para dt.system.events;https://docs.dynatrace.com/docs/analyze-explore-automate/workflows/build/trigger/event-trigger
R-AUT-45;automation;precision-facts;Hechos de precisión;single;scenario;intermediate;"Las tareas JavaScript permiten ejecutar lógica algorítmica compleja y consumir APIs REST externas; las tareas DQL consultan directamente Grail";https://docs.dynatrace.com/docs/analyze-explore-automate/workflows/default-workflow-actions/dql-query-workflow-action | https://docs.dynatrace.com/docs/analyze-explore-automate/workflows/default-workflow-actions/run-javascript-workflow-action
R-AUT-07;automation;safe-automation;Automatización segura;single;scenario;intermediate;"En HTTP Request no pongas un header Authorization estático, porque los valores de los headers son visibles para quien accede al workflow; usa Authentication Basic o Token con credenciales del vault";https://docs.dynatrace.com/docs/analyze-explore-automate/workflows/default-workflow-actions/http-request-workflow-action
R-AUT-21;automation;safe-automation;Automatización segura;single;troubleshooting;intermediate;la documentación de schedules recomienda escalonar unos minutos sus horas de inicio para evitar ráfagas de peticiones;https://docs.dynatrace.com/docs/analyze-explore-automate/workflows/build/trigger/schedules
R-AUT-22;automation;safe-automation;Automatización segura;single;scenario;advanced;los resultados de ejecución son visibles para cualquiera con acceso de lectura al workflow;https://docs.dynatrace.com/docs/analyze-explore-automate/workflows/default-workflow-actions/run-javascript-workflow-action
G-145;automation;simple-workflow;Simple workflow y actions;single;knowledge;intermediate;no consume workflow hours directamente, aunque su ejecución puede consumir otras capacidades facturables;https://docs.dynatrace.com/docs/analyze-explore-automate/workflows/build/simple-workflow
G-156;automation;simple-workflow;Simple workflow y actions;single;precision;advanced;Una vez convertido no hay opción para volver atrás, aunque elimines lo añadido: hay que crear un workflow nuevo o restaurar una versión anterior desde version history;https://docs.dynatrace.com/docs/analyze-explore-automate/workflows/build/simple-workflow
R-AUT-09;automation;simple-workflow;Simple workflow y actions;multiple;precision;intermediate;Puede usar las actions disponibles excepto Run JavaScript, Run workflow y la action de aprobación manual;https://docs.dynatrace.com/docs/analyze-explore-automate/workflows/build/simple-workflow
R-AUT-25;automation;simple-workflow;Simple workflow y actions;multiple;precision;intermediate;usar task conditions (como una custom condition), usar task options (como Retry on error);https://docs.dynatrace.com/docs/analyze-explore-automate/workflows/build/simple-workflow
FA-008;automation;sup-dql-js-actions;Execute DQL Query y Run JavaScript en detalle;single;scenario;advanced;Success significa que la consulta se ejecutó sin error, no que devolviera filas;https://docs.dynatrace.com/docs/analyze-explore-automate/workflows/default-workflow-actions/dql-query-workflow-action
FA-009;automation;sup-dql-js-actions;Execute DQL Query y Run JavaScript en detalle;single;scenario;intermediate;Fail on empty result hace fallar la task si no hay records, de modo que una rama con condición de estado error puede reaccionar;https://docs.dynatrace.com/docs/analyze-explore-automate/workflows/default-workflow-actions/dql-query-workflow-action | https://docs.dynatrace.com/docs/analyze-explore-automate/workflows/build
FA-010;automation;sup-dql-js-actions;Execute DQL Query y Run JavaScript en detalle;single;scenario;advanced;"la action usa UTC si no se configura Timezone (Notebooks y Dashboards aplican automáticamente la zona horaria del navegador o la configurada en user settings; la action no tiene acceso a user settings), y las anclas de calendario como -1M@M se evalúan en esa zona";https://docs.dynatrace.com/docs/analyze-explore-automate/workflows/default-workflow-actions/dql-query-workflow-action
FA-011;automation;sup-dql-js-actions;Execute DQL Query y Run JavaScript en detalle;single;precision;intermediate;Si la consulta no fija timeframe, se usan las últimas 2 horas;https://docs.dynatrace.com/docs/analyze-explore-automate/workflows/default-workflow-actions/dql-query-workflow-action
FA-013;automation;sup-dql-js-actions;Execute DQL Query y Run JavaScript en detalle;single;precision;intermediate;records (las filas), types (el esquema) y metadata (detalles de ejecución;https://docs.dynatrace.com/docs/analyze-explore-automate/workflows/default-workflow-actions/dql-query-workflow-action
FA-014;automation;sup-dql-js-actions;Execute DQL Query y Run JavaScript en detalle;single;scenario;advanced;Ese runtime no tiene contexto de app ni de navegador, así que los paquetes SDK que lo necesitan no funcionan;https://docs.dynatrace.com/docs/analyze-explore-automate/workflows/default-workflow-actions/run-javascript-workflow-action
FA-015;automation;sup-dql-js-actions;Execute DQL Query y Run JavaScript en detalle;single;precision;intermediate;debe exportar por defecto una función async (export default async function);https://docs.dynatrace.com/docs/analyze-explore-automate/workflows/default-workflow-actions/run-javascript-workflow-action
FA-017;automation;sup-dql-js-actions;Execute DQL Query y Run JavaScript en detalle;single;precision;advanced;Límites: 120 segundos de timeout del runtime, 256 MB de RAM y 6 MB de resultado de la task;https://docs.dynatrace.com/docs/analyze-explore-automate/workflows/default-workflow-actions/run-javascript-workflow-action
G-146;automation;sup-dql-js-actions;Execute DQL Query y Run JavaScript en detalle;single;precision;advanced;"los resultados de tasks previas se leen con `await result(""task"")` de @dynatrace-sdk/automation-utils";https://docs.dynatrace.com/docs/analyze-explore-automate/workflows/default-workflow-actions/run-javascript-workflow-action
R-AUT-06;automation;sup-dql-js-actions;Execute DQL Query y Run JavaScript en detalle;single;practical;intermediate;Para marcarla como fallida y activar una rama de error, el script debe lanzar una excepción no gestionada (throw new Error());https://docs.dynatrace.com/docs/analyze-explore-automate/workflows/default-workflow-actions/run-javascript-workflow-action
R-AUT-12;automation;sup-dql-js-actions;Execute DQL Query y Run JavaScript en detalle;multiple;precision;intermediate;Execute DQL Query admite cuatro campos: DQL query, Filter segment, Timezone y Fail on empty result;https://docs.dynatrace.com/docs/analyze-explore-automate/workflows/default-workflow-actions/dql-query-workflow-action | https://docs.dynatrace.com/docs/analyze-explore-automate/workflows/running
R-AUT-13;automation;sup-dql-js-actions;Execute DQL Query y Run JavaScript en detalle;multiple;precision;advanced;Límites: 120 segundos de timeout del runtime, 256 MB de RAM y 6 MB de resultado de la task;https://docs.dynatrace.com/docs/analyze-explore-automate/workflows/default-workflow-actions/run-javascript-workflow-action | https://docs.dynatrace.com/docs/analyze-explore-automate/workflows/build
D-031;automation;sup-execution-control;Cancelar, repetir y conservar ejecuciones;single;precision;intermediate;La información de ejecución de workflow, tasks y actions se conserva 30 días desde el inicio de la ejecución;https://docs.dynatrace.com/docs/analyze-explore-automate/workflows/running
FA-018;automation;sup-execution-control;Cancelar, repetir y conservar ejecuciones;single;precision;advanced;debe evaluarse a JSON válido y no superar 10 MB, o la ejecución falla;https://docs.dynatrace.com/docs/analyze-explore-automate/workflows/running
R-AUT-14;automation;sup-execution-control;Cancelar, repetir y conservar ejecuciones;single;scenario;advanced;Cancel task deja terminar la iteración en curso y la task finaliza en Canceled;https://docs.dynatrace.com/docs/analyze-explore-automate/workflows/running
R-AUT-15;automation;sup-execution-control;Cancelar, repetir y conservar ejecuciones;single;troubleshooting;intermediate;Rerun repite una ejecución con el input y los parámetros originales;https://docs.dynatrace.com/docs/analyze-explore-automate/workflows/running
FA-020;automation;sup-http-run-workflow;HTTP Request y Run workflow;single;scenario;advanced;El actor del workflow padre necesita automation:workflows:run y acceso al workflow seleccionado;https://docs.dynatrace.com/docs/analyze-explore-automate/workflows/default-workflow-actions/run-workflow-action | https://docs.dynatrace.com/docs/analyze-explore-automate/workflows/security
FA-021;automation;sup-http-run-workflow;HTTP Request y Run workflow;single;scenario;advanced;excluye los simple workflows y los que solo existen como draft;https://docs.dynatrace.com/docs/analyze-explore-automate/workflows/default-workflow-actions/run-workflow-action
G-152;automation;sup-http-run-workflow;HTTP Request y Run workflow;single;practical;advanced;El input de la task se fusiona con el input por defecto del sub-workflow, que lo lee con input();https://docs.dynatrace.com/docs/analyze-explore-automate/workflows/default-workflow-actions/run-workflow-action
R-AUT-08;automation;sup-http-run-workflow;HTTP Request y Run workflow;multiple;precision;intermediate;Su resultado incluye status_code, body, headers y, si la respuesta es JSON, json con el contenido ya parseado;https://docs.dynatrace.com/docs/analyze-explore-automate/workflows/default-workflow-actions/http-request-workflow-action
R-AUT-26;automation;sup-http-run-workflow;HTTP Request y Run workflow;single;scenario;advanced;No se permiten recursiones directas ni indirectas de ejecuciones (A invoca a B y B invoca a A);https://docs.dynatrace.com/docs/analyze-explore-automate/workflows/default-workflow-actions/run-workflow-action
R-AUT-28;automation;sup-http-run-workflow;HTTP Request y Run workflow;single;troubleshooting;intermediate;desactiva la opción de fallar según códigos de respuesta HTTP o define qué códigos deben hacer fallar la task;https://docs.dynatrace.com/docs/analyze-explore-automate/workflows/default-workflow-actions/http-request-workflow-action
E-043;automation;sup-problem-davis-triggers;Problem trigger y Davis event trigger;single;scenario;intermediate;Si quieres una ejecución por incidente correlacionado, y no una por cada anomalía, usa Problem trigger;https://docs.dynatrace.com/docs/analyze-explore-automate/workflows/build/trigger/event-trigger
FA-001;automation;sup-problem-davis-triggers;Problem trigger y Davis event trigger;single;scenario;intermediate;active or closed para reaccionar a la apertura y al cierre;https://docs.dynatrace.com/docs/analyze-explore-automate/workflows/build/trigger/event-trigger
FA-002;automation;sup-problem-davis-triggers;Problem trigger y Davis event trigger;single;scenario;advanced;Wait for root cause analysis, con el que el trigger arranca solo cuando Dynatrace Intelligence ha completado el root cause analysis del Problem;https://docs.dynatrace.com/docs/analyze-explore-automate/workflows/build/trigger/event-trigger | https://docs.dynatrace.com/docs/analyze-explore-automate/workflows/build
R-AUT-16;automation;sup-problem-davis-triggers;Problem trigger y Davis event trigger;single;scenario;intermediate;Minimum duration, que pospone el trigger hasta que el Problem lleva abierto el tiempo elegido;https://docs.dynatrace.com/docs/analyze-explore-automate/workflows/build/trigger/event-trigger | https://docs.dynatrace.com/docs/analyze-explore-automate/workflows/build
R-AUT-17;automation;sup-problem-davis-triggers;Problem trigger y Davis event trigger;single;scenario;advanced;Updates, que vuelve a disparar el workflow cuando cambia el valor de un campo seleccionado, por ejemplo severity o affected entities;https://docs.dynatrace.com/docs/analyze-explore-automate/workflows/build/trigger/event-trigger | https://docs.dynatrace.com/docs/analyze-explore-automate/workflows/concepts
R-AUT-20;automation;sup-problem-davis-triggers;Problem trigger y Davis event trigger;single;practical;advanced;`{{ problem_link() }}` devuelve la URL del Problem en la app Problems;https://docs.dynatrace.com/docs/analyze-explore-automate/workflows/reference
B-058;automation;sup-schedule-triggers;Schedule triggers: Fixed time, Time interval y cron;single;troubleshooting;intermediate;Las expresiones Quartz de seis campos y el comodín ? no están soportados;https://docs.dynatrace.com/docs/analyze-explore-automate/workflows/build/trigger/schedules
G-155;automation;sup-schedule-triggers;Schedule triggers: Fixed time, Time interval y cron;single;troubleshooting;advanced;La zona horaria se indica en formato IANA (por ejemplo, Asia/Tokyo o Europe/Madrid) y es UTC por defecto;https://docs.dynatrace.com/docs/analyze-explore-automate/workflows/build/trigger/schedules
R-AUT-01;automation;sup-schedule-triggers;Schedule triggers: Fixed time, Time interval y cron;single;scenario;intermediate;admite Active hours para limitarla a una franja diaria, por ejemplo de 08:00 a 18:00;https://docs.dynatrace.com/docs/analyze-explore-automate/workflows/build/trigger/schedules
R-AUT-02;automation;sup-schedule-triggers;Schedule triggers: Fixed time, Time interval y cron;single;troubleshooting;intermediate;con un intervalo de 1 a 720 minutos (12 horas);https://docs.dynatrace.com/docs/analyze-explore-automate/workflows/build/trigger/schedules | https://docs.dynatrace.com/docs/analyze-explore-automate/workflows/concepts
R-AUT-03;automation;sup-schedule-triggers;Schedule triggers: Fixed time, Time interval y cron;single;scenario;intermediate;Para saltar festivos se añaden al business calendar, sin modificar la programación principal;https://docs.dynatrace.com/docs/analyze-explore-automate/workflows/build/trigger/schedules
D-029;automation;sup-task-options;Task conditions y task options;single;precision;advanced;Con reintentos hay una única task execution con una action execution por intento;https://docs.dynatrace.com/docs/analyze-explore-automate/workflows/running
D-030;automation;sup-task-options;Task conditions y task options;single;scenario;advanced;El timeout cubre todos los intentos: la task falla en cuanto vence, aunque una action en curso termine después;https://docs.dynatrace.com/docs/analyze-explore-automate/workflows/running
D-032;automation;sup-task-options;Task conditions y task options;single;scenario;advanced;La opción por defecto es success or skipped (la predecesora terminó bien o se omitió);https://docs.dynatrace.com/docs/analyze-explore-automate/workflows/build
E-046;automation;sup-task-options;Task conditions y task options;single;scenario;advanced;Cada iteración crea una action execution y la task falla si falla cualquier iteración;https://docs.dynatrace.com/docs/analyze-explore-automate/workflows/running | https://docs.dynatrace.com/docs/analyze-explore-automate/workflows/build
FA-019;automation;sup-task-options;Task conditions y task options;single;scenario;advanced;Skip omite la task (estado Skipped) y continúa con las siguientes;https://docs.dynatrace.com/docs/analyze-explore-automate/workflows/running | https://docs.dynatrace.com/docs/analyze-explore-automate/workflows/build
G-158;automation;sup-task-options;Task conditions y task options;single;precision;intermediate;Retry on error reintenta la task con Number of retries (2 por defecto) y Delay between retries (30 segundos por defecto);https://docs.dynatrace.com/docs/analyze-explore-automate/workflows/build
R-AUT-18;automation;sup-task-options;Task conditions y task options;single;troubleshooting;advanced;El timeout de la task es de 60 minutos por defecto y puede ampliarse hasta 7 días;https://docs.dynatrace.com/docs/analyze-explore-automate/workflows/build | https://docs.dynatrace.com/docs/analyze-explore-automate/workflows/running
R-AUT-19;automation;sup-task-options;Task conditions y task options;single;practical;intermediate;el elemento actual se referencia con `{{ _.<item variable name> }}`, por ejemplo `{{ _.host }}`;https://docs.dynatrace.com/docs/analyze-explore-automate/workflows/build | https://docs.dynatrace.com/docs/analyze-explore-automate/workflows/reference
R-AUT-24;automation;sup-task-options;Task conditions y task options;single;practical;intermediate;Wait before retrasa el inicio de la task (0 segundos por defecto, máximo 86.400 segundos, admite expresiones);https://docs.dynatrace.com/docs/analyze-explore-automate/workflows/build | https://docs.dynatrace.com/docs/analyze-explore-automate/workflows/default-workflow-actions/dql-query-workflow-action | https://docs.dynatrace.com/docs/analyze-explore-automate/workflows/build/trigger/event-trigger
A-058;automation;sup-workflow-permissions;Permisos de Workflows, visibilidad y autorización;multiple;troubleshooting;advanced;Un 403 en una task apunta a dos comprobaciones: que el actor tenga el permiso (por ejemplo, lectura de eventos) y que AutomationEngine esté autorizado a usarlo;https://docs.dynatrace.com/docs/analyze-explore-automate/workflows/security
B-064;automation;sup-workflow-permissions;Permisos de Workflows, visibilidad y autorización;single;scenario;advanced;El acceso a una ejecución depende de la propiedad y la visibilidad que tenía el workflow cuando comenzó la ejecución;https://docs.dynatrace.com/docs/analyze-explore-automate/workflows/security
C-032;automation;sup-workflow-permissions;Permisos de Workflows, visibilidad y autorización;single;precision;intermediate;"La condición automation:workflow-type = ""SIMPLE"" limita write a workflows de un trigger y una task";https://docs.dynatrace.com/docs/analyze-explore-automate/workflows/security
G-142;automation;sup-workflow-permissions;Permisos de Workflows, visibilidad y autorización;single;scenario;intermediate;automation:workflows:write, crear, actualizar y borrar workflows, incluida la configuración de schedules y Event triggers;https://docs.dynatrace.com/docs/analyze-explore-automate/workflows/security
G-154;automation;sup-workflow-permissions;Permisos de Workflows, visibilidad y autorización;single;scenario;advanced;Dynatrace pide autorizar a AutomationEngine a ejecutar workflows en tu nombre (Allow and run);https://docs.dynatrace.com/docs/analyze-explore-automate/workflows/quickstart | https://docs.dynatrace.com/docs/analyze-explore-automate/workflows/security
R-AUT-11;automation;sup-workflow-permissions;Permisos de Workflows, visibilidad y autorización;multiple;scenario;intermediate;"automation:workflows:read permite ver workflows; automation:workflows:write, crear, actualizar y borrar workflows, incluida la configuración de schedules y Event triggers; automation:workflows:run, ejecutarlos manualmente desde la UI o por API";https://docs.dynatrace.com/docs/analyze-explore-automate/workflows/security
R-AUT-29;automation;sup-workflow-permissions;Permisos de Workflows, visibilidad y autorización;single;troubleshooting;intermediate;Por defecto un workflow es private: solo el owner puede verlo, gestionarlo y ejecutarlo. Para compartirlo, el owner lo hace public (visible para usuarios con permisos de Workflows) o transfiere la propiedad a otro usuario o a un grupo;https://docs.dynatrace.com/docs/analyze-explore-automate/workflows/security
R-AUT-30;automation;sup-workflow-permissions;Permisos de Workflows, visibilidad y autorización;single;scenario;intermediate;automation:workflows:admin da acceso a todos los workflows y ejecuciones del entorno y permite gestionar los de owners que ya no están disponibles;https://docs.dynatrace.com/docs/analyze-explore-automate/workflows/security
B-057;automation;triggers;Triggers: on-demand, event y schedule;single;precision;advanced;Un workflow guardado con Schedule trigger que nunca se ha desplegado no se ejecuta por horario: falta hacer Deploy;https://docs.dynatrace.com/docs/analyze-explore-automate/workflows/build/trigger
B-059;automation;triggers;Triggers: on-demand, event y schedule;single;scenario;intermediate;El input enviado en la llamada se fusiona con el input por defecto del workflow y las tasks lo leen con la expresión input();https://docs.dynatrace.com/docs/analyze-explore-automate/workflows/build/trigger
C-030;automation;triggers;Triggers: on-demand, event y schedule;single;scenario;intermediate;Event arranca cuando se ingiere en OpenPipeline un evento que coincide con el trigger;https://docs.dynatrace.com/docs/analyze-explore-automate/workflows/build/trigger
C-031;automation;triggers;Triggers: on-demand, event y schedule;single;precision;advanced;Una llamada API puede iniciar siempre un workflow live, sea cual sea su trigger (Schedule, Event u On demand);https://docs.dynatrace.com/docs/analyze-explore-automate/workflows/build/trigger
G-151;automation;triggers;Triggers: on-demand, event y schedule;single;knowledge;intermediate;Para detener los arranques automáticos sin perder el trabajo puedes hacer undeploy: el workflow vuelve a quedar solo como draft;https://docs.dynatrace.com/docs/analyze-explore-automate/workflows/concepts | https://docs.dynatrace.com/docs/analyze-explore-automate/workflows/build/trigger | https://docs.dynatrace.com/docs/analyze-explore-automate/workflows/manage-workflows/workflows-versioning
A-060;automation;workflow-model;Anatomía de un Workflow;single;scenario;intermediate;AutomationEngine no está pensado para ingestión ni exportación masiva de datos;https://docs.dynatrace.com/docs/platform/automationengine
R-ING-29;ingestion;data-path;El camino completo del dato;single;troubleshooting;intermediate;HTTP 204 significa éxito completo (la petición se aceptó y no tiene cuerpo de respuesta) y HTTP 200 significa ingesta parcial;https://docs.dynatrace.com/docs/dynatrace-api/environment-api/log-monitoring-v2/post-ingest-logs | https://docs.dynatrace.com/docs/analyze-explore-automate/logs/lma-limits | https://docs.dynatrace.com/docs/platform/openpipeline/concepts/processing
R-ING-30;ingestion;data-path;El camino completo del dato;multiple;troubleshooting;intermediate;un processor Drop record cuyo matcher coincide lo descarta antes del almacenamiento, y para consultar logs hacen falta dos permisos, storage:buckets:read sobre el bucket y storage:logs:read sobre la tabla;https://docs.dynatrace.com/docs/platform/openpipeline/concepts/processing | https://docs.dynatrace.com/docs/platform/grail/organize-data/assign-permissions-in-grail | https://docs.dynatrace.com/docs/analyze-explore-automate/logs/lma-log-ingestion/lma-log-ingestion-via-api | https://docs.dynatrace.com/docs/analyze-explore-automate/logs/lma-limits
R-ING-11;ingestion;deep-activegate-integrations;ActiveGate, cloud y VMware;single;scenario;intermediate;Basta con un usuario con acceso de solo lectura a vCenter: no se requieren privilegios de administrador.;https://docs.dynatrace.com/docs/observe/infrastructure-observability/vmware-vsphere-monitoring
R-ING-12;ingestion;deep-activegate-integrations;ActiveGate, cloud y VMware;multiple;knowledge;intermediate;"El ActiveGate recoge los datos de la capa de virtualización (CPU, memoria, almacenamiento, migraciones vMotion y nuevas VM) y los envía a Dynatrace; OneAgent instalado en cada VM aporta la visibilidad del sistema operativo y de los procesos.";https://docs.dynatrace.com/docs/observe/infrastructure-observability/vmware-vsphere-monitoring
R-ING-23;ingestion;deep-activegate-integrations;ActiveGate, cloud y VMware;single;scenario;intermediate;"La monitorización de la capa de gestión de virtualización está soportada para VMware; con otros hipervisores se usa OneAgent en los hosts.";https://docs.dynatrace.com/docs/observe/infrastructure-observability/vmware-vsphere-monitoring
R-ING-47;ingestion;deep-ingestion-governance;Buckets, retención, seguridad y coste;single;precision;advanced;"Los fieldsets predefinidos solo se aplican a spans, user.events y user.sessions; para ocultar campos de logs se crea un fieldset custom por REST API";https://docs.dynatrace.com/docs/platform/grail/organize-data/assign-permissions-in-grail
R-ING-48;ingestion;deep-ingestion-governance;Buckets, retención, seguridad y coste;single;scenario;advanced;"la política ALLOW storage:logs:read WHERE storage:dt.security_context=""TeamA""; limita al equipo A a sus propios registros";https://docs.dynatrace.com/docs/platform/grail/organize-data/assign-permissions-in-grail
R-ING-42;ingestion;deep-ingestion-lifecycle;El ciclo completo de ingestión y Log Ingest API;single;precision;advanced;"La Log ingestion API acepta por petición hasta 10 MB y 50.000 log records (un lote puede expandirse hasta 16 MB); si se supera, responde HTTP 413";https://docs.dynatrace.com/docs/analyze-explore-automate/logs/lma-limits
A-049;ingestion;deep-log-ingestion;Logs: OneAgent, API, ActiveGate y cloud;multiple;precision;intermediate;Forwarding de OpenPipeline no trae logs: va en sentido contrario y reenvía registros desde Dynatrace hacia cloud object storage;https://docs.dynatrace.com/docs/analyze-explore-automate/logs/lma-log-ingestion | https://docs.dynatrace.com/docs/analyze-explore-automate/logs/lma-log-ingestion/lma-log-ingestion-syslog | https://docs.dynatrace.com/docs/platform/openpipeline/concepts/forwarding
R-ING-43;ingestion;deep-openpipeline;OpenPipeline: ingest sources, routing, pipelines y storage;single;scenario;intermediate;Davis extrae un registro y lo reingesta como Davis event;https://docs.dynatrace.com/docs/platform/openpipeline/concepts/processing
R-ING-44;ingestion;deep-openpipeline;OpenPipeline: ingest sources, routing, pipelines y storage;single;precision;advanced;Dentro de la pipeline los stages tienen un orden fijo: Processing (parse con DPL, masking, drop…), Smartscape, Permission, Product/Cost allocation, Bucket assignment, Metric extraction, Davis y Data extraction;https://docs.dynatrace.com/docs/platform/openpipeline/concepts/processing
R-ING-45;ingestion;deep-otel-signals;OpenTelemetry para logs, métricas y traces;single;scenario;advanced;solo acepta traces (no metrics ni logs), por HTTP con Protocol Buffers binario (sin gRPC ni JSON), no admite compresión con Content-Encoding y, al ser local, no requiere autenticación;https://docs.dynatrace.com/docs/ingest-from/dynatrace-oneagent/oneagent-and-opentelemetry/oneagent-otel | https://docs.dynatrace.com/docs/ingest-from/opentelemetry/otlp-api
R-ING-46;ingestion;deep-otel-signals;OpenTelemetry para logs, métricas y traces;multiple;precision;intermediate;openTelemetryTrace.ingest para traces, metrics.ingest para metrics y logs.ingest para logs;https://docs.dynatrace.com/docs/ingest-from/opentelemetry/otlp-api
R-ING-36;ingestion;log-ingestion;Log ingestion y timestamps;single;troubleshooting;advanced;se usa la hora actual y el valor original se guarda en el atributo unparsed_timestamp;https://docs.dynatrace.com/docs/analyze-explore-automate/logs/lma-log-ingestion/lma-log-ingestion-via-api/lma-ingest-json-txt-logs | https://docs.dynatrace.com/docs/analyze-explore-automate/logs/lma-limits
R-ING-37;ingestion;log-ingestion;Log ingestion y timestamps;single;scenario;intermediate;Si el registro no contiene ninguna clave de timestamp reconocida, también se usa la hora actual;https://docs.dynatrace.com/docs/analyze-explore-automate/logs/lma-log-ingestion/lma-log-ingestion-via-api/lma-ingest-json-txt-logs
R-ING-34;ingestion;mechanisms;OneAgent, ActiveGate, OpenTelemetry y APIs;single;scenario;intermediate;un Environment ActiveGate actúa como proxy seguro y enruta el tráfico de OneAgent hacia Dynatrace;https://docs.dynatrace.com/docs/ingest-from/dynatrace-activegate | https://docs.dynatrace.com/docs/ingest-from/opentelemetry/otlp-api | https://docs.dynatrace.com/docs/platform/openpipeline/concepts/forwarding
R-ING-35;ingestion;mechanisms;OneAgent, ActiveGate, OpenTelemetry y APIs;multiple;precision;intermediate;las funciones serverless se monitorizan con la Dynatrace Lambda extension o con OpenTelemetry;https://docs.dynatrace.com/docs/ingest-from | https://docs.dynatrace.com/docs/analyze-explore-automate/logs/lma-log-ingestion/lma-log-ingestion-syslog | https://docs.dynatrace.com/docs/analyze-explore-automate/logs/lma-log-ingestion/lma-log-ingestion-via-oa/lma-log-storage-configuration
R-ING-38;ingestion;metric-ingestion;Métricas, dimensiones y cardinalidad;single;practical;intermediate;Un count exige el campo delta con el incremento desde el envío anterior, por ejemplo app.requests,service=checkout count,delta=37;https://docs.dynatrace.com/docs/ingest-from/extend-dynatrace/extend-metrics/reference/metric-ingestion-protocol
R-ING-39;ingestion;metric-ingestion;Métricas, dimensiones y cardinalidad;single;precision;advanced;resumen gauge,min=…,max=…,sum=…,count=…, donde count es el número de mediciones incluidas en el data point;https://docs.dynatrace.com/docs/ingest-from/extend-dynatrace/extend-metrics/reference/metric-ingestion-protocol
R-ING-40;ingestion;metric-ingestion;Métricas, dimensiones y cardinalidad;single;precision;intermediate;Cada línea admite hasta 50 dimensiones separadas por comas.;https://docs.dynatrace.com/docs/ingest-from/extend-dynatrace/extend-metrics/reference/metric-ingestion-protocol
R-ING-32;ingestion;openpipeline;OpenPipeline y reglas;single;knowledge;intermediate;los configuration scopes son tipos de datos (logs, events, spans, metrics…): cada uno tiene sus propias ingest sources, rutas y pipelines;https://docs.dynatrace.com/docs/platform/openpipeline/concepts/data-flow | https://docs.dynatrace.com/docs/platform/openpipeline/concepts/processing | https://docs.dynatrace.com/docs/analyze-explore-automate/logs/lma-log-ingestion/lma-log-ingestion-via-oa/lma-log-storage-configuration
R-ING-33;ingestion;openpipeline;OpenPipeline y reglas;single;troubleshooting;advanced;cada uno tiene sus propias ingest sources, rutas y pipelines;https://docs.dynatrace.com/docs/platform/openpipeline/concepts/data-flow | https://docs.dynatrace.com/docs/platform/openpipeline/concepts/processing
R-ING-49;ingestion;precision-facts;Hechos de precisión;single;precision;advanced;la API responde 400 si todos están fuera de rango y 200 si solo una parte;https://docs.dynatrace.com/docs/analyze-explore-automate/logs/lma-limits | https://docs.dynatrace.com/docs/dynatrace-api/environment-api/log-monitoring-v2/post-ingest-logs
R-ING-50;ingestion;precision-facts;Hechos de precisión;single;troubleshooting;intermediate;"El bucket determina retención y acceso; “default_logs” está indicado con 35 días";https://docs.dynatrace.com/docs/analyze-explore-automate/logs/lma-bucket-assignment
R-ING-51;ingestion;precision-facts;Hechos de precisión;single;troubleshooting;intermediate;"El parser no crea una fuente; solo estructura lo que ya llegó.";https://docs.dynatrace.com/docs/platform/openpipeline/concepts/processing | https://docs.dynatrace.com/docs/analyze-explore-automate/logs/lma-log-processing/lma-openpipeline | https://docs.dynatrace.com/docs/analyze-explore-automate/logs/lma-log-ingestion/lma-log-ingestion-via-oa/lma-log-storage-configuration
R-ING-08;ingestion;retention-storage;Buckets, retención y consulta;single;scenario;intermediate;para conservar más tiempo ciertos logs se crea un bucket custom y se asignan con un processor de la etapa Bucket assignment del pipeline;https://docs.dynatrace.com/docs/analyze-explore-automate/logs/lma-bucket-assignment
R-ING-27;ingestion;retention-storage;Buckets, retención y consulta;single;precision;intermediate;los buckets custom admiten retenciones de 10 días a 10 años;https://docs.dynatrace.com/docs/analyze-explore-automate/logs/lma-bucket-assignment
R-ING-31;ingestion;signals;Logs, metrics y traces;single;scenario;intermediate;con un processor de la etapa Processing de un pipeline de OpenPipeline, por ejemplo un processor DQL que parsee content y cree el campo status;https://docs.dynatrace.com/docs/platform/openpipeline/concepts/processing | https://docs.dynatrace.com/docs/platform/openpipeline/concepts/processing-stage | https://docs.dynatrace.com/docs/analyze-explore-automate/logs/lma-log-ingestion/lma-log-ingestion-via-oa/lma-log-storage-configuration
A-043;ingestion;sup-log-api-contract;Log ingestion API: contrato, respuestas y ActiveGate;single;scenario;intermediate;La Log ingestion API está pensada para cuando no se puede instalar OneAgent, por ejemplo en entornos serverless;https://docs.dynatrace.com/docs/analyze-explore-automate/logs/lma-log-ingestion
D-034;ingestion;sup-log-api-contract;Log ingestion API: contrato, respuestas y ActiveGate;single;precision;advanced;El ActiveGate sirve el endpoint, recoge los datos y los reenvía a Dynatrace en lotes.;https://docs.dynatrace.com/docs/analyze-explore-automate/logs/lma-log-ingestion/lma-log-ingestion-via-api
D-036;ingestion;sup-log-api-contract;Log ingestion API: contrato, respuestas y ActiveGate;multiple;precision;advanced;"Son retryable con exponential backoff 429 (Too Many Requests), 502, 503 y 504; 400 y 413 no lo son";https://docs.dynatrace.com/docs/dynatrace-api/environment-api/log-monitoring-v2/post-ingest-logs | https://docs.dynatrace.com/docs/analyze-explore-automate/logs/lma-log-ingestion/lma-log-ingestion-via-api
G-163;ingestion;sup-log-api-contract;Log ingestion API: contrato, respuestas y ActiveGate;single;precision;intermediate;Cada request admite hasta 10 MB de payload y 50.000 log records;https://docs.dynatrace.com/docs/analyze-explore-automate/logs/lma-limits
G-164;ingestion;sup-log-api-contract;Log ingestion API: contrato, respuestas y ActiveGate;single;precision;intermediate;Con un Classic access token (cabecera Authorization: Api-Token) el scope es logs.ingest;https://docs.dynatrace.com/docs/dynatrace-api/environment-api/log-monitoring-v2/post-ingest-logs | https://docs.dynatrace.com/docs/ingest-from/opentelemetry/otlp-api
G-169;ingestion;sup-log-api-contract;Log ingestion API: contrato, respuestas y ActiveGate;single;troubleshooting;advanced;Los registros con timestamp anterior a la hora actual menos 24 horas se descartan: si todos están fuera de rango la API responde 400 y si solo una parte, 200.;https://docs.dynatrace.com/docs/analyze-explore-automate/logs/lma-limits
R-ING-01;ingestion;sup-log-api-contract;Log ingestion API: contrato, respuestas y ActiveGate;single;troubleshooting;intermediate;400 y 413 no lo son: hay que corregir o dividir el lote;https://docs.dynatrace.com/docs/analyze-explore-automate/logs/lma-limits | https://docs.dynatrace.com/docs/dynatrace-api/environment-api/log-monitoring-v2/post-ingest-logs
R-ING-05;ingestion;sup-log-api-contract;Log ingestion API: contrato, respuestas y ActiveGate;single;scenario;advanced;Los registros con timestamp anterior a la hora actual menos 24 horas se descartan: si todos están fuera de rango la API responde 400 y si solo una parte, 200. Los registros con timestamp más de 10 minutos en el futuro se ingieren con el timestamp reseteado a la hora de ingesta.;https://docs.dynatrace.com/docs/analyze-explore-automate/logs/lma-limits
R-ING-14;ingestion;sup-log-api-contract;Log ingestion API: contrato, respuestas y ActiveGate;single;precision;intermediate;con un platform token (Bearer) u OAuth el scope es openpipeline:logs:ingest;https://docs.dynatrace.com/docs/dynatrace-api/environment-api/log-monitoring-v2/post-ingest-logs | https://docs.dynatrace.com/docs/analyze-explore-automate/logs/lma-log-ingestion/lma-log-ingestion-via-api
R-ING-15;ingestion;sup-log-api-contract;Log ingestion API: contrato, respuestas y ActiveGate;single;troubleshooting;advanced;"Si la cola en disco del ActiveGate se llena, responde 503 ""Usable space limit reached"", normalmente de forma temporal en picos de tráfico; si persiste, se aumenta disk_queue_max_size_mb";https://docs.dynatrace.com/docs/analyze-explore-automate/logs/lma-log-ingestion/lma-log-ingestion-via-api | https://docs.dynatrace.com/docs/dynatrace-api/environment-api/log-monitoring-v2/post-ingest-logs
R-ING-16;ingestion;sup-log-api-contract;Log ingestion API: contrato, respuestas y ActiveGate;single;troubleshooting;advanced;"la API admite todos los tipos de datos JSON para los valores de atributos desde SaaS 1.295+ o ActiveGate 1.295+; en los demás casos todos los valores ingeridos se convierten a string";https://docs.dynatrace.com/docs/analyze-explore-automate/logs/lma-log-ingestion/lma-log-ingestion-via-api
FI-016;ingestion;sup-oneagent-logs;OneAgent: autodiscovery, log ingest rules y Kubernetes;single;troubleshooting;advanced;Detectar un archivo no implica ingerirlo: que se almacene depende de las log ingest rules;https://docs.dynatrace.com/docs/analyze-explore-automate/logs/lma-log-ingestion/lma-log-ingestion-via-oa/lma-autodiscovery
FI-017;ingestion;sup-oneagent-logs;OneAgent: autodiscovery, log ingest rules y Kubernetes;single;scenario;advanced;Las log ingest rules se configuran en cuatro scopes, de mayor a menor prioridad: Host, Kubernetes cluster, Host group y Environment;https://docs.dynatrace.com/docs/analyze-explore-automate/logs/lma-log-ingestion/lma-log-ingestion-via-oa/lma-log-storage-configuration
G-173;ingestion;sup-oneagent-logs;OneAgent: autodiscovery, log ingest rules y Kubernetes;single;knowledge;intermediate;El autodiscovery detecta archivos de log abiertos por procesos en ejecución, ubicaciones conocidas (Windows Event Logs, /var/log/messages, /var/log/syslog);https://docs.dynatrace.com/docs/analyze-explore-automate/logs/lma-log-ingestion/lma-log-ingestion-via-oa/lma-autodiscovery
G-176;ingestion;sup-oneagent-logs;OneAgent: autodiscovery, log ingest rules y Kubernetes;single;precision;advanced;k8s.namespace.name, k8s.pod.name, k8s.container.name;https://docs.dynatrace.com/docs/analyze-explore-automate/logs/lma-log-ingestion/lma-log-ingestion-via-oa
R-ING-06;ingestion;sup-oneagent-logs;OneAgent: autodiscovery, log ingest rules y Kubernetes;single;troubleshooting;intermediate;se procesan de arriba abajo y, si una regla superior coincide, las inferiores se omiten;https://docs.dynatrace.com/docs/analyze-explore-automate/logs/lma-log-ingestion/lma-log-ingestion-via-oa/lma-log-storage-configuration
R-ING-17;ingestion;sup-oneagent-logs;OneAgent: autodiscovery, log ingest rules y Kubernetes;single;scenario;intermediate;para un archivo que no cumple los criterios del autodiscovery se define un custom log source;https://docs.dynatrace.com/docs/analyze-explore-automate/logs/lma-log-ingestion/lma-log-ingestion-via-oa/lma-autodiscovery
R-ING-19;ingestion;sup-oneagent-logs;OneAgent: autodiscovery, log ingest rules y Kubernetes;multiple;precision;intermediate;Las log ingest rules se configuran en cuatro scopes, de mayor a menor prioridad: Host, Kubernetes cluster, Host group y Environment;https://docs.dynatrace.com/docs/analyze-explore-automate/logs/lma-log-ingestion/lma-log-ingestion-via-oa/lma-log-storage-configuration
R-ING-20;ingestion;sup-oneagent-logs;OneAgent: autodiscovery, log ingest rules y Kubernetes;single;scenario;basic;En Kubernetes, el método recomendado es OneAgent desplegado con Dynatrace Operator, que enriquece los logs con topología y metadatos;https://docs.dynatrace.com/docs/analyze-explore-automate/logs/lma-log-ingestion/lma-log-ingestion-via-oa | https://docs.dynatrace.com/docs/analyze-explore-automate/logs/lma-log-ingestion
R-ING-22;ingestion;sup-oneagent-logs;OneAgent: autodiscovery, log ingest rules y Kubernetes;single;troubleshooting;intermediate;existe desde hace al menos un minuto, se ha escrito en los últimos 7 días;https://docs.dynatrace.com/docs/analyze-explore-automate/logs/lma-log-ingestion/lma-log-ingestion-via-oa/lma-autodiscovery | https://docs.dynatrace.com/docs/analyze-explore-automate/logs/lma-log-ingestion/lma-log-ingestion-via-oa/lma-log-storage-configuration
R-ING-26;ingestion;sup-oneagent-logs;OneAgent: autodiscovery, log ingest rules y Kubernetes;single;troubleshooting;advanced;Los matchers distinguen mayúsculas y minúsculas, salvo el atributo Log source en Windows;https://docs.dynatrace.com/docs/analyze-explore-automate/logs/lma-log-ingestion/lma-log-ingestion-via-oa/lma-log-storage-configuration | https://docs.dynatrace.com/docs/analyze-explore-automate/logs/lma-log-ingestion/lma-log-ingestion-via-oa/lma-autodiscovery
E-049;ingestion;sup-op-groups-access;Pipeline groups y owner-based access control;single;scenario;advanced;Las ready-made pipelines pueden actuar como base pipelines, y tanto las custom como las ready-made pueden ser member pipelines.;https://docs.dynatrace.com/docs/platform/openpipeline/concepts/processing | https://docs.dynatrace.com/docs/platform/openpipeline/concepts/pipeline-groups
FI-008;ingestion;sup-op-groups-access;Pipeline groups y owner-based access control;single;scenario;advanced;un administrador puede imponer que la etapa Permission de una base pipeline se ejecute antes que cualquier definición de los equipos;https://docs.dynatrace.com/docs/platform/openpipeline/concepts/pipeline-groups
FI-009;ingestion;sup-op-groups-access;Pipeline groups y owner-based access control;single;scenario;advanced;Para impedir que los miembros ejecuten una etapa, como Permission (que fija dt.security_context), se excluye de los member pipelines con memberStages;https://docs.dynatrace.com/docs/platform/openpipeline/concepts/pipeline-groups
FI-010;ingestion;sup-op-groups-access;Pipeline groups y owner-based access control;single;precision;advanced;Una pipeline pertenece a un solo pipeline group a la vez y los pipeline groups no pueden anidarse.;https://docs.dynatrace.com/docs/platform/openpipeline/concepts/pipeline-groups
FI-011;ingestion;sup-op-groups-access;Pipeline groups y owner-based access control;single;precision;advanced;Cuando una base pipeline y un member pipeline tienen la misma etapa activa, se ejecutan ambas;https://docs.dynatrace.com/docs/platform/openpipeline/concepts/pipeline-groups
FI-012;ingestion;sup-op-groups-access;Pipeline groups y owner-based access control;single;scenario;advanced;el owner debe compartir acceso de lectura o edición con usuarios o grupos concretos, y los administradores pueden acceder a cualquier configuración;https://docs.dynatrace.com/docs/platform/openpipeline/concepts/access-control
FI-013;ingestion;sup-op-groups-access;Pipeline groups y owner-based access control;multiple;precision;intermediate;"Las custom pipelines y las custom ingest sources usan owner-based access control; el routing no está sujeto a él.";https://docs.dynatrace.com/docs/platform/openpipeline/concepts/access-control
G-171;ingestion;sup-op-groups-access;Pipeline groups y owner-based access control;single;knowledge;intermediate;Los pipeline groups permiten gestionar la configuración de varios pipelines a la vez;https://docs.dynatrace.com/docs/platform/openpipeline/concepts/pipeline-groups
R-ING-21;ingestion;sup-op-groups-access;Pipeline groups y owner-based access control;single;scenario;intermediate;El owner puede transferir la propiedad a otro usuario o grupo en cualquier momento, sin intervención de un administrador.;https://docs.dynatrace.com/docs/platform/openpipeline/concepts/access-control
R-ING-28;ingestion;sup-op-groups-access;Pipeline groups y owner-based access control;single;scenario;advanced;las base pipelines situadas antes del placeholder se ejecutan primero, los member pipelines se ejecutan en la posición del placeholder y las base pipelines situadas después se ejecutan a continuación;https://docs.dynatrace.com/docs/platform/openpipeline/concepts/pipeline-groups
A-047;ingestion;sup-op-sources-routing;Ingest sources, routing y forwarding en OpenPipeline;single;troubleshooting;advanced;Los logs que una ruta dinámica envía a un pipeline custom no son procesados por el default pipeline;https://docs.dynatrace.com/docs/analyze-explore-automate/logs/lma-log-processing/lma-openpipeline
A-048;ingestion;sup-op-sources-routing;Ingest sources, routing y forwarding en OpenPipeline;single;scenario;basic;Si ninguna coincide, el registro sigue la Default route hacia el pipeline built-in (el default pipeline), que asegura su almacenamiento en Grail.;https://docs.dynatrace.com/docs/analyze-explore-automate/logs/lma-log-processing/lma-openpipeline
B-065;ingestion;sup-op-sources-routing;Ingest sources, routing y forwarding en OpenPipeline;single;precision;advanced;Con routing estático, los datos de la ingest source van a un pipeline concreto, que permanece fijo hasta que se cambie manualmente: no se evalúan rutas dinámicas ni se duplica el registro.;https://docs.dynatrace.com/docs/platform/openpipeline/concepts/data-flow
B-066;ingestion;sup-op-sources-routing;Ingest sources, routing y forwarding en OpenPipeline;single;scenario;advanced;la posición en la lista establece el orden de ejecución y el registro va al pipeline de la primera ruta que coincide;https://docs.dynatrace.com/docs/platform/openpipeline/concepts/data-flow
B-068;ingestion;sup-op-sources-routing;Ingest sources, routing y forwarding en OpenPipeline;single;precision;advanced;Las custom las crea el usuario, tienen pre-processing configurable;https://docs.dynatrace.com/docs/platform/openpipeline/concepts/data-flow
C-033;ingestion;sup-op-sources-routing;Ingest sources, routing y forwarding en OpenPipeline;single;precision;advanced;Las ready-made pertenecen a la extensión que las crea, son view-only para los usuarios (settings:read), no tienen pre-processing configurable y admiten routing estático y dinámico.;https://docs.dynatrace.com/docs/platform/openpipeline/concepts/data-flow
C-035;ingestion;sup-op-sources-routing;Ingest sources, routing y forwarding en OpenPipeline;single;scenario;advanced;Con routing dinámico, cada ruta tiene como condición de coincidencia una consulta DQL;https://docs.dynatrace.com/docs/platform/openpipeline/concepts/data-flow
C-036;ingestion;sup-op-sources-routing;Ingest sources, routing y forwarding en OpenPipeline;single;precision;advanced;El almacenamiento y la retención de los system events no son configurables.;https://docs.dynatrace.com/docs/platform/openpipeline/concepts/data-flow
FI-001;ingestion;sup-op-sources-routing;Ingest sources, routing y forwarding en OpenPipeline;single;scenario;intermediate;El flujo documentado es: ingest source → primary Grail tags → pre-processing (solo en custom ingest sources) → routing → pipeline → almacenamiento en un bucket de Grail;https://docs.dynatrace.com/docs/platform/openpipeline/concepts/data-flow
FI-002;ingestion;sup-op-sources-routing;Ingest sources, routing y forwarding en OpenPipeline;single;precision;advanced;Cada ingest source se define por un nombre y una ruta, y esa ruta se identifica con el atributo dt.openpipeline.source.;https://docs.dynatrace.com/docs/platform/openpipeline/concepts/data-flow
FI-003;ingestion;sup-op-sources-routing;Ingest sources, routing y forwarding en OpenPipeline;single;scenario;advanced;El pre-processing de una custom ingest source también precede al routing, así que puede normalizar estructuras distintas de varios proveedores antes de evaluar las rutas.;https://docs.dynatrace.com/docs/platform/openpipeline/concepts/data-flow
FI-005;ingestion;sup-op-sources-routing;Ingest sources, routing y forwarding en OpenPipeline;single;scenario;advanced;Las reglas de primary Grail tags se evalúan para cada registro elegible antes del pre-processing de la ingest source y del routing;https://docs.dynatrace.com/docs/platform/openpipeline/concepts/data-flow
FI-007;ingestion;sup-op-sources-routing;Ingest sources, routing y forwarding en OpenPipeline;single;troubleshooting;advanced;los campos que crea la etapa Processing de un pipeline todavía no existen cuando se evalúa el routing;https://docs.dynatrace.com/docs/platform/openpipeline/concepts/data-flow
FI-015;ingestion;sup-op-sources-routing;Ingest sources, routing y forwarding en OpenPipeline;single;scenario;advanced;puede reenviar registros sin procesar, inmediatamente después de la ingesta, o procesados, tras el procesamiento del pipeline;https://docs.dynatrace.com/docs/platform/openpipeline/concepts/forwarding
G-174;ingestion;sup-op-sources-routing;Ingest sources, routing y forwarding en OpenPipeline;single;knowledge;intermediate;mediante un Dynatrace AWS o Azure Connector: puede reenviar registros sin procesar, inmediatamente después de la ingesta, o procesados, tras el procesamiento del pipeline. Los registros pueden seguir almacenados en Grail;https://docs.dynatrace.com/docs/platform/openpipeline/concepts/forwarding
R-ING-10;ingestion;sup-op-sources-routing;Ingest sources, routing y forwarding en OpenPipeline;single;scenario;advanced;Las built-in pertenecen a OpenPipeline, son view-only, no tienen pre-processing configurable y solo admiten routing dinámico.;https://docs.dynatrace.com/docs/platform/openpipeline/concepts/data-flow
A-044;ingestion;sup-op-stages-processors;Stages y processors dentro de un pipeline;single;knowledge;intermediate;"El routing solo elige el pipeline; el bucket se decide en la etapa Bucket assignment con un processor y su matcher.";https://docs.dynatrace.com/docs/platform/openpipeline/concepts/processing
A-045;ingestion;sup-op-stages-processors;Stages y processors dentro de un pipeline;multiple;precision;advanced;Un processor combina un matcher, una sentencia DQL que delimita los registros objetivo, y una processing definition, que transforma o modifica los datos filtrados.;https://docs.dynatrace.com/docs/platform/openpipeline/concepts/processing
A-046;ingestion;sup-op-stages-processors;Stages y processors dentro de un pipeline;single;scenario;advanced;Para enmascarar un identificador sensible antes de almacenarlo, la transformación se hace en un processor de Processing.;https://docs.dynatrace.com/docs/platform/openpipeline/concepts/processing | https://docs.dynatrace.com/docs/platform/openpipeline/concepts/data-flow
B-070;ingestion;sup-op-stages-processors;Stages y processors dentro de un pipeline;single;scenario;advanced;la salida de cada processor es la entrada del siguiente, de modo que un processor posterior ve el registro ya transformado;https://docs.dynatrace.com/docs/platform/openpipeline/concepts/processing-stage
E-050;ingestion;sup-op-stages-processors;Stages y processors dentro de un pipeline;single;precision;advanced;la extensión define sus processors y los actualiza automáticamente cuando se actualiza;https://docs.dynatrace.com/docs/platform/openpipeline/concepts/processing
E-051;ingestion;sup-op-stages-processors;Stages y processors dentro de un pipeline;single;precision;advanced;Cada pipeline ejecuta sus stages en un orden fijo que no se puede alterar;https://docs.dynatrace.com/docs/platform/openpipeline/concepts/processing
E-053;ingestion;sup-op-stages-processors;Stages y processors dentro de un pipeline;single;precision;advanced;El procesamiento se basa en los registros disponibles y no tiene en cuenta el enriquecimiento desde servicios externos.;https://docs.dynatrace.com/docs/platform/openpipeline/concepts/processing
E-054;ingestion;sup-op-stages-processors;Stages y processors dentro de un pipeline;single;scenario;advanced;Para cuentas nuevas creadas desde septiembre de 2026, Classic pipeline no está disponible y los logs se procesan con OpenPipeline.;https://docs.dynatrace.com/docs/platform/openpipeline/concepts/processing
FI-014;ingestion;sup-op-stages-processors;Stages y processors dentro de un pipeline;single;scenario;advanced;Los campos con prefijo dt.temp. son temporales: están disponibles para los processors posteriores del mismo pipeline, se eliminan antes del almacenamiento;https://docs.dynatrace.com/docs/platform/openpipeline/concepts/processing
G-161;ingestion;sup-op-stages-processors;Stages y processors dentro de un pipeline;single;precision;advanced;Por eso Metric extraction se ejecuta después de Bucket assignment, y ambas después de Processing.;https://docs.dynatrace.com/docs/platform/openpipeline/concepts/processing
G-168;ingestion;sup-op-stages-processors;Stages y processors dentro de un pipeline;multiple;scenario;advanced;una log ingest rule Exclude impide que OneAgent los envíe, y un Drop record en Processing los elimina antes del almacenamiento;https://docs.dynatrace.com/docs/analyze-explore-automate/logs/lma-log-ingestion/lma-log-ingestion-via-oa/lma-log-storage-configuration | https://docs.dynatrace.com/docs/platform/openpipeline/concepts/processing-stage
G-177;ingestion;sup-op-stages-processors;Stages y processors dentro de un pipeline;single;precision;advanced;en Permission, Product allocation, Cost allocation y Bucket assignment solo se ejecuta el primer processor que coincide (first match only);https://docs.dynatrace.com/docs/platform/openpipeline/concepts/processing
G-178;ingestion;sup-op-stages-processors;Stages y processors dentro de un pipeline;single;knowledge;intermediate;Antes de guardar la configuración puedes seleccionar Run sample data para probarla con datos de ejemplo y ver el resultado.;https://docs.dynatrace.com/docs/analyze-explore-automate/logs/lma-log-processing/lma-openpipeline
R-ING-09;ingestion;sup-op-stages-processors;Stages y processors dentro de un pipeline;multiple;precision;advanced;en Permission, Product allocation, Cost allocation y Bucket assignment solo se ejecuta el primer processor que coincide;https://docs.dynatrace.com/docs/platform/openpipeline/concepts/processing
R-ING-18;ingestion;sup-op-stages-processors;Stages y processors dentro de un pipeline;multiple;precision;intermediate;"Drop record elimina los registros completos que cumplen el matcher, que no llegan a almacenarse en Grail; Remove fields quita campos concretos";https://docs.dynatrace.com/docs/platform/openpipeline/concepts/processing-stage
FI-019;ingestion;sup-otlp;OTLP en Dynatrace: endpoints, protocolo y correlación;single;scenario;advanced;la captura automática de user actions, el análisis de user journeys, Session Replay y la puntuación de Core Web Vitals no están especificados. Dynatrace recomienda combinar el backend instrumentado con OTel con RUM JavaScript;https://docs.dynatrace.com/docs/ingest-from/opentelemetry
G-170;ingestion;sup-otlp;OTLP en Dynatrace: endpoints, protocolo y correlación;single;troubleshooting;advanced;Los endpoints OTLP de Dynatrace solo aceptan HTTP con payload binario Protocol Buffers: gRPC no está soportado y JSON tampoco.;https://docs.dynatrace.com/docs/ingest-from/opentelemetry/otlp-api
G-179;ingestion;sup-otlp;OTLP en Dynatrace: endpoints, protocolo y correlación;single;knowledge;intermediate;El enlace frontend-backend usa W3C Trace Context;https://docs.dynatrace.com/docs/ingest-from/opentelemetry
R-ING-02;ingestion;sup-otlp;OTLP en Dynatrace: endpoints, protocolo y correlación;multiple;precision;intermediate;Exportación directa: OTLP sobre HTTP con Protocol Buffers binario y, con platform token, scope openpipeline:traces:ingest para trazas.;https://docs.dynatrace.com/docs/ingest-from/opentelemetry/otlp-api
R-ING-03;ingestion;sup-otlp;OTLP en Dynatrace: endpoints, protocolo y correlación;single;troubleshooting;advanced;en el Collector se usa el exporter otlphttp, porque el exporter otlp usa gRPC;https://docs.dynatrace.com/docs/ingest-from/opentelemetry/otlp-api
R-ING-04;ingestion;sup-otlp;OTLP en Dynatrace: endpoints, protocolo y correlación;single;troubleshooting;advanced;Dynatrace requiere delta temporality en las métricas OTLP: una suma monótona acumulativa se rechaza con UNSUPPORTED_METRIC_TYPE_MONOTONIC_CUMULATIVE_SUM;https://docs.dynatrace.com/docs/ingest-from/opentelemetry/troubleshooting
R-ING-13;ingestion;sup-otlp;OTLP en Dynatrace: endpoints, protocolo y correlación;single;troubleshooting;advanced;los Collectors y demás intermediarios deben reenviar sin cambios las cabeceras traceparent y tracestate;https://docs.dynatrace.com/docs/ingest-from/opentelemetry/troubleshooting | https://docs.dynatrace.com/docs/ingest-from/opentelemetry
R-ING-25;ingestion;sup-otlp;OTLP en Dynatrace: endpoints, protocolo y correlación;single;precision;advanced;a través de un Environment ActiveGate es https://{activegate}:9999/e/{environment-id}/api/v2/otlp;https://docs.dynatrace.com/docs/ingest-from/opentelemetry/otlp-api
G-165;ingestion;sup-syslog-cloud;Syslog en ActiveGate y logs de proveedores cloud;single;precision;advanced;Por defecto escucha en 514/UDP y 601/TCP (RFC 5424);https://docs.dynatrace.com/docs/analyze-explore-automate/logs/lma-log-ingestion/lma-log-ingestion-syslog
R-ING-07;ingestion;sup-syslog-cloud;Syslog en ActiveGate y logs de proveedores cloud;single;scenario;intermediate;"La ingesta de syslog la realiza un Environment ActiveGate 1.295+ en Linux mediante un OpenTelemetry Collector embebido; los ActiveGate multi-environment no admiten syslog.";https://docs.dynatrace.com/docs/analyze-explore-automate/logs/lma-log-ingestion/lma-log-ingestion-syslog
R-ING-24;ingestion;sup-syslog-cloud;Syslog en ActiveGate y logs de proveedores cloud;single;scenario;intermediate;en Azure, los logs se transmiten desde Azure Event Hubs mediante una Azure Function App;https://docs.dynatrace.com/docs/analyze-explore-automate/logs/lma-log-ingestion/lma-cloud-provider-log-forwarding | https://docs.dynatrace.com/docs/analyze-explore-automate/logs/lma-log-ingestion
R-ING-41;ingestion;trace-ingestion;Traces, spans y sampling;single;troubleshooting;advanced;la documentación recomienda ParentBasedSampler (o equivalente), de modo que el backend siga la decisión de muestreo del agente del frontend;https://docs.dynatrace.com/docs/ingest-from/opentelemetry/troubleshooting | https://docs.dynatrace.com/docs/ingest-from/opentelemetry/otlp-api
R-OTH-54;other;deep-cross-app-troubleshooting;Drilldowns y diagnóstico transversal;single;knowledge;intermediate;es el intent: un objeto mensaje que una app define para pasar el flujo del usuario a otra app junto con el contexto necesario;https://developer.dynatrace.com/develop/intents/ | https://docs.dynatrace.com/docs/manage/hub
R-OTH-49;other;deep-entities-query;Entidades y consulta con DQL (storage:entities:read);single;practical;intermediate;Consulta Classic de hosts que añade los IDs de las service instances que ejecutan (runs es la inversa de runs_on);https://docs.dynatrace.com/docs/platform/grail/querying-monitored-entities
R-OTH-50;other;deep-entities-query;Entidades y consulta con DQL (storage:entities:read);single;precision;intermediate;un pod (CLOUD_APPLICATION_INSTANCE en Classic) es el node type K8S_POD;https://docs.dynatrace.com/docs/platform/grail/smartscape-on-grail | https://docs.dynatrace.com/docs/semantic-dictionary/model/smartscape/core
R-OTH-51;other;deep-hub-extensions;Hub, apps y Extensions 2.0;single;knowledge;basic;Technical information (lo necesario para empezar, incluidos los permisos requeridos y los intents soportados);https://docs.dynatrace.com/docs/manage/hub
R-OTH-52;other;deep-hub-extensions;Hub, apps y Extensions 2.0;multiple;knowledge;intermediate;Contents (los dashboards, notebooks y workflow actions ya preparados que incluye la app);https://docs.dynatrace.com/docs/manage/hub
R-OTH-53;other;deep-hub-extensions;Hub, apps y Extensions 2.0;single;troubleshooting;advanced;Al actualizar una extensión, las personalizaciones de sus metric events (por ejemplo, umbrales) se restablecen a los valores por defecto.;https://docs.dynatrace.com/docs/ingest-from/extensions/manage-extensions
R-OTH-46;other;deep-log-investigation;Investigar logs sin perder el contexto;single;practical;intermediate;Una búsqueda textual puede encontrar el término, pero un filtro por campo es más preciso y suele ser más eficiente;https://docs.dynatrace.com/docs/platform/grail/dynatrace-query-language/commands/filtering-commands | https://docs.dynatrace.com/docs/platform/grail/dynatrace-query-language/dql-best-practices
R-OTH-47;other;deep-log-investigation;Investigar logs sin perder el contexto;multiple;knowledge;intermediate;en el comando parse de DQL, para extraer un campo en varios campos de salida, y en el procesamiento de logs, para remodelar los datos que llegan;https://docs.dynatrace.com/docs/platform/grail/dynatrace-pattern-language
R-OTH-48;other;deep-log-investigation;Investigar logs sin perder el contexto;single;practical;intermediate;fetch, después filter para reducir pronto los registros, después parse (solo sobre lo que queda) y sort al final;https://docs.dynatrace.com/docs/platform/grail/dynatrace-query-language/dql-best-practices
G-184;other;deep-smartscape-graph;Smartscape Classic: 5 tiers y entidades dt.entity.*;single;knowledge;intermediate;de la infraestructura a la experiencia de usuario el orden es Data centers → Hosts → Processes → Services → Applications;https://docs.dynatrace.com/docs/analyze-explore-automate/smartscape-classic
G-185;other;deep-smartscape-graph;Smartscape Classic: 5 tiers y entidades dt.entity.*;single;precision;advanced;El eje vertical muestra las dependencias full-stack entre tiers (por ejemplo, servicio → proceso → host) y el eje horizontal muestra las relaciones de llamada entrantes y salientes dentro de cada tier;https://docs.dynatrace.com/docs/analyze-explore-automate/smartscape-classic
G-199;other;deep-smartscape-graph;Smartscape Classic: 5 tiers y entidades dt.entity.*;single;knowledge;intermediate;en infraestructura virtual o cloud, nodos etiquetados como VMware data center, AWS Availability Zone o Azure region;https://docs.dynatrace.com/docs/analyze-explore-automate/smartscape-classic
R-OTH-11;other;dql-dpl;DQL, DPL y parsing;single;troubleshooting;advanced;parse no elimina ese registro: los campos extraídos quedan en null;https://docs.dynatrace.com/docs/platform/grail/dynatrace-query-language/commands/extraction-and-parsing-commands
R-OTH-34;other;entities;Niveles de entidad;single;scenario;intermediate;Process group instance · Ejecución concreta · ¿Qué instancia tiene el error?;https://docs.dynatrace.com/docs/observe/infrastructure-observability/process-groups | https://docs.dynatrace.com/docs/platform/grail/querying-monitored-entities
R-OTH-35;other;entities;Niveles de entidad;multiple;knowledge;basic;"Un host describe infraestructura. Un process group representa procesos relacionados; su process group instance es una ejecución concreta. Un service representa una función observable";https://docs.dynatrace.com/docs/semantic-dictionary/model/smartscape/core | https://docs.dynatrace.com/docs/observe/infrastructure-observability/process-groups
R-OTH-38;other;entity-model;Entity model e identificadores;single;precision;intermediate;aristas dinámicas SERVICE calls DB_INSTANCE_* y SERVICE calls DB_DATABASE_*, una por base de datos llamada y basadas en señales observadas;https://docs.dynatrace.com/docs/semantic-dictionary/model/smartscape/core
R-OTH-39;other;entity-model;Entity model e identificadores;single;practical;intermediate;la primera y la última observación se guardan en el campo lifetime, de tipo timeframe, con un inicio y un fin;https://docs.dynatrace.com/docs/platform/grail/querying-monitored-entities
R-OTH-36;other;hub-integrations;Hub, extensiones y lookups;single;troubleshooting;advanced;lookup solo añade el primer registro coincidente de la tabla de lookup;https://docs.dynatrace.com/docs/platform/grail/dynatrace-query-language/commands/correlation-and-join-commands
R-OTH-37;other;hub-integrations;Hub, extensiones y lookups;multiple;knowledge;basic;Dynatrace Hub cataloga apps, extensiones e integraciones;https://docs.dynatrace.com/docs/manage/hub
R-OTH-44;other;hub-verification;Verificar una integración del Hub;single;troubleshooting;intermediate;"la pestaña Health muestra la salud de la extensión por monitoring configuration; junto con los logs de la extensión es el primer sitio";https://docs.dynatrace.com/docs/ingest-from/extensions/manage-extensions | https://docs.dynatrace.com/docs/ingest-from/extensions/supported-extensions/data-sources/snmp
R-OTH-45;other;hub-verification;Verificar una integración del Hub;multiple;precision;advanced;extensions:configurations:read lee las monitoring configurations y extensions:configurations:write las crea y actualiza;https://docs.dynatrace.com/docs/ingest-from/extensions/manage-extensions | https://docs.dynatrace.com/docs/manage/hub
R-OTH-40;other;log-evidence;Logs: del mensaje a la evidencia;single;knowledge;basic;Si el campo no está parseado, la consulta debe partir de `content` o de la estructura real;https://docs.dynatrace.com/docs/semantic-dictionary/model/log
R-OTH-41;other;log-evidence;Logs: del mensaje a la evidencia;single;troubleshooting;intermediate;el bucket integrado default_logs conserva los logs 35 días;https://docs.dynatrace.com/docs/platform/grail/organize-data
R-OTH-31;other;logs;Investigación de logs;single;practical;intermediate;"Resultado: hasta 100 registros con ""timeout"", los más recientes primero; sin summarize no hay recuentos ni agrupación por servicio.";https://docs.dynatrace.com/docs/analyze-explore-automate/logs | https://docs.dynatrace.com/docs/platform/grail/dynatrace-query-language/functions/string-functions
R-OTH-32;other;logs;Investigación de logs;single;troubleshooting;advanced;su parámetro caseSensitive vale true por defecto;https://docs.dynatrace.com/docs/platform/grail/dynatrace-query-language/functions/string-functions | https://docs.dynatrace.com/docs/analyze-explore-automate/logs
R-OTH-33;other;logs;Investigación de logs;single;precision;advanced;dt.smartscape_source.id apunta a la fuente exacta que la originó;https://docs.dynatrace.com/docs/platform/grail/smartscape-on-grail
R-OTH-55;other;precision-facts;Hechos de precisión;single;precision;intermediate;Desde la versión 1.334 Dynatrace está en transición a Smartscape on Grail;https://docs.dynatrace.com/docs/platform/grail/querying-monitored-entities
R-OTH-56;other;precision-facts;Hechos de precisión;single;scenario;intermediate;"Las tablas consultan por record type y los buckets separan almacenamiento, retención, acceso y coste. · Leer ""logs"" no implica consultar solo un bucket";https://docs.dynatrace.com/docs/platform/grail/organize-data
R-OTH-57;other;precision-facts;Hechos de precisión;single;troubleshooting;intermediate;join genera una fila por coincidencia y puede multiplicar registros y distorsionar agregaciones;https://docs.dynatrace.com/docs/platform/grail/dynatrace-query-language/commands/correlation-and-join-commands
R-OTH-58;other;precision-facts;Hechos de precisión;single;precision;intermediate;Data centers → Hosts → Processes → Services → Applications (en el tier Processes cada nodo es un proceso);https://docs.dynatrace.com/docs/analyze-explore-automate/smartscape-classic
R-OTH-29;other;smartscape;Smartscape y topología;single;troubleshooting;advanced;SERVICE calls SERVICE es dinámica, así que si hoy no ha habido llamadas, una consulta de la última hora devuelve ambos nodos SERVICE pero no la arista calls;https://docs.dynatrace.com/docs/platform/grail/smartscape-on-grail | https://docs.dynatrace.com/docs/semantic-dictionary/model/smartscape/core
R-OTH-30;other;smartscape;Smartscape y topología;single;precision;intermediate;se conecta con los servicios que utiliza mediante la arista FRONTEND calls SERVICE;https://docs.dynatrace.com/docs/semantic-dictionary/model/smartscape/core
R-OTH-42;other;smartscape-diagnosis;Smartscape como hipótesis;single;scenario;intermediate;Una flecha es una hipótesis de relación observada, no una prueba de causalidad;https://docs.dynatrace.com/docs/semantic-dictionary/model/smartscape/core | https://docs.dynatrace.com/docs/platform/grail/smartscape-on-grail
R-OTH-43;other;smartscape-diagnosis;Smartscape como hipótesis;multiple;precision;advanced;HOST calls HOST y las aristas runs_on que parten de un SERVICE (SERVICE runs_on PROCESS, HOST, CONTAINER o K8S_POD);https://docs.dynatrace.com/docs/semantic-dictionary/model/smartscape/core | https://docs.dynatrace.com/docs/platform/grail/smartscape-on-grail
D-037;other;sup-classic-entities;Entidades Classic en DQL: fetch dt.entity.*, relaciones y límites;single;practical;advanced;fetch dt.entity.host devuelve por defecto el ID y el nombre de la entidad;https://docs.dynatrace.com/docs/platform/grail/querying-monitored-entities
D-038;other;sup-classic-entities;Entidades Classic en DQL: fetch dt.entity.*, relaciones y límites;single;scenario;advanced;primero hay que aplicar expand para obtener un registro por ID y después lookup;https://docs.dynatrace.com/docs/platform/grail/querying-monitored-entities
D-039;other;sup-classic-entities;Entidades Classic en DQL: fetch dt.entity.*, relaciones y límites;single;precision;advanced;"Las relaciones 1:n solo devuelven 100 entity IDs por tipo y por registro; si necesitas más, usa classicEntitySelector()";https://docs.dynatrace.com/docs/platform/grail/querying-monitored-entities
D-040;other;sup-classic-entities;Entidades Classic en DQL: fetch dt.entity.*, relaciones y límites;single;troubleshooting;advanced;Grail no aplica filtros de management zone: quien tiene storage:entities:read puede consultar todas las entidades;https://docs.dynatrace.com/docs/platform/grail/querying-monitored-entities
G-181;other;sup-classic-entities;Entidades Classic en DQL: fetch dt.entity.*, relaciones y límites;single;precision;basic;Consultar entidades Classic en Grail requiere el permiso storage:entities:read;https://docs.dynatrace.com/docs/platform/grail/querying-monitored-entities
G-183;other;sup-classic-entities;Entidades Classic en DQL: fetch dt.entity.*, relaciones y límites;single;precision;intermediate;dt.entity.service_instance tiene runs_on[dt.entity.host] y el host tiene runs[dt.entity.service_instance];https://docs.dynatrace.com/docs/platform/grail/querying-monitored-entities
G-186;other;sup-classic-entities;Entidades Classic en DQL: fetch dt.entity.*, relaciones y límites;single;scenario;intermediate;lookup sourceField:dt.entity.host, lookupField:id, [fetch dt.entity.host] añade a cada registro los campos del host cuyo id coincide;https://docs.dynatrace.com/docs/platform/grail/querying-monitored-entities | https://docs.dynatrace.com/docs/platform/grail/smartscape-on-grail
G-191;other;sup-classic-entities;Entidades Classic en DQL: fetch dt.entity.*, relaciones y límites;single;precision;advanced;dt.entity.process_group_instance tiene instance_of[dt.entity.process_group];https://docs.dynatrace.com/docs/platform/grail/querying-monitored-entities
G-198;other;sup-classic-entities;Entidades Classic en DQL: fetch dt.entity.*, relaciones y límites;single;precision;intermediate;"Un process group es un cluster lógico de procesos que realizan la misma función en varios hosts (por ejemplo, un clúster Tomcat); cada process group instance (dt.entity.process_group_instance) es la ejecución de ese grupo en un host concreto";https://docs.dynatrace.com/docs/platform/grail/querying-monitored-entities | https://docs.dynatrace.com/docs/semantic-dictionary/model/smartscape/core
R-OTH-15;other;sup-classic-entities;Entidades Classic en DQL: fetch dt.entity.*, relaciones y límites;single;practical;advanced;devuelve una fila por service instance con los campos del host en el que corre;https://docs.dynatrace.com/docs/platform/grail/querying-monitored-entities
R-OTH-23;other;sup-classic-entities;Entidades Classic en DQL: fetch dt.entity.*, relaciones y límites;multiple;precision;advanced;"isProcessOf → belongs_to / contains; calls → calls / called_by";https://docs.dynatrace.com/docs/platform/grail/querying-monitored-entities
G-188;other;sup-hub-extensions-setup;Hub y extensiones SNMP: permisos y pasos de configuración;single;scenario;intermediate;Para usar una extensión, primero se añade al entorno: Extensions > Discover, selecciona su tile y Add to environment. Después se crea su monitoring configuration;https://docs.dynatrace.com/docs/ingest-from/extensions/manage-extensions | https://docs.dynatrace.com/docs/ingest-from/extensions/supported-extensions/data-sources/snmp
G-195;other;sup-hub-extensions-setup;Hub y extensiones SNMP: permisos y pasos de configuración;single;scenario;intermediate;todos los ActiveGates de cada grupo designado deben poder conectarse a los dispositivos SNMP;https://docs.dynatrace.com/docs/ingest-from/extensions/supported-extensions/data-sources/snmp
R-OTH-13;other;sup-hub-extensions-setup;Hub y extensiones SNMP: permisos y pasos de configuración;single;troubleshooting;basic;Instalar apps desde Dynatrace Hub requiere el permiso app-engine:apps:install;https://docs.dynatrace.com/docs/manage/hub
R-OTH-14;other;sup-hub-extensions-setup;Hub y extensiones SNMP: permisos y pasos de configuración;multiple;knowledge;intermediate;"todas las apps instaladas desde Hub se actualizan automáticamente. Las apps son piezas autocontenidas basadas en AppEngine; las extensions (Extensions 2.0) incorporan métricas de forma declarativa desde fuentes propias y se gestionan en la Extensions app";https://docs.dynatrace.com/docs/manage/hub
R-OTH-07;other;sup-log-patterns;Surrounding logs y pattern analysis;single;troubleshooting;advanced;Si la consulta supera 50.000 registros o 100 MB se aplica sampling;https://docs.dynatrace.com/docs/analyze-explore-automate/logs/lma-logs-app/patterns
R-OTH-08;other;sup-log-patterns;Surrounding logs y pattern analysis;multiple;precision;advanced;el resultado no se reingiere ni se almacena. Si la consulta supera 50.000 registros o 100 MB se aplica sampling, y los patterns pequeños pueden quedar fuera. Los registros cuyo content supera 1.500 caracteres se excluyen;https://docs.dynatrace.com/docs/analyze-explore-automate/logs/lma-logs-app/patterns
R-OTH-09;other;sup-log-patterns;Surrounding logs y pattern analysis;single;scenario;intermediate;Si el registro tiene trace_id, verás otros registros con el mismo trace ID;https://docs.dynatrace.com/docs/analyze-explore-automate/logs/lma-logs-app/surrounding-logs
R-OTH-10;other;sup-log-patterns;Surrounding logs y pattern analysis;single;scenario;intermediate;Si no hay trace ID, se correlacionan los logs de la misma entidad de topología, por ejemplo el mismo host. Para ampliar, Run query for 15 logs before y Run query for 15 logs after;https://docs.dynatrace.com/docs/analyze-explore-automate/logs/lma-logs-app/surrounding-logs
R-OTH-24;other;sup-log-patterns;Surrounding logs y pattern analysis;single;practical;advanced;aplica un filtro por un Grail primary field o primary tag, acota el timeframe a 30 minutos y filtra un único status;https://docs.dynatrace.com/docs/analyze-explore-automate/logs/lma-logs-app/patterns
A-050;other;sup-logs-app;Logs app: permisos, facetas, filtros y continuidad;single;scenario;intermediate;Gracias a schema on read y DQL no hace falta decidir qué vas a consultar durante la ingesta;https://docs.dynatrace.com/docs/analyze-explore-automate/logs
B-080;other;sup-logs-app;Logs app: permisos, facetas, filtros y continuidad;single;scenario;advanced;DQL permite filtrar y agregar los logs de Grail (por ejemplo, contar errores por servicio con summarize count()) antes de abrir los registros;https://docs.dynatrace.com/docs/analyze-explore-automate/logs | https://docs.dynatrace.com/docs/analyze-explore-automate/logs/lma-logs-app
FT-019;other;sup-logs-app;Logs app: permisos, facetas, filtros y continuidad;single;scenario;advanced;varios valores de una misma faceta se combinan con OR y facetas distintas con AND;https://docs.dynatrace.com/docs/analyze-explore-automate/logs/lma-logs-app/facets
FT-020;other;sup-logs-app;Logs app: permisos, facetas, filtros y continuidad;single;precision;advanced;el símbolo ~ indica que Dynatrace usa sampling al leer los logs para mejorar la respuesta;https://docs.dynatrace.com/docs/analyze-explore-automate/logs/lma-logs-app/facets
FT-021;other;sup-logs-app;Logs app: permisos, facetas, filtros y continuidad;single;scenario;advanced;Los primary Grail tags aparecen en un grupo de facetas Primary tags (campos primary_tags.*);https://docs.dynatrace.com/docs/analyze-explore-automate/logs/lma-logs-app/facets
FT-022;other;sup-logs-app;Logs app: permisos, facetas, filtros y continuidad;single;precision;advanced;solo busca en los resultados ya devueltos y cargados en el navegador;https://docs.dynatrace.com/docs/analyze-explore-automate/logs/lma-logs-app/query-and-filter
FT-023;other;sup-logs-app;Logs app: permisos, facetas, filtros y continuidad;single;practical;advanced;"un atributo JSON anidado se escribe fieldname$.attributename = value, por ejemplo content$.loyalty_level = ""silver""";https://docs.dynatrace.com/docs/analyze-explore-automate/logs/lma-logs-app/query-and-filter
FT-024;other;sup-logs-app;Logs app: permisos, facetas, filtros y continuidad;single;troubleshooting;advanced;Las sugerencias de valores devuelven hasta 100 valores distintos por campo, del timeframe seleccionado (hasta las últimas 24 horas);https://docs.dynatrace.com/docs/analyze-explore-automate/logs/lma-logs-app/query-and-filter
G-194;other;sup-logs-app;Logs app: permisos, facetas, filtros y continuidad;single;scenario;intermediate;Desde los detalles de un registro puedes navegar a los hosts, clusters de Kubernetes y traces relacionados;https://docs.dynatrace.com/docs/analyze-explore-automate/logs/lma-logs-app
G-197;other;sup-logs-app;Logs app: permisos, facetas, filtros y continuidad;multiple;practical;intermediate;puedes continuar el análisis en Notebooks, Dashboards o Investigations, o automatizarlo con Workflows;https://docs.dynatrace.com/docs/analyze-explore-automate/logs/lma-logs-app
R-OTH-06;other;sup-logs-app;Logs app: permisos, facetas, filtros y continuidad;multiple;troubleshooting;intermediate;Necesita storage:logs:read y storage:buckets:read para leer logs;https://docs.dynatrace.com/docs/analyze-explore-automate/logs/lma-logs-app
R-OTH-25;other;sup-logs-app;Logs app: permisos, facetas, filtros y continuidad;single;troubleshooting;intermediate;la lista se refresca cada 24 horas, así que un tag configurado recientemente puede tardar en aparecer;https://docs.dynatrace.com/docs/analyze-explore-automate/logs/lma-logs-app/facets
R-OTH-26;other;sup-logs-app;Logs app: permisos, facetas, filtros y continuidad;single;scenario;intermediate;"son facetas ocultas por defecto, agrupadas por origen; puedes desocultarlas en la configuración de facetas";https://docs.dynatrace.com/docs/analyze-explore-automate/logs/lma-logs-app/facets
R-OTH-27;other;sup-logs-app;Logs app: permisos, facetas, filtros y continuidad;multiple;knowledge;intermediate;las sugerencias de facetas y filtros, la log distribution chart y la búsqueda en los resultados ya devueltos no tienen coste;https://docs.dynatrace.com/docs/analyze-explore-automate/logs/lma-logs-app | https://docs.dynatrace.com/docs/analyze-explore-automate/logs/lma-logs-app/surrounding-logs
C-038;other;sup-problem-graph;Problem graph: alcance de los Problems activos;single;scenario;advanced;Los Problems de alto impacto son los que afectan al mayor número de entidades;https://docs.dynatrace.com/docs/analyze-explore-automate/smartscape/smartscape-views/problem-graph
C-039;other;sup-problem-graph;Problem graph: alcance de los Problems activos;single;scenario;advanced;Los nodos afectados por varios Problems (problem-heavy nodes) concentran incidencias y ayudan a priorizar las áreas que requieren atención inmediata;https://docs.dynatrace.com/docs/analyze-explore-automate/smartscape/smartscape-views/problem-graph
C-040;other;sup-problem-graph;Problem graph: alcance de los Problems activos;single;scenario;advanced;selecciona uno o varios segmentos y verás solo los Problems y nodos del área de responsabilidad de tu equipo;https://docs.dynatrace.com/docs/analyze-explore-automate/smartscape/smartscape-views/problem-graph | https://docs.dynatrace.com/docs/analyze-explore-automate/smartscape/smartscape-concepts
FT-018;other;sup-problem-graph;Problem graph: alcance de los Problems activos;single;scenario;advanced;pero solo Problems con estado ACTIVE: los Problems CLOSED no aparecen en el grafo;https://docs.dynatrace.com/docs/analyze-explore-automate/smartscape/smartscape-views/problem-graph
G-190;other;sup-problem-graph;Problem graph: alcance de los Problems activos;single;precision;advanced;los related nodes son nodos de Smartscape conectados de forma indirecta que aportan contexto para el troubleshooting;https://docs.dynatrace.com/docs/analyze-explore-automate/smartscape/smartscape-views/problem-graph
B-075;other;sup-smartscape-app;App Smartscape: nodos, grupos, búsqueda, filtros y layouts;single;scenario;advanced;o un ID completo o parcial, como AWS_ELASTICACHE_USERGROUP-2759FE0518A12C3B;https://docs.dynatrace.com/docs/analyze-explore-automate/smartscape/smartscape-concepts
B-076;other;sup-smartscape-app;App Smartscape: nodos, grupos, búsqueda, filtros y layouts;single;scenario;advanced;Los filtros acotan la vista a los nodos, edges o problems relevantes sin modificar los datos;https://docs.dynatrace.com/docs/analyze-explore-automate/smartscape/smartscape-concepts | https://docs.dynatrace.com/docs/analyze-explore-automate/smartscape/smartscape-in-context-views/smartscape-view-topology
C-037;other;sup-smartscape-app;App Smartscape: nodos, grupos, búsqueda, filtros y layouts;single;precision;advanced;los groups son colecciones de nodos que comparten una característica o contexto común;https://docs.dynatrace.com/docs/analyze-explore-automate/smartscape/smartscape-concepts
FT-015;other;sup-smartscape-app;App Smartscape: nodos, grupos, búsqueda, filtros y layouts;single;scenario;advanced;el grupo source (izquierda) contiene las entidades que llaman o usan el trigger node y el grupo target (derecha), las entidades que el trigger node llama o usa;https://docs.dynatrace.com/docs/analyze-explore-automate/smartscape/smartscape-in-context-views/smartscape-view-topology
FT-017;other;sup-smartscape-app;App Smartscape: nodos, grupos, búsqueda, filtros y layouts;single;precision;advanced;Los nodos y edges de la app no siempre se corresponden 1:1 con los de Smartscape on Grail: las vistas pueden adaptar relaciones y enriquecerse con datos de otras fuentes;https://docs.dynatrace.com/docs/analyze-explore-automate/smartscape/smartscape-concepts
R-OTH-18;other;sup-smartscape-app;App Smartscape: nodos, grupos, búsqueda, filtros y layouts;multiple;knowledge;basic;La leyenda ofrece tres layouts: Force (distribución física que reparte las entidades para reducir solapes), Vertical (capas de arriba abajo) y Horizontal;https://docs.dynatrace.com/docs/analyze-explore-automate/smartscape/smartscape-concepts
R-OTH-19;other;sup-smartscape-app;App Smartscape: nodos, grupos, búsqueda, filtros y layouts;single;troubleshooting;intermediate;Las vistas de Smartscape solo muestran entidades nuevas de Smartscape on Grail: los entity types de Smartscape Classic no se muestran ni se soportan;https://docs.dynatrace.com/docs/analyze-explore-automate/smartscape/smartscape-views | https://docs.dynatrace.com/docs/semantic-dictionary/model/smartscape/core
R-OTH-20;other;sup-smartscape-app;App Smartscape: nodos, grupos, búsqueda, filtros y layouts;multiple;precision;advanced;Filter by edges usa las claves estándar source_id, source_type, target_id, target_type y type;https://docs.dynatrace.com/docs/analyze-explore-automate/smartscape/smartscape-concepts | https://docs.dynatrace.com/docs/platform/grail/dynatrace-query-language/commands/smartscape-commands
R-OTH-21;other;sup-smartscape-app;App Smartscape: nodos, grupos, búsqueda, filtros y layouts;single;troubleshooting;advanced;si el segmento filtra un grupo padre, no verás sus nodos hijos aunque el segmento no les afecte directamente;https://docs.dynatrace.com/docs/analyze-explore-automate/smartscape/smartscape-concepts
B-074;other;sup-smartscape-dql;Consultar la topología: smartscapeNodes, smartscapeEdges y traverse;single;precision;advanced;SERVICE calls SERVICE (dynamic), SERVICE runs_on PROCESS, HOST o CONTAINER, PROCESS runs_on HOST;https://docs.dynatrace.com/docs/semantic-dictionary/model/smartscape/core
E-055;other;sup-smartscape-dql;Consultar la topología: smartscapeNodes, smartscapeEdges y traverse;single;practical;advanced;"por ejemplo smartscapeNodes HOST; es el inicio equivalente al migrar una consulta fetch dt.entity.host de la vista Classic";https://docs.dynatrace.com/docs/platform/grail/smartscape-on-grail
R-OTH-01;other;sup-smartscape-dql;Consultar la topología: smartscapeNodes, smartscapeEdges y traverse;single;practical;intermediate;el filter se aplica a los servicios y el resultado son los IDs de los HOST en los que corren;https://docs.dynatrace.com/docs/platform/grail/smartscape-on-grail | https://docs.dynatrace.com/docs/platform/grail/dynatrace-query-language/commands/smartscape-commands
R-OTH-02;other;sup-smartscape-dql;Consultar la topología: smartscapeNodes, smartscapeEdges y traverse;single;practical;advanced;el name del contenedor de origen se recupera de dt.traverse.history[0] porque fieldsKeep: name lo conservó;https://docs.dynatrace.com/docs/platform/grail/dynatrace-query-language/commands/smartscape-commands
R-OTH-03;other;sup-smartscape-dql;Consultar la topología: smartscapeNodes, smartscapeEdges y traverse;multiple;precision;intermediate;"define node types como HOST, PROCESS, SERVICE, CONTAINER, DISK, FRONTEND, NETWORK_INTERFACE u OS_SERVICE; PROCESS_GROUP y PROCESS_GROUP_INSTANCE no son node types";https://docs.dynatrace.com/docs/semantic-dictionary/model/smartscape/core | https://docs.dynatrace.com/docs/platform/grail/smartscape-on-grail
R-OTH-04;other;sup-smartscape-dql;Consultar la topología: smartscapeNodes, smartscapeEdges y traverse;multiple;precision;advanced;SERVICE calls SERVICE (dynamic), SERVICE runs_on PROCESS, HOST o CONTAINER, PROCESS runs_on HOST, CONTAINER runs_on HOST;https://docs.dynatrace.com/docs/semantic-dictionary/model/smartscape/core
R-OTH-17;other;sup-smartscape-dql;Consultar la topología: smartscapeNodes, smartscapeEdges y traverse;single;scenario;advanced;cuenta aristas por tipo y tipo de destino, no nodos destino distintos;https://docs.dynatrace.com/docs/platform/grail/dynatrace-query-language/commands/smartscape-commands
R-OTH-22;other;sup-smartscape-dql;Consultar la topología: smartscapeNodes, smartscapeEdges y traverse;single;practical;advanced;La dirección por defecto es forward y la alternativa es backward. El resultado son los nodos destino;https://docs.dynatrace.com/docs/platform/grail/dynatrace-query-language/commands/smartscape-commands | https://docs.dynatrace.com/docs/semantic-dictionary/model/smartscape/core
FT-011;other;sup-smartscape-events;Smartscape events: upserts parciales y borrado con null;single;practical;advanced;solo los campos presentes en el evento entran en el upsert, así que un campo omitido conserva su valor anterior. Para borrar un campo de un nodo, inclúyelo en el evento con el valor null;https://docs.dynatrace.com/docs/platform/grail/smartscape-on-grail
FT-012;other;sup-smartscape-events;Smartscape events: upserts parciales y borrado con null;single;troubleshooting;advanced;cuando falta el tag de origen, el origen se resuelve a null y el upsert escribe null en el campo destino, borrándolo;https://docs.dynatrace.com/docs/platform/grail/smartscape-on-grail
FT-013;other;sup-smartscape-events;Smartscape events: upserts parciales y borrado con null;single;precision;advanced;"se transforman en upserts de Smartscape; los eventos en sí no se persisten como registros";https://docs.dynatrace.com/docs/platform/grail/smartscape-on-grail
E-056;other;sup-smartscape-on-grail;Smartscape on Grail: IDs, lifetime, edges y retención;single;precision;advanced;los nodos y edges de Smartscape son mutables y pueden cambiar con el tiempo;https://docs.dynatrace.com/docs/platform/grail/smartscape-on-grail
E-057;other;sup-smartscape-on-grail;Smartscape on Grail: IDs, lifetime, edges y retención;single;scenario;advanced;Una consulta solo devuelve los nodos cuyo lifetime solapa el timeframe consultado;https://docs.dynatrace.com/docs/platform/grail/smartscape-on-grail
E-058;other;sup-smartscape-on-grail;Smartscape on Grail: IDs, lifetime, edges y retención;single;scenario;advanced;Las edges pueden ser static, que heredan el lifetime del nodo (por ejemplo, un disco conectado a un host según su configuración), o dynamic, que se registran para un momento concreto;https://docs.dynatrace.com/docs/platform/grail/smartscape-on-grail
E-059;other;sup-smartscape-on-grail;Smartscape on Grail: IDs, lifetime, edges y retención;single;practical;advanced;Todas las static edges se pueden consultar desde el nodo origen con el campo references, que se muestra con fieldsAdd references;https://docs.dynatrace.com/docs/platform/grail/smartscape-on-grail
FT-001;other;sup-smartscape-on-grail;Smartscape on Grail: IDs, lifetime, edges y retención;single;precision;advanced;Un Smartscape ID combina el entity type y un número de 16 símbolos;https://docs.dynatrace.com/docs/platform/grail/smartscape-on-grail
FT-002;other;sup-smartscape-on-grail;Smartscape on Grail: IDs, lifetime, edges y retención;single;scenario;advanced;así que puedes comparar un string con un Smartscape ID;https://docs.dynatrace.com/docs/platform/grail/smartscape-on-grail
FT-003;other;sup-smartscape-on-grail;Smartscape on Grail: IDs, lifetime, edges y retención;single;precision;advanced;los node types se escriben siempre en mayúsculas, como HOST, K8S_NAMESPACE o AWS_EC2_INSTANCE;https://docs.dynatrace.com/docs/platform/grail/smartscape-on-grail
FT-004;other;sup-smartscape-on-grail;Smartscape on Grail: IDs, lifetime, edges y retención;single;scenario;advanced;lifetime.end (la última vez que se observó), que se actualiza con cada upsert mientras el nodo se sigue observando;https://docs.dynatrace.com/docs/platform/grail/smartscape-on-grail
FT-005;other;sup-smartscape-on-grail;Smartscape on Grail: IDs, lifetime, edges y retención;single;precision;advanced;Los timeframes que empiezan hace menos de 15 minutos se amplían automáticamente a 15 minutos;https://docs.dynatrace.com/docs/platform/grail/smartscape-on-grail
FT-006;other;sup-smartscape-on-grail;Smartscape on Grail: IDs, lifetime, edges y retención;single;precision;advanced;se borran los nodos cuyo lifetime.end tiene más de 35 días, con todas sus static edges;https://docs.dynatrace.com/docs/platform/grail/smartscape-on-grail
FT-007;other;sup-smartscape-on-grail;Smartscape on Grail: IDs, lifetime, edges y retención;single;scenario;advanced;"mediante campos dt.smartscape.<type> (en la documentación, dt.smartscape.__type__; por ejemplo, dt.smartscape.host) que contienen Smartscape IDs";https://docs.dynatrace.com/docs/platform/grail/smartscape-on-grail
FT-008;other;sup-smartscape-on-grail;Smartscape on Grail: IDs, lifetime, edges y retención;single;scenario;advanced;El campo id_classic contiene el entity ID de la entidad Classic correspondiente, cuando existe;https://docs.dynatrace.com/docs/platform/grail/smartscape-on-grail
FT-009;other;sup-smartscape-on-grail;Smartscape on Grail: IDs, lifetime, edges y retención;single;precision;advanced;solo los nodos se pueden filtrar con segmentos, las edges no;https://docs.dynatrace.com/docs/platform/grail/smartscape-on-grail
FT-014;other;sup-smartscape-on-grail;Smartscape on Grail: IDs, lifetime, edges y retención;single;precision;advanced;aws.tags.* pasa a ser tags:aws[*], de modo que aws.tags.team aparece como tags:aws[team];https://docs.dynatrace.com/docs/platform/grail/smartscape-on-grail
G-187;other;sup-smartscape-on-grail;Smartscape on Grail: IDs, lifetime, edges y retención;single;knowledge;intermediate;permite consultarlos con DQL (smartscapeNodes, smartscapeEdges, traverse) desde Notebooks y Dashboards;https://docs.dynatrace.com/docs/platform/grail/smartscape-on-grail | https://docs.dynatrace.com/docs/platform/grail/dynatrace-query-language/commands/smartscape-commands
R-OTH-05;other;sup-smartscape-on-grail;Smartscape on Grail: IDs, lifetime, edges y retención;single;scenario;intermediate;getNodeName(dt.smartscape.host) devuelve el nombre del nodo;https://docs.dynatrace.com/docs/platform/grail/smartscape-on-grail
R-OTH-16;other;sup-smartscape-on-grail;Smartscape on Grail: IDs, lifetime, edges y retención;multiple;knowledge;intermediate;los nodos tienen un campo dt.security_context que puede contener varios valores;https://docs.dynatrace.com/docs/platform/grail/smartscape-on-grail
R-OTH-28;other;sup-smartscape-on-grail;Smartscape on Grail: IDs, lifetime, edges y retención;single;practical;advanced;smartscapeNodes CONTAINER | summarize by:references[runs_on.host], count() resume los contenedores por el host en el que se ejecutan;https://docs.dynatrace.com/docs/platform/grail/smartscape-on-grail | https://docs.dynatrace.com/docs/semantic-dictionary/model/smartscape/core
